date,product_id,product_name,region,units_sold,revenue,price,promotion_flag
2014-01-01,SKU000,Product A0,South,41,10822.77,263.97,1
2014-01-01,SKU000,Product A0,East,9,2909.88,323.32,0
2014-01-01,SKU000,Product A0,West,74,21727.14,293.61,1
2014-01-01,SKU001,Product A1,North,45,12609.0,280.2,1
2014-01-01,SKU002,Product A2,South,14,1671.18,119.37,0
2014-01-01,SKU002,Product A2,East,14,1671.18,119.37,0
2014-01-01,SKU003,Product A3,South,28,9564.24,341.58,0
2014-01-01,SKU003,Product A3,West,7,2055.83,293.69,1
2014-01-01,SKU004,Product A4,East,11,578.6,52.6,0
2014-01-01,SKU004,Product A4,West,45,2367.0,52.6,0
2014-01-01,SKU005,Product A5,South,24,613.68,25.57,0
2014-01-01,SKU005,Product A5,West,18,460.26,25.57,0
2014-01-01,SKU006,Product A6,North,14,1246.42,89.03,1
2014-01-01,SKU006,Product A6,South,21,2459.73,117.13,0
2014-01-01,SKU006,Product A6,East,16,1874.08,117.13,0
2014-01-01,SKU006,Product A6,West,45,4293.9,95.42,1
2014-01-01,SKU007,Product A7,North,62,16247.72,262.06,1
2014-01-01,SKU007,Product A7,East,15,4574.85,304.99,0
2014-01-01,SKU007,Product A7,West,39,10084.62,258.58,1
2014-01-01,SKU008,Product A8,North,7,752.01,107.43,0
2014-01-01,SKU008,Product A8,South,39,4189.77,107.43,0
2014-01-01,SKU008,Product A8,East,7,752.01,107.43,0
2014-01-01,SKU008,Product A8,West,39,4189.77,107.43,0
2014-01-01,SKU009,Product A9,North,31,6682.36,215.56,0
2014-01-01,SKU009,Product A9,South,31,5489.79,177.09,1
2014-01-01,SKU009,Product A9,West,15,2676.9,178.46,1
2014-01-01,SKU010,Product B0,North,16,4779.84,298.74,0
2014-01-01,SKU010,Product B0,South,10,2987.4,298.74,0
2014-01-01,SKU010,Product B0,West,49,12396.02,252.98,1
2014-01-01,SKU011,Product B1,North,7,2672.74,381.82,0
2014-01-01,SKU011,Product B1,South,35,13363.7,381.82,0
2014-01-01,SKU012,Product B2,North,15,5281.35,352.09,0
2014-01-01,SKU012,Product B2,West,61,21477.49,352.09,0
2014-01-01,SKU013,Product B3,South,16,1852.8,115.8,1
2014-01-01,SKU013,Product B3,East,23,2767.59,120.33,1
2014-01-01,SKU014,Product B4,South,52,21173.88,407.19,1
2014-01-01,SKU014,Product B4,East,37,13493.16,364.68,1
2014-01-01,SKU015,Product B5,South,41,2017.61,49.21,1
2014-01-01,SKU016,Product B6,South,24,1377.36,57.39,0
2014-01-01,SKU017,Product B7,East,21,6422.43,305.83,0
2014-01-01,SKU017,Product B7,West,33,10092.39,305.83,0
2014-01-01,SKU018,Product B8,South,27,8658.9,320.7,1
2014-01-01,SKU018,Product B8,East,31,9674.17,312.07,1
2014-01-01,SKU018,Product B8,West,29,9020.45,311.05,1
2014-01-01,SKU019,Product B9,North,48,3181.92,66.29,1
2014-01-01,SKU019,Product B9,East,45,3202.2,71.16,0
2014-01-01,SKU019,Product B9,West,31,1669.04,53.84,1
2014-01-01,SKU020,Product C0,North,52,2527.72,48.61,0
2014-01-01,SKU020,Product C0,East,29,1409.69,48.61,0
2014-01-01,SKU020,Product C0,West,62,3013.82,48.61,0
2014-01-01,SKU021,Product C1,North,30,12492.3,416.41,0
2014-01-01,SKU021,Product C1,South,65,27066.65,416.41,0
2014-01-01,SKU021,Product C1,East,25,10410.25,416.41,0
2014-01-01,SKU021,Product C1,West,49,20404.09,416.41,0
2014-01-01,SKU022,Product C2,North,40,17754.8,443.87,0
2014-01-01,SKU022,Product C2,South,9,3994.83,443.87,0
2014-01-01,SKU022,Product C2,East,24,8028.72,334.53,1
2014-01-01,SKU022,Product C2,West,41,18198.67,443.87,0
2014-01-01,SKU023,Product C3,South,61,15158.5,248.5,1
2014-01-01,SKU023,Product C3,East,14,4100.6,292.9,0
2014-01-01,SKU023,Product C3,West,27,7908.3,292.9,0
2014-01-01,SKU024,Product C4,North,41,1330.45,32.45,0
2014-01-01,SKU024,Product C4,West,39,1265.55,32.45,0
2014-01-01,SKU025,Product C5,North,37,14385.6,388.8,0
2014-01-01,SKU025,Product C5,South,41,15940.8,388.8,0
2014-01-01,SKU025,Product C5,West,25,7627.25,305.09,1
2014-01-01,SKU026,Product C6,North,45,19309.95,429.11,0
2014-01-01,SKU026,Product C6,South,7,3003.77,429.11,0
2014-01-01,SKU026,Product C6,East,38,16306.18,429.11,0
2014-01-01,SKU026,Product C6,West,26,11156.86,429.11,0
2014-01-01,SKU027,Product C7,South,50,9813.0,196.26,0
2014-01-01,SKU027,Product C7,East,28,5495.28,196.26,0
2014-01-01,SKU027,Product C7,West,19,3728.94,196.26,0
2014-01-01,SKU028,Product C8,North,34,8900.86,261.79,1
2014-01-01,SKU028,Product C8,East,21,6751.29,321.49,0
2014-01-01,SKU029,Product C9,North,39,2808.78,72.02,1
2014-01-01,SKU029,Product C9,South,37,2504.53,67.69,1
2014-01-01,SKU029,Product C9,East,7,627.9,89.7,0
2014-01-01,SKU029,Product C9,West,19,1704.3,89.7,0
2014-01-01,SKU030,Product D0,North,42,4731.72,112.66,0
2014-01-01,SKU030,Product D0,South,8,901.28,112.66,0
2014-01-01,SKU030,Product D0,East,45,5069.7,112.66,0
2014-01-01,SKU030,Product D0,West,63,7097.58,112.66,0
2014-01-01,SKU031,Product D1,North,53,18756.17,353.89,0
2014-01-01,SKU031,Product D1,South,59,18019.19,305.41,1
2014-01-01,SKU031,Product D1,East,42,14863.38,353.89,0
2014-01-01,SKU032,Product D2,North,50,15423.5,308.47,0
2014-01-01,SKU032,Product D2,South,33,8980.95,272.15,1
2014-01-01,SKU032,Product D2,East,39,12030.33,308.47,0
2014-01-01,SKU032,Product D2,West,22,6786.34,308.47,0
2014-01-01,SKU033,Product D3,North,53,12849.32,242.44,1
2014-01-01,SKU033,Product D3,South,34,9238.82,271.73,0
2014-01-01,SKU033,Product D3,East,50,11543.0,230.86,1
2014-01-01,SKU033,Product D3,West,45,12227.85,271.73,0
2014-01-01,SKU034,Product D4,North,52,4019.6,77.3,1
2014-01-01,SKU034,Product D4,South,54,4186.62,77.53,1
2014-01-01,SKU034,Product D4,East,59,4065.69,68.91,1
2014-01-01,SKU034,Product D4,West,19,1711.33,90.07,0
2014-01-01,SKU035,Product D5,North,9,1280.43,142.27,0
2014-01-01,SKU035,Product D5,South,40,4795.2,119.88,1
2014-01-01,SKU035,Product D5,West,39,4848.09,124.31,1
2014-01-01,SKU036,Product D6,North,77,7582.19,98.47,1
2014-01-01,SKU036,Product D6,South,40,4704.4,117.61,0
2014-01-01,SKU036,Product D6,East,60,7056.6,117.61,0
2014-01-01,SKU036,Product D6,West,15,1497.9,99.86,1
2014-01-01,SKU037,Product D7,North,18,7614.0,423.0,0
2014-01-01,SKU037,Product D7,South,33,13959.0,423.0,0
2014-01-01,SKU037,Product D7,West,44,18612.0,423.0,0
2014-01-01,SKU038,Product D8,North,17,2077.91,122.23,0
2014-01-01,SKU038,Product D8,West,19,2322.37,122.23,0
2014-01-01,SKU039,Product D9,South,41,16583.27,404.47,0
2014-01-01,SKU039,Product D9,East,38,15369.86,404.47,0
2014-01-01,SKU040,Product E0,North,5,705.95,141.19,0
2014-01-01,SKU040,Product E0,South,8,853.92,106.74,1
2014-01-01,SKU040,Product E0,West,49,6918.31,141.19,0
2014-01-01,SKU041,Product E1,North,51,23329.44,457.44,0
2014-01-01,SKU041,Product E1,South,14,6404.16,457.44,0
2014-01-01,SKU041,Product E1,East,39,17840.16,457.44,0
2014-01-01,SKU041,Product E1,West,21,9606.24,457.44,0
2014-01-01,SKU042,Product E2,South,58,22371.18,385.71,1
2014-01-01,SKU042,Product E2,East,7,3075.94,439.42,0
2014-01-01,SKU042,Product E2,West,76,29872.56,393.06,1
2014-01-01,SKU043,Product E3,North,7,758.45,108.35,1
2014-01-01,SKU043,Product E3,South,15,1712.85,114.19,0
2014-01-01,SKU043,Product E3,East,49,5595.31,114.19,0
2014-01-01,SKU043,Product E3,West,47,5366.93,114.19,0
2014-01-01,SKU044,Product E4,North,30,4589.1,152.97,1
2014-01-01,SKU044,Product E4,West,66,11850.96,179.56,1
2014-01-01,SKU045,Product E5,North,47,3760.47,80.01,0
2014-01-01,SKU045,Product E5,South,26,1792.7,68.95,1
2014-01-01,SKU046,Product E6,North,61,7141.27,117.07,1
2014-01-01,SKU046,Product E6,South,50,6063.5,121.27,1
2014-01-01,SKU046,Product E6,East,14,1502.9,107.35,1
2014-01-01,SKU047,Product E7,North,70,16295.3,232.79,1
2014-01-01,SKU047,Product E7,East,66,14657.94,222.09,1
2014-01-01,SKU048,Product E8,South,14,2386.16,170.44,1
2014-01-01,SKU048,Product E8,East,4,709.24,177.31,1
2014-01-01,SKU048,Product E8,West,39,6658.08,170.72,1
2014-01-01,SKU049,Product E9,North,34,6994.14,205.71,0
2014-01-01,SKU049,Product E9,South,40,8228.4,205.71,0
2014-01-01,SKU049,Product E9,West,28,5759.88,205.71,0
2014-01-02,SKU000,Product A0,North,31,10022.92,323.32,0
2014-01-02,SKU000,Product A0,South,34,10992.88,323.32,0
2014-01-02,SKU000,Product A0,East,22,7113.04,323.32,0
2014-01-02,SKU000,Product A0,West,25,8083.0,323.32,0
2014-01-02,SKU001,Product A1,South,13,4853.68,373.36,0
2014-01-02,SKU003,Product A3,South,19,6490.02,341.58,0
2014-01-02,SKU003,Product A3,East,61,16972.64,278.24,1
2014-01-02,SKU003,Product A3,West,20,6831.6,341.58,0
2014-01-02,SKU004,Product A4,North,17,894.2,52.6,0
2014-01-02,SKU004,Product A4,South,40,2104.0,52.6,0
2014-01-02,SKU004,Product A4,East,22,1157.2,52.6,0
2014-01-02,SKU005,Product A5,North,22,562.54,25.57,0
2014-01-02,SKU005,Product A5,South,6,153.42,25.57,0
2014-01-02,SKU006,Product A6,West,18,2108.34,117.13,0
2014-01-02,SKU007,Product A7,North,46,14029.54,304.99,0
2014-01-02,SKU007,Product A7,South,57,14517.33,254.69,1
2014-01-02,SKU007,Product A7,West,45,12675.6,281.68,1
2014-01-02,SKU008,Product A8,North,29,2509.66,86.54,1
2014-01-02,SKU008,Product A8,South,28,2611.0,93.25,1
2014-01-02,SKU009,Product A9,North,14,3017.84,215.56,0
2014-01-02,SKU009,Product A9,East,13,2802.28,215.56,0
2014-01-02,SKU009,Product A9,West,27,5254.74,194.62,1
2014-01-02,SKU010,Product B0,South,22,6572.28,298.74,0
2014-01-02,SKU011,Product B1,North,16,6109.12,381.82,0
2014-01-02,SKU011,Product B1,South,21,7093.59,337.79,1
2014-01-02,SKU011,Product B1,West,18,6872.76,381.82,0
2014-01-02,SKU012,Product B2,East,28,8079.12,288.54,1
2014-01-02,SKU012,Product B2,West,68,20440.12,300.59,1
2014-01-02,SKU013,Product B3,North,5,665.95,133.19,1
2014-01-02,SKU013,Product B3,East,35,4478.95,127.97,1
2014-01-02,SKU013,Product B3,West,40,5846.4,146.16,0
2014-01-02,SKU014,Product B4,South,35,16766.05,479.03,0
2014-01-02,SKU014,Product B4,East,73,28399.19,389.03,1
2014-01-02,SKU014,Product B4,West,20,9580.6,479.03,0
2014-01-02,SKU015,Product B5,South,37,2222.96,60.08,0
2014-01-02,SKU015,Product B5,East,16,863.36,53.96,1
2014-01-02,SKU015,Product B5,West,14,841.12,60.08,0
2014-01-02,SKU016,Product B6,North,27,1549.53,57.39,0
2014-01-02,SKU016,Product B6,South,23,1319.97,57.39,0
2014-01-02,SKU016,Product B6,East,22,1262.58,57.39,0
2014-01-02,SKU016,Product B6,West,10,573.9,57.39,0
2014-01-02,SKU017,Product B7,North,7,2140.81,305.83,0
2014-01-02,SKU017,Product B7,South,9,2752.47,305.83,0
2014-01-02,SKU017,Product B7,West,8,2446.64,305.83,0
2014-01-02,SKU018,Product B8,North,35,12864.95,367.57,0
2014-01-02,SKU018,Product B8,South,8,2940.56,367.57,0
2014-01-02,SKU018,Product B8,East,19,6983.83,367.57,0
2014-01-02,SKU019,Product B9,East,40,2846.4,71.16,0
2014-01-02,SKU019,Product B9,West,35,2490.6,71.16,0
2014-01-02,SKU020,Product C0,South,20,972.2,48.61,0
2014-01-02,SKU020,Product C0,East,44,1914.0,43.5,1
2014-01-02,SKU021,Product C1,North,25,10410.25,416.41,0
2014-01-02,SKU021,Product C1,South,24,9993.84,416.41,0
2014-01-02,SKU021,Product C1,East,5,2082.05,416.41,0
2014-01-02,SKU021,Product C1,West,7,2914.87,416.41,0
2014-01-02,SKU022,Product C2,North,26,11540.62,443.87,0
2014-01-02,SKU022,Product C2,South,22,9765.14,443.87,0
2014-01-02,SKU022,Product C2,East,31,13759.97,443.87,0
2014-01-02,SKU022,Product C2,West,26,11540.62,443.87,0
2014-01-02,SKU023,Product C3,West,7,2050.3,292.9,0
2014-01-02,SKU024,Product C4,North,25,811.25,32.45,0
2014-01-02,SKU024,Product C4,South,56,1688.4,30.15,1
2014-01-02,SKU024,Product C4,East,9,292.05,32.45,0
2014-01-02,SKU024,Product C4,West,46,1492.7,32.45,0
2014-01-02,SKU025,Product C5,North,17,6609.6,388.8,0
2014-01-02,SKU025,Product C5,South,66,23779.14,360.29,1
2014-01-02,SKU025,Product C5,East,24,9331.2,388.8,0
2014-01-02,SKU026,Product C6,North,9,3861.99,429.11,0
2014-01-02,SKU026,Product C6,South,17,7294.87,429.11,0
2014-01-02,SKU027,Product C7,South,10,1962.6,196.26,0
2014-01-02,SKU027,Product C7,East,29,5691.54,196.26,0
2014-01-02,SKU027,Product C7,West,33,6476.58,196.26,0
2014-01-02,SKU028,Product C8,North,37,11895.13,321.49,0
2014-01-02,SKU028,Product C8,South,34,10930.66,321.49,0
2014-01-02,SKU028,Product C8,East,33,10609.17,321.49,0
2014-01-02,SKU028,Product C8,West,23,7394.27,321.49,0
2014-01-02,SKU029,Product C9,North,40,3335.6,83.39,1
2014-01-02,SKU029,Product C9,South,29,2601.3,89.7,0
2014-01-02,SKU030,Product D0,North,38,4281.08,112.66,0
2014-01-02,SKU030,Product D0,South,15,1689.9,112.66,0
2014-01-02,SKU031,Product D1,South,31,10970.59,353.89,0
2014-01-02,SKU031,Product D1,East,28,9908.92,353.89,0
2014-01-02,SKU031,Product D1,West,18,6370.02,353.89,0
2014-01-02,SKU032,Product D2,North,7,2159.29,308.47,0
2014-01-02,SKU032,Product D2,South,9,2776.23,308.47,0
2014-01-02,SKU032,Product D2,East,51,15731.97,308.47,0
2014-01-02,SKU032,Product D2,West,11,2892.56,262.96,1
2014-01-02,SKU033,Product D3,North,19,5162.87,271.73,0
2014-01-02,SKU033,Product D3,South,31,8423.63,271.73,0
2014-01-02,SKU033,Product D3,West,67,16395.57,244.71,1
2014-01-02,SKU034,Product D4,North,16,1441.12,90.07,0
2014-01-02,SKU034,Product D4,East,21,1891.47,90.07,0
2014-01-02,SKU034,Product D4,West,9,810.63,90.07,0
2014-01-02,SKU035,Product D5,South,36,5121.72,142.27,0
2014-01-02,SKU035,Product D5,East,19,2703.13,142.27,0
2014-01-02,SKU035,Product D5,West,44,6259.88,142.27,0
2014-01-02,SKU036,Product D6,North,24,2822.64,117.61,0
2014-01-02,SKU036,Product D6,East,23,2705.03,117.61,0
2014-01-02,SKU037,Product D7,East,51,21573.0,423.0,0
2014-01-02,SKU037,Product D7,West,22,9306.0,423.0,0
2014-01-02,SKU038,Product D8,North,15,1833.45,122.23,0
2014-01-02,SKU038,Product D8,South,13,1588.99,122.23,0
2014-01-02,SKU038,Product D8,East,10,1222.3,122.23,0
2014-01-02,SKU038,Product D8,West,9,1100.07,122.23,0
2014-01-02,SKU039,Product D9,South,20,8089.4,404.47,0
2014-01-02,SKU040,Product E0,South,25,3529.75,141.19,0
2014-01-02,SKU040,Product E0,West,5,640.45,128.09,1
2014-01-02,SKU041,Product E1,North,5,2287.2,457.44,0
2014-01-02,SKU041,Product E1,South,12,5489.28,457.44,0
2014-01-02,SKU041,Product E1,East,6,2744.64,457.44,0
2014-01-02,SKU041,Product E1,West,47,18128.84,385.72,1
2014-01-02,SKU042,Product E2,North,28,12303.76,439.42,0
2014-01-02,SKU042,Product E2,South,40,15420.4,385.51,1
2014-01-02,SKU042,Product E2,East,19,8348.98,439.42,0
2014-01-02,SKU042,Product E2,West,17,7068.26,415.78,1
2014-01-02,SKU043,Product E3,North,36,4110.84,114.19,0
2014-01-02,SKU043,Product E3,South,21,2397.99,114.19,0
2014-01-02,SKU043,Product E3,East,5,477.4,95.48,1
2014-01-02,SKU043,Product E3,West,40,4567.6,114.19,0
2014-01-02,SKU044,Product E4,North,29,5911.94,203.86,0
2014-01-02,SKU044,Product E4,East,41,8358.26,203.86,0
2014-01-02,SKU044,Product E4,West,49,9989.14,203.86,0
2014-01-02,SKU045,Product E5,North,6,480.06,80.01,0
2014-01-02,SKU045,Product E5,South,20,1600.2,80.01,0
2014-01-02,SKU045,Product E5,East,12,960.12,80.01,0
2014-01-02,SKU045,Product E5,West,8,640.08,80.01,0
2014-01-02,SKU046,Product E6,North,22,2878.7,130.85,0
2014-01-02,SKU046,Product E6,South,22,2878.7,130.85,0
2014-01-02,SKU046,Product E6,East,29,3794.65,130.85,0
2014-01-02,SKU047,Product E7,South,47,12882.7,274.1,0
2014-01-02,SKU047,Product E7,East,7,1918.7,274.1,0
2014-01-02,SKU047,Product E7,West,41,11238.1,274.1,0
2014-01-02,SKU048,Product E8,North,20,4398.6,219.93,0
2014-01-02,SKU048,Product E8,South,23,5058.39,219.93,0
2014-01-02,SKU048,Product E8,West,36,7917.48,219.93,0
2014-01-02,SKU049,Product E9,South,4,822.84,205.71,0
2014-01-02,SKU049,Product E9,West,6,1234.26,205.71,0
2014-01-03,SKU000,Product A0,North,25,8083.0,323.32,0
2014-01-03,SKU000,Product A0,South,22,7113.04,323.32,0
2014-01-03,SKU000,Product A0,East,29,9376.28,323.32,0
2014-01-03,SKU000,Product A0,West,7,2263.24,323.32,0
2014-01-03,SKU001,Product A1,North,26,9707.36,373.36,0
2014-01-03,SKU001,Product A1,East,32,11947.52,373.36,0
2014-01-03,SKU001,Product A1,West,9,2775.24,308.36,1
2014-01-03,SKU003,Product A3,North,31,10588.98,341.58,0
2014-01-03,SKU004,Product A4,South,28,1222.76,43.67,1
2014-01-03,SKU004,Product A4,West,35,1841.0,52.6,0
2014-01-03,SKU005,Product A5,South,6,153.42,25.57,0
2014-01-03,SKU005,Product A5,West,30,767.1,25.57,0
2014-01-03,SKU006,Product A6,North,23,2693.99,117.13,0
2014-01-03,SKU006,Product A6,South,17,1991.21,117.13,0
2014-01-03,SKU006,Product A6,East,28,3279.64,117.13,0
2014-01-03,SKU006,Product A6,West,8,937.04,117.13,0
2014-01-03,SKU007,Product A7,North,11,3354.89,304.99,0
2014-01-03,SKU007,Product A7,South,40,12199.6,304.99,0
2014-01-03,SKU007,Product A7,East,48,14639.52,304.99,0
2014-01-03,SKU007,Product A7,West,38,11589.62,304.99,0
2014-01-03,SKU008,Product A8,North,28,3008.04,107.43,0
2014-01-03,SKU008,Product A8,East,25,2685.75,107.43,0
2014-01-03,SKU008,Product A8,West,45,4834.35,107.43,0
2014-01-03,SKU009,Product A9,North,33,7113.48,215.56,0
2014-01-03,SKU009,Product A9,South,39,8406.84,215.56,0
2014-01-03,SKU009,Product A9,East,20,4311.2,215.56,0
2014-01-03,SKU009,Product A9,West,8,1724.48,215.56,0
2014-01-03,SKU010,Product B0,North,23,6871.02,298.74,0
2014-01-03,SKU010,Product B0,South,37,11053.38,298.74,0
2014-01-03,SKU010,Product B0,East,19,5676.06,298.74,0
2014-01-03,SKU010,Product B0,West,21,5441.94,259.14,1
2014-01-03,SKU011,Product B1,North,30,11454.6,381.82,0
2014-01-03,SKU012,Product B2,East,12,4225.08,352.09,0
2014-01-03,SKU012,Product B2,West,26,7863.44,302.44,1
2014-01-03,SKU013,Product B3,North,46,5877.88,127.78,1
2014-01-03,SKU013,Product B3,South,31,3697.68,119.28,1
2014-01-03,SKU013,Product B3,East,27,3946.32,146.16,0
2014-01-03,SKU013,Product B3,West,36,5261.76,146.16,0
2014-01-03,SKU014,Product B4,North,24,11496.72,479.03,0
2014-01-03,SKU014,Product B4,South,54,24477.66,453.29,1
2014-01-03,SKU014,Product B4,West,27,12933.81,479.03,0
2014-01-03,SKU015,Product B5,North,31,1689.19,54.49,1
2014-01-03,SKU015,Product B5,South,12,720.96,60.08,0
2014-01-03,SKU015,Product B5,East,33,1982.64,60.08,0
2014-01-03,SKU015,Product B5,West,21,1261.68,60.08,0
2014-01-03,SKU016,Product B6,North,34,1951.26,57.39,0
2014-01-03,SKU016,Product B6,East,31,1779.09,57.39,0
2014-01-03,SKU016,Product B6,West,44,2525.16,57.39,0
2014-01-03,SKU017,Product B7,North,45,13762.35,305.83,0
2014-01-03,SKU017,Product B7,South,7,2140.81,305.83,0
2014-01-03,SKU017,Product B7,East,43,13150.69,305.83,0
2014-01-03,SKU018,Product B8,North,56,16525.6,295.1,1
2014-01-03,SKU018,Product B8,South,34,12497.38,367.57,0
2014-01-03,SKU018,Product B8,East,36,13232.52,367.57,0
2014-01-03,SKU018,Product B8,West,11,4043.27,367.57,0
2014-01-03,SKU019,Product B9,South,21,1494.36,71.16,0
2014-01-03,SKU019,Product B9,West,25,1779.0,71.16,0
2014-01-03,SKU020,Product C0,North,35,1701.35,48.61,0
2014-01-03,SKU020,Product C0,East,17,826.37,48.61,0
2014-01-03,SKU020,Product C0,West,21,1020.81,48.61,0
2014-01-03,SKU021,Product C1,North,27,11243.07,416.41,0
2014-01-03,SKU021,Product C1,East,10,4164.1,416.41,0
2014-01-03,SKU022,Product C2,North,29,12872.23,443.87,0
2014-01-03,SKU022,Product C2,South,33,13748.46,416.62,1
2014-01-03,SKU022,Product C2,West,28,12428.36,443.87,0
2014-01-03,SKU023,Product C3,North,10,2929.0,292.9,0
2014-01-03,SKU023,Product C3,South,49,14352.1,292.9,0
2014-01-03,SKU023,Product C3,East,8,2343.2,292.9,0
2014-01-03,SKU023,Product C3,West,7,2050.3,292.9,0
2014-01-03,SKU024,Product C4,South,29,941.05,32.45,0
2014-01-03,SKU024,Product C4,West,28,908.6,32.45,0
2014-01-03,SKU025,Product C5,North,16,6220.8,388.8,0
2014-01-03,SKU025,Product C5,West,24,8635.44,359.81,1
2014-01-03,SKU026,Product C6,North,29,11015.65,379.85,1
2014-01-03,SKU026,Product C6,East,40,17164.4,429.11,0
2014-01-03,SKU027,Product C7,South,17,3336.42,196.26,0
2014-01-03,SKU027,Product C7,West,34,6672.84,196.26,0
2014-01-03,SKU028,Product C8,South,11,3536.39,321.49,0
2014-01-03,SKU029,Product C9,North,10,849.7,84.97,1
2014-01-03,SKU029,Product C9,East,20,1794.0,89.7,0
2014-01-03,SKU030,Product D0,North,24,2703.84,112.66,0
2014-01-03,SKU030,Product D0,South,7,788.62,112.66,0
2014-01-03,SKU030,Product D0,East,40,4506.4,112.66,0
2014-01-03,SKU031,Product D1,North,11,3892.79,353.89,0
2014-01-03,SKU031,Product D1,South,18,5242.32,291.24,1
2014-01-03,SKU031,Product D1,East,29,10262.81,353.89,0
2014-01-03,SKU032,Product D2,West,62,16581.9,267.45,1
2014-01-03,SKU033,Product D3,North,26,7064.98,271.73,0
2014-01-03,SKU033,Product D3,East,26,7064.98,271.73,0
2014-01-03,SKU033,Product D3,West,11,2989.03,271.73,0
2014-01-03,SKU034,Product D4,North,39,2879.76,73.84,1
2014-01-03,SKU034,Product D4,South,33,2972.31,90.07,0
2014-01-03,SKU034,Product D4,West,4,360.28,90.07,0
2014-01-03,SKU035,Product D5,North,25,3556.75,142.27,0
2014-01-03,SKU035,Product D5,South,9,1280.43,142.27,0
2014-01-03,SKU035,Product D5,East,15,2134.05,142.27,0
2014-01-03,SKU036,Product D6,North,24,2822.64,117.61,0
2014-01-03,SKU036,Product D6,South,22,2587.42,117.61,0
2014-01-03,SKU036,Product D6,East,25,2940.25,117.61,0
2014-01-03,SKU036,Product D6,West,44,4899.4,111.35,1
2014-01-03,SKU037,Product D7,East,31,13113.0,423.0,0
2014-01-03,SKU037,Product D7,West,26,10998.0,423.0,0
2014-01-03,SKU038,Product D8,East,38,4644.74,122.23,0
2014-01-03,SKU039,Product D9,North,11,4449.17,404.47,0
2014-01-03,SKU039,Product D9,South,59,21741.5,368.5,1
2014-01-03,SKU039,Product D9,East,17,6875.99,404.47,0
2014-01-03,SKU039,Product D9,West,16,6471.52,404.47,0
2014-01-03,SKU040,Product E0,North,36,5082.84,141.19,0
2014-01-03,SKU040,Product E0,South,25,3529.75,141.19,0
2014-01-03,SKU040,Product E0,East,33,4390.32,133.04,1
2014-01-03,SKU041,Product E1,North,39,15193.62,389.58,1
2014-01-03,SKU041,Product E1,South,28,12808.32,457.44,0
2014-01-03,SKU041,Product E1,East,20,9148.8,457.44,0
2014-01-03,SKU041,Product E1,West,14,6404.16,457.44,0
2014-01-03,SKU042,Product E2,East,34,12496.36,367.54,1
2014-01-03,SKU042,Product E2,West,41,16371.3,399.3,1
2014-01-03,SKU043,Product E3,North,61,5648.6,92.6,1
2014-01-03,SKU043,Product E3,South,41,4681.79,114.19,0
2014-01-03,SKU043,Product E3,West,3,342.57,114.19,0
2014-01-03,SKU045,Product E5,North,35,2800.35,80.01,0
2014-01-03,SKU045,Product E5,South,18,1440.18,80.01,0
2014-01-03,SKU045,Product E5,East,16,1280.16,80.01,0
2014-01-03,SKU045,Product E5,West,34,2720.34,80.01,0
2014-01-03,SKU046,Product E6,North,20,2617.0,130.85,0
2014-01-03,SKU046,Product E6,South,8,1046.8,130.85,0
2014-01-03,SKU046,Product E6,East,23,3009.55,130.85,0
2014-01-03,SKU046,Product E6,West,41,5364.85,130.85,0
2014-01-03,SKU047,Product E7,North,36,9867.6,274.1,0
2014-01-03,SKU047,Product E7,South,44,12060.4,274.1,0
2014-01-03,SKU047,Product E7,West,12,3289.2,274.1,0
2014-01-03,SKU048,Product E8,South,49,10776.57,219.93,0
2014-01-03,SKU048,Product E8,West,40,7219.2,180.48,1
2014-01-03,SKU049,Product E9,North,8,1645.68,205.71,0
2014-01-03,SKU049,Product E9,South,40,8228.4,205.71,0
2014-01-03,SKU049,Product E9,West,3,617.13,205.71,0
2014-01-04,SKU000,Product A0,North,42,13579.44,323.32,0
2014-01-04,SKU000,Product A0,South,43,13902.76,323.32,0
2014-01-04,SKU001,Product A1,North,10,3733.6,373.36,0
2014-01-04,SKU001,Product A1,South,24,8960.64,373.36,0
2014-01-04,SKU001,Product A1,East,34,12694.24,373.36,0
2014-01-04,SKU001,Product A1,West,40,14934.4,373.36,0
2014-01-04,SKU002,Product A2,South,71,7262.59,102.29,1
2014-01-04,SKU002,Product A2,East,6,663.78,110.63,1
2014-01-04,SKU002,Product A2,West,13,1551.81,119.37,0
2014-01-04,SKU003,Product A3,North,59,20153.22,341.58,0
2014-01-04,SKU003,Product A3,South,9,3074.22,341.58,0
2014-01-04,SKU003,Product A3,East,33,11272.14,341.58,0
2014-01-04,SKU003,Product A3,West,18,6148.44,341.58,0
2014-01-04,SKU004,Product A4,South,7,368.2,52.6,0
2014-01-04,SKU004,Product A4,East,31,1630.6,52.6,0
2014-01-04,SKU004,Product A4,West,14,736.4,52.6,0
2014-01-04,SKU005,Product A5,North,19,485.83,25.57,0
2014-01-04,SKU005,Product A5,East,54,1380.78,25.57,0
2014-01-04,SKU006,Product A6,North,25,2928.25,117.13,0
2014-01-04,SKU006,Product A6,South,49,5739.37,117.13,0
2014-01-04,SKU006,Product A6,East,42,4919.46,117.13,0
2014-01-04,SKU006,Product A6,West,31,2988.71,96.41,1
2014-01-04,SKU007,Product A7,North,32,7815.36,244.23,1
2014-01-04,SKU007,Product A7,South,21,5537.91,263.71,1
2014-01-04,SKU007,Product A7,East,7,2134.93,304.99,0
2014-01-04,SKU007,Product A7,West,49,14944.51,304.99,0
2014-01-04,SKU008,Product A8,North,41,4119.27,100.47,1
2014-01-04,SKU008,Product A8,East,16,1718.88,107.43,0
2014-01-04,SKU008,Product A8,West,27,2509.65,92.95,1
2014-01-04,SKU009,Product A9,North,8,1724.48,215.56,0
2014-01-04,SKU009,Product A9,East,51,9297.3,182.3,1
2014-01-04,SKU009,Product A9,West,39,8406.84,215.56,0
2014-01-04,SKU010,Product B0,North,37,11053.38,298.74,0
2014-01-04,SKU010,Product B0,East,26,7767.24,298.74,0
2014-01-04,SKU010,Product B0,West,20,5974.8,298.74,0
2014-01-04,SKU011,Product B1,North,51,19472.82,381.82,0
2014-01-04,SKU011,Product B1,East,25,9545.5,381.82,0
2014-01-04,SKU011,Product B1,West,32,12218.24,381.82,0
2014-01-04,SKU012,Product B2,North,28,9858.52,352.09,0
2014-01-04,SKU012,Product B2,East,38,12405.1,326.45,1
2014-01-04,SKU012,Product B2,West,13,4577.17,352.09,0
2014-01-04,SKU013,Product B3,North,46,6723.36,146.16,0
2014-01-04,SKU013,Product B3,South,41,5992.56,146.16,0
2014-01-04,SKU013,Product B3,East,63,8704.08,138.16,1
2014-01-04,SKU014,Product B4,North,7,3353.21,479.03,0
2014-01-04,SKU014,Product B4,South,21,9531.9,453.9,1
2014-01-04,SKU014,Product B4,East,32,15328.96,479.03,0
2014-01-04,SKU014,Product B4,West,17,8143.51,479.03,0
2014-01-04,SKU015,Product B5,North,50,3004.0,60.08,0
2014-01-04,SKU015,Product B5,South,49,2943.92,60.08,0
2014-01-04,SKU015,Product B5,East,5,300.4,60.08,0
2014-01-04,SKU016,Product B6,North,12,688.68,57.39,0
2014-01-04,SKU016,Product B6,East,26,1492.14,57.39,0
2014-01-04,SKU016,Product B6,West,21,1092.63,52.03,1
2014-01-04,SKU017,Product B7,North,11,3364.13,305.83,0
2014-01-04,SKU017,Product B7,East,16,4893.28,305.83,0
2014-01-04,SKU017,Product B7,West,27,8257.41,305.83,0
2014-01-04,SKU018,Product B8,North,48,17643.36,367.57,0
2014-01-04,SKU018,Product B8,West,29,10659.53,367.57,0
2014-01-04,SKU019,Product B9,North,84,4872.84,58.01,1
2014-01-04,SKU019,Product B9,South,26,1666.34,64.09,1
2014-01-04,SKU019,Product B9,West,30,2134.8,71.16,0
2014-01-04,SKU020,Product C0,North,35,1701.35,48.61,0
2014-01-04,SKU020,Product C0,East,45,2187.45,48.61,0
2014-01-04,SKU020,Product C0,West,17,826.37,48.61,0
2014-01-04,SKU021,Product C1,North,33,13741.53,416.41,0
2014-01-04,SKU021,Product C1,South,25,10410.25,416.41,0
2014-01-04,SKU021,Product C1,East,56,23318.96,416.41,0
2014-01-04,SKU021,Product C1,West,17,7078.97,416.41,0
2014-01-04,SKU022,Product C2,North,9,3994.83,443.87,0
2014-01-04,SKU022,Product C2,South,19,8433.53,443.87,0
2014-01-04,SKU022,Product C2,East,33,14647.71,443.87,0
2014-01-04,SKU023,Product C3,North,14,3748.64,267.76,1
2014-01-04,SKU023,Product C3,South,33,9665.7,292.9,0
2014-01-04,SKU023,Product C3,East,51,12206.34,239.34,1
2014-01-04,SKU024,Product C4,North,7,227.15,32.45,0
2014-01-04,SKU024,Product C4,South,23,746.35,32.45,0
2014-01-04,SKU024,Product C4,West,6,194.7,32.45,0
2014-01-04,SKU025,Product C5,South,13,5054.4,388.8,0
2014-01-04,SKU025,Product C5,West,32,12441.6,388.8,0
2014-01-04,SKU026,Product C6,North,33,14160.63,429.11,0
2014-01-04,SKU026,Product C6,South,8,3432.88,429.11,0
2014-01-04,SKU026,Product C6,East,13,5578.43,429.11,0
2014-01-04,SKU026,Product C6,West,27,11585.97,429.11,0
2014-01-04,SKU027,Product C7,East,37,7261.62,196.26,0
2014-01-04,SKU028,Product C8,North,10,3214.9,321.49,0
2014-01-04,SKU028,Product C8,West,27,8680.23,321.49,0
2014-01-04,SKU029,Product C9,North,27,2421.9,89.7,0
2014-01-04,SKU029,Product C9,East,41,3677.7,89.7,0
2014-01-04,SKU030,Product D0,North,44,4541.24,103.21,1
2014-01-04,SKU030,Product D0,East,51,5745.66,112.66,0
2014-01-04,SKU031,Product D1,North,37,13093.93,353.89,0
2014-01-04,SKU031,Product D1,South,20,7077.8,353.89,0
2014-01-04,SKU031,Product D1,East,41,14509.49,353.89,0
2014-01-04,SKU032,Product D2,North,51,15731.97,308.47,0
2014-01-04,SKU032,Product D2,South,17,4948.7,291.1,1
2014-01-04,SKU032,Product D2,East,15,4627.05,308.47,0
2014-01-04,SKU033,Product D3,South,23,6249.79,271.73,0
2014-01-04,SKU033,Product D3,West,31,8423.63,271.73,0
2014-01-04,SKU034,Product D4,South,12,942.0,78.5,1
2014-01-04,SKU034,Product D4,East,55,4218.5,76.7,1
2014-01-04,SKU035,Product D5,North,25,3556.75,142.27,0
2014-01-04,SKU035,Product D5,East,22,3129.94,142.27,0
2014-01-04,SKU035,Product D5,West,13,1849.51,142.27,0
2014-01-04,SKU036,Product D6,North,28,3293.08,117.61,0
2014-01-04,SKU036,Product D6,South,18,2116.98,117.61,0
2014-01-04,SKU036,Product D6,East,45,5292.45,117.61,0
2014-01-04,SKU037,Product D7,North,12,5076.0,423.0,0
2014-01-04,SKU037,Product D7,East,10,4230.0,423.0,0
2014-01-04,SKU037,Product D7,West,44,18612.0,423.0,0
2014-01-04,SKU038,Product D8,South,56,6844.88,122.23,0
2014-01-04,SKU038,Product D8,East,19,2322.37,122.23,0
2014-01-04,SKU038,Product D8,West,26,2780.44,106.94,1
2014-01-04,SKU039,Product D9,North,6,2426.82,404.47,0
2014-01-04,SKU039,Product D9,South,38,15369.86,404.47,0
2014-01-04,SKU039,Product D9,East,43,17392.21,404.47,0
2014-01-04,SKU039,Product D9,West,6,2426.82,404.47,0
2014-01-04,SKU040,Product E0,East,24,3388.56,141.19,0
2014-01-04,SKU040,Product E0,West,45,6353.55,141.19,0
2014-01-04,SKU041,Product E1,North,11,5031.84,457.44,0
2014-01-04,SKU041,Product E1,South,22,10063.68,457.44,0
2014-01-04,SKU041,Product E1,East,44,20127.36,457.44,0
2014-01-04,SKU041,Product E1,West,7,3202.08,457.44,0
2014-01-04,SKU042,Product E2,South,14,6151.88,439.42,0
2014-01-04,SKU042,Product E2,East,30,13182.6,439.42,0
2014-01-04,SKU042,Product E2,West,12,5273.04,439.42,0
2014-01-04,SKU043,Product E3,South,26,2968.94,114.19,0
2014-01-04,SKU043,Product E3,West,14,1598.66,114.19,0
2014-01-04,SKU044,Product E4,South,5,1019.3,203.86,0
2014-01-04,SKU044,Product E4,East,23,4688.78,203.86,0
2014-01-04,SKU044,Product E4,West,41,7764.17,189.37,1
2014-01-04,SKU045,Product E5,North,13,1040.13,80.01,0
2014-01-04,SKU045,Product E5,South,25,2000.25,80.01,0
2014-01-04,SKU045,Product E5,East,6,480.06,80.01,0
2014-01-04,SKU045,Product E5,West,7,560.07,80.01,0
2014-01-04,SKU046,Product E6,South,20,2617.0,130.85,0
2014-01-04,SKU046,Product E6,East,10,1179.0,117.9,1
2014-01-04,SKU046,Product E6,West,47,6149.95,130.85,0
2014-01-04,SKU047,Product E7,North,40,10964.0,274.1,0
2014-01-04,SKU047,Product E7,South,13,2957.89,227.53,1
2014-01-04,SKU047,Product E7,East,36,9867.6,274.1,0
2014-01-04,SKU048,Product E8,West,15,3298.95,219.93,0
2014-01-04,SKU049,Product E9,North,34,6994.14,205.71,0
2014-01-04,SKU049,Product E9,West,42,8639.82,205.71,0
2014-01-05,SKU000,Product A0,North,17,5496.44,323.32,0
2014-01-05,SKU000,Product A0,South,12,3266.76,272.23,1
2014-01-05,SKU000,Product A0,East,35,11316.2,323.32,0
2014-01-05,SKU000,Product A0,West,10,3233.2,323.32,0
2014-01-05,SKU001,Product A1,North,21,7840.56,373.36,0
2014-01-05,SKU001,Product A1,South,10,3733.6,373.36,0
2014-01-05,SKU001,Product A1,East,32,11947.52,373.36,0
2014-01-05,SKU001,Product A1,West,18,6720.48,373.36,0
2014-01-05,SKU002,Product A2,North,40,4142.0,103.55,1
2014-01-05,SKU002,Product A2,South,33,3939.21,119.37,0
2014-01-05,SKU002,Product A2,East,30,3298.8,109.96,1
2014-01-05,SKU003,Product A3,North,21,7173.18,341.58,0
2014-01-05,SKU003,Product A3,South,25,8539.5,341.58,0
2014-01-05,SKU003,Product A3,East,20,6831.6,341.58,0
2014-01-05,SKU003,Product A3,West,35,11955.3,341.58,0
2014-01-05,SKU004,Product A4,North,10,526.0,52.6,0
2014-01-05,SKU004,Product A4,South,3,157.8,52.6,0
2014-01-05,SKU004,Product A4,East,19,999.4,52.6,0
2014-01-05,SKU004,Product A4,West,33,1735.8,52.6,0
2014-01-05,SKU005,Product A5,South,7,178.99,25.57,0
2014-01-05,SKU005,Product A5,West,19,485.83,25.57,0
2014-01-05,SKU006,Product A6,North,38,4450.94,117.13,0
2014-01-05,SKU006,Product A6,South,31,3631.03,117.13,0
2014-01-05,SKU006,Product A6,East,13,1522.69,117.13,0
2014-01-05,SKU006,Product A6,West,46,5387.98,117.13,0
2014-01-05,SKU007,Product A7,North,37,11284.63,304.99,0
2014-01-05,SKU007,Product A7,South,22,6709.78,304.99,0
2014-01-05,SKU007,Product A7,West,57,17384.43,304.99,0
2014-01-05,SKU008,Product A8,North,33,3545.19,107.43,0
2014-01-05,SKU008,Product A8,South,31,3330.33,107.43,0
2014-01-05,SKU008,Product A8,East,17,1826.31,107.43,0
2014-01-05,SKU008,Product A8,West,15,1611.45,107.43,0
2014-01-05,SKU009,Product A9,North,53,11424.68,215.56,0
2014-01-05,SKU009,Product A9,South,38,8191.28,215.56,0
2014-01-05,SKU010,Product B0,East,25,7468.5,298.74,0
2014-01-05,SKU011,Product B1,North,36,13745.52,381.82,0
2014-01-05,SKU011,Product B1,South,29,11072.78,381.82,0
2014-01-05,SKU011,Product B1,West,50,19091.0,381.82,0
2014-01-05,SKU012,Product B2,East,18,5291.28,293.96,1
2014-01-05,SKU012,Product B2,West,4,1408.36,352.09,0
2014-01-05,SKU013,Product B3,South,19,2777.04,146.16,0
2014-01-05,SKU013,Product B3,East,4,584.64,146.16,0
2014-01-05,SKU013,Product B3,West,14,2046.24,146.16,0
2014-01-05,SKU014,Product B4,South,53,21460.23,404.91,1
2014-01-05,SKU014,Product B4,East,36,17245.08,479.03,0
2014-01-05,SKU014,Product B4,West,17,8143.51,479.03,0
2014-01-05,SKU015,Product B5,South,22,1321.76,60.08,0
2014-01-05,SKU015,Product B5,East,26,1562.08,60.08,0
2014-01-05,SKU015,Product B5,West,6,360.48,60.08,0
2014-01-05,SKU016,Product B6,North,28,1606.92,57.39,0
2014-01-05,SKU016,Product B6,West,30,1721.7,57.39,0
2014-01-05,SKU017,Product B7,North,7,2140.81,305.83,0
2014-01-05,SKU017,Product B7,South,11,3364.13,305.83,0
2014-01-05,SKU017,Product B7,West,4,1223.32,305.83,0
2014-01-05,SKU018,Product B8,North,24,8821.68,367.57,0
2014-01-05,SKU018,Product B8,South,36,13232.52,367.57,0
2014-01-05,SKU018,Product B8,West,25,9189.25,367.57,0
2014-01-05,SKU019,Product B9,East,39,2775.24,71.16,0
2014-01-05,SKU020,Product C0,North,5,243.05,48.61,0
2014-01-05,SKU020,Product C0,South,18,874.98,48.61,0
2014-01-05,SKU020,Product C0,East,8,388.88,48.61,0
2014-01-05,SKU021,Product C1,South,36,14990.76,416.41,0
2014-01-05,SKU021,Product C1,East,9,3747.69,416.41,0
2014-01-05,SKU021,Product C1,West,44,18322.04,416.41,0
2014-01-05,SKU022,Product C2,North,25,9531.5,381.26,1
2014-01-05,SKU022,Product C2,South,7,3107.09,443.87,0
2014-01-05,SKU022,Product C2,East,49,21749.63,443.87,0
2014-01-05,SKU022,Product C2,West,14,6214.18,443.87,0
2014-01-05,SKU023,Product C3,North,10,2929.0,292.9,0
2014-01-05,SKU023,Product C3,South,39,11423.1,292.9,0
2014-01-05,SKU023,Product C3,East,33,9665.7,292.9,0
2014-01-05,SKU023,Product C3,West,19,5565.1,292.9,0
2014-01-05,SKU024,Product C4,South,15,486.75,32.45,0
2014-01-05,SKU024,Product C4,East,31,1005.95,32.45,0
2014-01-05,SKU025,Product C5,North,9,3499.2,388.8,0
2014-01-05,SKU025,Product C5,South,42,16329.6,388.8,0
2014-01-05,SKU025,Product C5,East,26,9455.94,363.69,1
2014-01-05,SKU025,Product C5,West,43,16718.4,388.8,0
2014-01-05,SKU026,Product C6,North,14,6007.54,429.11,0
2014-01-05,SKU026,Product C6,East,29,10745.66,370.54,1
2014-01-05,SKU026,Product C6,West,34,14589.74,429.11,0
2014-01-05,SKU027,Product C7,North,6,1177.56,196.26,0
2014-01-05,SKU027,Product C7,South,21,4121.46,196.26,0
2014-01-05,SKU027,Product C7,East,51,10009.26,196.26,0
2014-01-05,SKU027,Product C7,West,23,4513.98,196.26,0
2014-01-05,SKU028,Product C8,North,13,4179.37,321.49,0
2014-01-05,SKU028,Product C8,South,27,8680.23,321.49,0
2014-01-05,SKU028,Product C8,West,44,14145.56,321.49,0
2014-01-05,SKU029,Product C9,North,20,1794.0,89.7,0
2014-01-05,SKU029,Product C9,South,21,1883.7,89.7,0
2014-01-05,SKU029,Product C9,East,14,1255.8,89.7,0
2014-01-05,SKU029,Product C9,West,19,1704.3,89.7,0
2014-01-05,SKU030,Product D0,North,25,2816.5,112.66,0
2014-01-05,SKU030,Product D0,South,14,1577.24,112.66,0
2014-01-05,SKU030,Product D0,East,21,2365.86,112.66,0
2014-01-05,SKU030,Product D0,West,16,1802.56,112.66,0
2014-01-05,SKU031,Product D1,North,40,14155.6,353.89,0
2014-01-05,SKU031,Product D1,East,10,3538.9,353.89,0
2014-01-05,SKU031,Product D1,West,65,19067.1,293.34,1
2014-01-05,SKU032,Product D2,South,24,7403.28,308.47,0
2014-01-05,SKU032,Product D2,East,32,9871.04,308.47,0
2014-01-05,SKU032,Product D2,West,13,4010.11,308.47,0
2014-01-05,SKU033,Product D3,North,26,7064.98,271.73,0
2014-01-05,SKU033,Product D3,South,23,6249.79,271.73,0
2014-01-05,SKU033,Product D3,East,52,11409.32,219.41,1
2014-01-05,SKU034,Product D4,North,20,1801.4,90.07,0
2014-01-05,SKU034,Product D4,South,30,2702.1,90.07,0
2014-01-05,SKU034,Product D4,West,42,3782.94,90.07,0
2014-01-05,SKU035,Product D5,North,4,569.08,142.27,0
2014-01-05,SKU036,Product D6,North,34,3998.74,117.61,0
2014-01-05,SKU036,Product D6,South,26,3057.86,117.61,0
2014-01-05,SKU036,Product D6,East,7,823.27,117.61,0
2014-01-05,SKU037,Product D7,South,44,18612.0,423.0,0
2014-01-05,SKU037,Product D7,East,7,2961.0,423.0,0
2014-01-05,SKU037,Product D7,West,18,7614.0,423.0,0
2014-01-05,SKU038,Product D8,South,13,1588.99,122.23,0
2014-01-05,SKU038,Product D8,East,39,4766.97,122.23,0
2014-01-05,SKU038,Product D8,West,6,733.38,122.23,0
2014-01-05,SKU039,Product D9,North,28,11325.16,404.47,0
2014-01-05,SKU039,Product D9,South,47,19010.09,404.47,0
2014-01-05,SKU039,Product D9,West,51,20627.97,404.47,0
2014-01-05,SKU040,Product E0,North,31,4376.89,141.19,0
2014-01-05,SKU040,Product E0,South,39,4510.74,115.66,1
2014-01-05,SKU041,Product E1,North,58,26531.52,457.44,0
2014-01-05,SKU041,Product E1,South,21,9606.24,457.44,0
2014-01-05,SKU041,Product E1,West,21,9606.24,457.44,0
2014-01-05,SKU042,Product E2,North,9,3954.78,439.42,0
2014-01-05,SKU042,Product E2,East,16,7030.72,439.42,0
2014-01-05,SKU042,Product E2,West,22,9667.24,439.42,0
2014-01-05,SKU043,Product E3,North,15,1712.85,114.19,0
2014-01-05,SKU043,Product E3,West,58,5628.9,97.05,1
2014-01-05,SKU044,Product E4,North,5,1019.3,203.86,0
2014-01-05,SKU044,Product E4,East,14,2854.04,203.86,0
2014-01-05,SKU044,Product E4,West,41,8358.26,203.86,0
2014-01-05,SKU045,Product E5,North,40,2656.0,66.4,1
2014-01-05,SKU045,Product E5,South,28,2240.28,80.01,0
2014-01-05,SKU045,Product E5,East,5,400.05,80.01,0
2014-01-05,SKU045,Product E5,West,29,2031.45,70.05,1
2014-01-05,SKU046,Product E6,North,6,785.1,130.85,0
2014-01-05,SKU046,Product E6,East,24,3140.4,130.85,0
2014-01-05,SKU046,Product E6,West,32,4187.2,130.85,0
2014-01-05,SKU047,Product E7,East,15,4111.5,274.1,0
2014-01-05,SKU047,Product E7,West,6,1644.6,274.1,0
2014-01-05,SKU048,Product E8,North,52,11436.36,219.93,0
2014-01-05,SKU048,Product E8,South,41,9017.13,219.93,0
2014-01-05,SKU048,Product E8,East,14,2781.8,198.7,1
2014-01-05,SKU048,Product E8,West,33,7257.69,219.93,0
2014-01-05,SKU049,Product E9,North,50,10285.5,205.71,0
2014-01-05,SKU049,Product E9,South,46,9462.66,205.71,0
2014-01-05,SKU049,Product E9,West,10,2057.1,205.71,0
2014-01-06,SKU000,Product A0,North,9,2909.88,323.32,0
2014-01-06,SKU001,Product A1,North,29,9468.21,326.49,1
2014-01-06,SKU001,Product A1,East,4,1219.48,304.87,1
2014-01-06,SKU001,Product A1,West,13,4409.73,339.21,1
2014-01-06,SKU002,Product A2,North,37,4416.69,119.37,0
2014-01-06,SKU002,Product A2,South,11,1313.07,119.37,0
2014-01-06,SKU002,Product A2,West,36,4297.32,119.37,0
2014-01-06,SKU003,Product A3,North,5,1532.1,306.42,1
2014-01-06,SKU003,Product A3,West,7,2391.06,341.58,0
2014-01-06,SKU004,Product A4,North,32,1683.2,52.6,0
2014-01-06,SKU004,Product A4,South,35,1841.0,52.6,0
2014-01-06,SKU004,Product A4,West,47,2472.2,52.6,0
2014-01-06,SKU005,Product A5,South,35,894.95,25.57,0
2014-01-06,SKU005,Product A5,East,34,869.38,25.57,0
2014-01-06,SKU005,Product A5,West,50,1278.5,25.57,0
2014-01-06,SKU006,Product A6,South,23,2693.99,117.13,0
2014-01-06,SKU006,Product A6,East,25,2724.0,108.96,1
2014-01-06,SKU007,Product A7,South,49,14944.51,304.99,0
2014-01-06,SKU007,Product A7,East,28,8539.72,304.99,0
2014-01-06,SKU007,Product A7,West,25,7624.75,304.99,0
2014-01-06,SKU008,Product A8,North,42,4512.06,107.43,0
2014-01-06,SKU008,Product A8,South,12,1289.16,107.43,0
2014-01-06,SKU008,Product A8,East,9,966.87,107.43,0
2014-01-06,SKU008,Product A8,West,13,1396.59,107.43,0
2014-01-06,SKU009,Product A9,North,41,7659.21,186.81,1
2014-01-06,SKU009,Product A9,South,40,7541.2,188.53,1
2014-01-06,SKU009,Product A9,East,19,4095.64,215.56,0
2014-01-06,SKU010,Product B0,East,32,9559.68,298.74,0
2014-01-06,SKU010,Product B0,West,26,6473.48,248.98,1
2014-01-06,SKU011,Product B1,North,39,14890.98,381.82,0
2014-01-06,SKU011,Product B1,South,21,8018.22,381.82,0
2014-01-06,SKU011,Product B1,East,20,7636.4,381.82,0
2014-01-06,SKU012,Product B2,North,32,9290.88,290.34,1
2014-01-06,SKU012,Product B2,West,37,12087.16,326.68,1
2014-01-06,SKU013,Product B3,South,16,2338.56,146.16,0
2014-01-06,SKU014,Product B4,North,27,12933.81,479.03,0
2014-01-06,SKU014,Product B4,South,21,10059.63,479.03,0
2014-01-06,SKU014,Product B4,East,32,15328.96,479.03,0
2014-01-06,SKU014,Product B4,West,15,7185.45,479.03,0
2014-01-06,SKU015,Product B5,South,42,2523.36,60.08,0
2014-01-06,SKU015,Product B5,East,23,1381.84,60.08,0
2014-01-06,SKU015,Product B5,West,14,841.12,60.08,0
2014-01-06,SKU016,Product B6,South,8,459.12,57.39,0
2014-01-06,SKU016,Product B6,West,42,2410.38,57.39,0
2014-01-06,SKU017,Product B7,South,12,3669.96,305.83,0
2014-01-06,SKU017,Product B7,East,41,11367.25,277.25,1
2014-01-06,SKU017,Product B7,West,37,11315.71,305.83,0
2014-01-06,SKU018,Product B8,North,23,8454.11,367.57,0
2014-01-06,SKU018,Product B8,West,28,10291.96,367.57,0
2014-01-06,SKU019,Product B9,South,5,287.65,57.53,1
2014-01-06,SKU020,Product C0,North,14,680.54,48.61,0
2014-01-06,SKU020,Product C0,South,23,1118.03,48.61,0
2014-01-06,SKU020,Product C0,East,46,2236.06,48.61,0
2014-01-06,SKU021,Product C1,North,17,7078.97,416.41,0
2014-01-06,SKU021,Product C1,South,45,18738.45,416.41,0
2014-01-06,SKU021,Product C1,East,36,14990.76,416.41,0
2014-01-06,SKU021,Product C1,West,14,5829.74,416.41,0
2014-01-06,SKU022,Product C2,South,20,8877.4,443.87,0
2014-01-06,SKU022,Product C2,East,36,15979.32,443.87,0
2014-01-06,SKU023,Product C3,South,24,6638.64,276.61,1
2014-01-06,SKU023,Product C3,East,5,1464.5,292.9,0
2014-01-06,SKU023,Product C3,West,63,16053.03,254.81,1
2014-01-06,SKU024,Product C4,North,22,713.9,32.45,0
2014-01-06,SKU024,Product C4,South,35,1135.75,32.45,0
2014-01-06,SKU024,Product C4,East,8,259.6,32.45,0
2014-01-06,SKU024,Product C4,West,13,421.85,32.45,0
2014-01-06,SKU025,Product C5,North,41,13281.54,323.94,1
2014-01-06,SKU025,Product C5,South,20,7776.0,388.8,0
2014-01-06,SKU025,Product C5,East,38,14774.4,388.8,0
2014-01-06,SKU026,Product C6,North,36,15447.96,429.11,0
2014-01-06,SKU026,Product C6,South,40,16011.6,400.29,1
2014-01-06,SKU026,Product C6,West,18,7723.98,429.11,0
2014-01-06,SKU027,Product C7,East,37,6787.65,183.45,1
2014-01-06,SKU027,Product C7,West,7,1373.82,196.26,0
2014-01-06,SKU028,Product C8,North,4,1285.96,321.49,0
2014-01-06,SKU028,Product C8,South,18,5786.82,321.49,0
2014-01-06,SKU028,Product C8,East,39,12538.11,321.49,0
2014-01-06,SKU029,Product C9,North,8,717.6,89.7,0
2014-01-06,SKU029,Product C9,South,20,1483.0,74.15,1
2014-01-06,SKU029,Product C9,East,20,1794.0,89.7,0
2014-01-06,SKU029,Product C9,West,32,2586.24,80.82,1
2014-01-06,SKU030,Product D0,North,27,3041.82,112.66,0
2014-01-06,SKU030,Product D0,South,7,788.62,112.66,0
2014-01-06,SKU030,Product D0,East,47,4843.82,103.06,1
2014-01-06,SKU030,Product D0,West,28,3154.48,112.66,0
2014-01-06,SKU031,Product D1,North,30,10616.7,353.89,0
2014-01-06,SKU031,Product D1,South,30,10616.7,353.89,0
2014-01-06,SKU032,Product D2,South,4,1233.88,308.47,0
2014-01-06,SKU032,Product D2,East,4,1233.88,308.47,0
2014-01-06,SKU032,Product D2,West,7,2159.29,308.47,0
2014-01-06,SKU033,Product D3,South,32,8695.36,271.73,0
2014-01-06,SKU033,Product D3,East,11,2989.03,271.73,0
2014-01-06,SKU033,Product D3,West,15,4075.95,271.73,0
2014-01-06,SKU034,Product D4,North,33,2972.31,90.07,0
2014-01-06,SKU034,Product D4,South,6,540.42,90.07,0
2014-01-06,SKU034,Product D4,East,20,1801.4,90.07,0
2014-01-06,SKU034,Product D4,West,21,1891.47,90.07,0
2014-01-06,SKU035,Product D5,North,25,3556.75,142.27,0
2014-01-06,SKU035,Product D5,South,12,1707.24,142.27,0
2014-01-06,SKU035,Product D5,East,21,2987.67,142.27,0
2014-01-06,SKU036,Product D6,South,32,3424.64,107.02,1
2014-01-06,SKU036,Product D6,East,26,3057.86,117.61,0
2014-01-06,SKU036,Product D6,West,41,4822.01,117.61,0
2014-01-06,SKU037,Product D7,South,27,11421.0,423.0,0
2014-01-06,SKU037,Product D7,East,9,3807.0,423.0,0
2014-01-06,SKU037,Product D7,West,37,15651.0,423.0,0
2014-01-06,SKU038,Product D8,North,6,733.38,122.23,0
2014-01-06,SKU038,Product D8,East,10,1222.3,122.23,0
2014-01-06,SKU039,Product D9,South,34,11752.1,345.65,1
2014-01-06,SKU039,Product D9,East,41,16583.27,404.47,0
2014-01-06,SKU039,Product D9,West,10,4044.7,404.47,0
2014-01-06,SKU040,Product E0,North,13,1835.47,141.19,0
2014-01-06,SKU040,Product E0,South,18,2541.42,141.19,0
2014-01-06,SKU040,Product E0,East,11,1553.09,141.19,0
2014-01-06,SKU041,Product E1,North,37,16925.28,457.44,0
2014-01-06,SKU041,Product E1,South,35,16010.4,457.44,0
2014-01-06,SKU041,Product E1,East,22,10063.68,457.44,0
2014-01-06,SKU041,Product E1,West,12,5489.28,457.44,0
2014-01-06,SKU042,Product E2,North,7,3075.94,439.42,0
2014-01-06,SKU042,Product E2,East,27,11864.34,439.42,0
2014-01-06,SKU043,Product E3,South,10,1141.9,114.19,0
2014-01-06,SKU043,Product E3,East,15,1712.85,114.19,0
2014-01-06,SKU043,Product E3,West,50,5709.5,114.19,0
2014-01-06,SKU044,Product E4,North,25,5096.5,203.86,0
2014-01-06,SKU044,Product E4,South,16,3261.76,203.86,0
2014-01-06,SKU044,Product E4,East,12,2446.32,203.86,0
2014-01-06,SKU044,Product E4,West,38,7746.68,203.86,0
2014-01-06,SKU045,Product E5,North,10,800.1,80.01,0
2014-01-06,SKU045,Product E5,East,37,2960.37,80.01,0
2014-01-06,SKU046,Product E6,East,47,6149.95,130.85,0
2014-01-06,SKU046,Product E6,West,28,3663.8,130.85,0
2014-01-06,SKU047,Product E7,South,40,10964.0,274.1,0
2014-01-06,SKU047,Product E7,East,37,8688.71,234.83,1
2014-01-06,SKU047,Product E7,West,39,10689.9,274.1,0
2014-01-06,SKU048,Product E8,North,12,2639.16,219.93,0
2014-01-06,SKU048,Product E8,East,40,7674.0,191.85,1
2014-01-06,SKU048,Product E8,West,5,1099.65,219.93,0
2014-01-06,SKU049,Product E9,North,30,6171.3,205.71,0
2014-01-06,SKU049,Product E9,South,22,4525.62,205.71,0
2014-01-06,SKU049,Product E9,West,42,8639.82,205.71,0
2014-01-07,SKU000,Product A0,South,21,6789.72,323.32,0
2014-01-07,SKU000,Product A0,East,7,2263.24,323.32,0
2014-01-07,SKU000,Product A0,West,10,3233.2,323.32,0
2014-01-07,SKU001,Product A1,North,33,11066.55,335.35,1
2014-01-07,SKU001,Product A1,South,18,6720.48,373.36,0
2014-01-07,SKU001,Product A1,East,21,7840.56,373.36,0
2014-01-07,SKU001,Product A1,West,24,8960.64,373.36,0
2014-01-07,SKU002,Product A2,North,39,4655.43,119.37,0
2014-01-07,SKU002,Product A2,South,33,3939.21,119.37,0
2014-01-07,SKU002,Product A2,East,49,5437.04,110.96,1
2014-01-07,SKU002,Product A2,West,76,7949.6,104.6,1
2014-01-07,SKU003,Product A3,South,46,15712.68,341.58,0
2014-01-07,SKU003,Product A3,West,10,3415.8,341.58,0
2014-01-07,SKU004,Product A4,North,6,315.6,52.6,0
2014-01-07,SKU004,Product A4,South,6,315.6,52.6,0
2014-01-07,SKU004,Product A4,East,39,2051.4,52.6,0
2014-01-07,SKU004,Product A4,West,14,736.4,52.6,0
2014-01-07,SKU005,Product A5,North,50,1278.5,25.57,0
2014-01-07,SKU005,Product A5,South,36,920.52,25.57,0
2014-01-07,SKU005,Product A5,East,29,741.53,25.57,0
2014-01-07,SKU005,Product A5,West,9,230.13,25.57,0
2014-01-07,SKU006,Product A6,North,37,4333.81,117.13,0
2014-01-07,SKU006,Product A6,South,44,4342.8,98.7,1
2014-01-07,SKU006,Product A6,West,15,1756.95,117.13,0
2014-01-07,SKU007,Product A7,North,26,7929.74,304.99,0
2014-01-07,SKU007,Product A7,South,9,2744.91,304.99,0
2014-01-07,SKU007,Product A7,East,12,3659.88,304.99,0
2014-01-07,SKU008,Product A8,South,40,4297.2,107.43,0
2014-01-07,SKU008,Product A8,East,19,2041.17,107.43,0
2014-01-07,SKU008,Product A8,West,35,3760.05,107.43,0
2014-01-07,SKU009,Product A9,North,13,2802.28,215.56,0
2014-01-07,SKU009,Product A9,East,19,4095.64,215.56,0
2014-01-07,SKU009,Product A9,West,23,4957.88,215.56,0
2014-01-07,SKU010,Product B0,North,8,2389.92,298.74,0
2014-01-07,SKU010,Product B0,South,42,12547.08,298.74,0
2014-01-07,SKU010,Product B0,East,30,8962.2,298.74,0
2014-01-07,SKU010,Product B0,West,14,4182.36,298.74,0
2014-01-07,SKU011,Product B1,East,17,6490.94,381.82,0
2014-01-07,SKU011,Product B1,West,9,3241.8,360.2,1
2014-01-07,SKU012,Product B2,North,42,14787.78,352.09,0
2014-01-07,SKU012,Product B2,South,21,7393.89,352.09,0
2014-01-07,SKU013,Product B3,North,27,3946.32,146.16,0
2014-01-07,SKU013,Product B3,South,6,876.96,146.16,0
2014-01-07,SKU013,Product B3,West,21,3069.36,146.16,0
2014-01-07,SKU014,Product B4,North,11,5269.33,479.03,0
2014-01-07,SKU014,Product B4,South,4,1916.12,479.03,0
2014-01-07,SKU014,Product B4,East,25,11975.75,479.03,0
2014-01-07,SKU014,Product B4,West,14,6706.42,479.03,0
2014-01-07,SKU015,Product B5,North,13,781.04,60.08,0
2014-01-07,SKU015,Product B5,East,22,1321.76,60.08,0
2014-01-07,SKU015,Product B5,West,38,2283.04,60.08,0
2014-01-07,SKU016,Product B6,East,20,1147.8,57.39,0
2014-01-07,SKU017,Product B7,North,3,917.49,305.83,0
2014-01-07,SKU017,Product B7,West,24,7339.92,305.83,0
2014-01-07,SKU018,Product B8,North,31,9394.86,303.06,1
2014-01-07,SKU018,Product B8,South,29,10659.53,367.57,0
2014-01-07,SKU018,Product B8,East,24,8821.68,367.57,0
2014-01-07,SKU018,Product B8,West,4,1470.28,367.57,0
2014-01-07,SKU019,Product B9,North,30,2134.8,71.16,0
2014-01-07,SKU019,Product B9,South,17,1209.72,71.16,0
2014-01-07,SKU019,Product B9,East,31,2205.96,71.16,0
2014-01-07,SKU020,Product C0,North,19,923.59,48.61,0
2014-01-07,SKU020,Product C0,East,21,1020.81,48.61,0
2014-01-07,SKU020,Product C0,West,5,243.05,48.61,0
2014-01-07,SKU021,Product C1,North,34,14157.94,416.41,0
2014-01-07,SKU021,Product C1,South,23,9577.43,416.41,0
2014-01-07,SKU022,Product C2,North,26,11540.62,443.87,0
2014-01-07,SKU022,Product C2,South,18,7989.66,443.87,0
2014-01-07,SKU022,Product C2,West,16,6679.52,417.47,1
2014-01-07,SKU023,Product C3,North,25,7322.5,292.9,0
2014-01-07,SKU023,Product C3,South,29,8494.1,292.9,0
2014-01-07,SKU023,Product C3,West,19,5565.1,292.9,0
2014-01-07,SKU024,Product C4,North,55,1605.45,29.19,1
2014-01-07,SKU024,Product C4,South,29,941.05,32.45,0
2014-01-07,SKU024,Product C4,West,14,454.3,32.45,0
2014-01-07,SKU025,Product C5,North,35,13608.0,388.8,0
2014-01-07,SKU025,Product C5,East,41,15940.8,388.8,0
2014-01-07,SKU025,Product C5,West,35,11514.65,328.99,1
2014-01-07,SKU026,Product C6,North,2,858.22,429.11,0
2014-01-07,SKU026,Product C6,East,30,12873.3,429.11,0
2014-01-07,SKU026,Product C6,West,26,11156.86,429.11,0
2014-01-07,SKU027,Product C7,South,4,785.04,196.26,0
2014-01-07,SKU027,Product C7,West,13,2551.38,196.26,0
2014-01-07,SKU028,Product C8,North,27,7758.45,287.35,1
2014-01-07,SKU028,Product C8,East,46,14788.54,321.49,0
2014-01-07,SKU029,Product C9,South,6,538.2,89.7,0
2014-01-07,SKU029,Product C9,East,36,3229.2,89.7,0
2014-01-07,SKU029,Product C9,West,18,1421.28,78.96,1
2014-01-07,SKU030,Product D0,North,14,1577.24,112.66,0
2014-01-07,SKU030,Product D0,South,6,675.96,112.66,0
2014-01-07,SKU030,Product D0,East,23,2591.18,112.66,0
2014-01-07,SKU030,Product D0,West,49,5520.34,112.66,0
2014-01-07,SKU031,Product D1,East,19,6723.91,353.89,0
2014-01-07,SKU031,Product D1,West,21,7431.69,353.89,0
2014-01-07,SKU032,Product D2,North,36,11104.92,308.47,0
2014-01-07,SKU032,Product D2,South,4,1233.88,308.47,0
2014-01-07,SKU032,Product D2,East,51,15731.97,308.47,0
2014-01-07,SKU032,Product D2,West,25,7711.75,308.47,0
2014-01-07,SKU033,Product D3,East,8,2173.84,271.73,0
2014-01-07,SKU033,Product D3,West,8,2173.84,271.73,0
2014-01-07,SKU034,Product D4,North,49,4056.71,82.79,1
2014-01-07,SKU034,Product D4,South,16,1322.24,82.64,1
2014-01-07,SKU034,Product D4,East,27,2431.89,90.07,0
2014-01-07,SKU034,Product D4,West,43,3873.01,90.07,0
2014-01-07,SKU035,Product D5,South,6,853.62,142.27,0
2014-01-07,SKU035,Product D5,East,7,995.89,142.27,0
2014-01-07,SKU036,Product D6,West,10,1176.1,117.61,0
2014-01-07,SKU037,Product D7,South,5,2115.0,423.0,0
2014-01-07,SKU037,Product D7,East,41,17343.0,423.0,0
2014-01-07,SKU037,Product D7,West,24,10152.0,423.0,0
2014-01-07,SKU038,Product D8,East,7,855.61,122.23,0
2014-01-07,SKU039,Product D9,North,20,8089.4,404.47,0
2014-01-07,SKU039,Product D9,South,16,6471.52,404.47,0
2014-01-07,SKU039,Product D9,East,31,12538.57,404.47,0
2014-01-07,SKU039,Product D9,West,39,15774.33,404.47,0
2014-01-07,SKU040,Product E0,North,27,3812.13,141.19,0
2014-01-07,SKU040,Product E0,South,16,2259.04,141.19,0
2014-01-07,SKU040,Product E0,East,10,1152.2,115.22,1
2014-01-07,SKU040,Product E0,West,47,6635.93,141.19,0
2014-01-07,SKU041,Product E1,North,62,23628.2,381.1,1
2014-01-07,SKU041,Product E1,South,16,7319.04,457.44,0
2014-01-07,SKU041,Product E1,West,28,12808.32,457.44,0
2014-01-07,SKU042,Product E2,South,38,14903.6,392.2,1
2014-01-07,SKU043,Product E3,North,25,2594.25,103.77,1
2014-01-07,SKU043,Product E3,South,35,3996.65,114.19,0
2014-01-07,SKU043,Product E3,West,41,4193.89,102.29,1
2014-01-07,SKU044,Product E4,North,51,9553.32,187.32,1
2014-01-07,SKU044,Product E4,South,31,6319.66,203.86,0
2014-01-07,SKU044,Product E4,East,28,5708.08,203.86,0
2014-01-07,SKU045,Product E5,South,36,2880.36,80.01,0
2014-01-07,SKU045,Product E5,East,35,2800.35,80.01,0
2014-01-07,SKU045,Product E5,West,16,1280.16,80.01,0
2014-01-07,SKU046,Product E6,South,7,915.95,130.85,0
2014-01-07,SKU046,Product E6,East,14,1831.9,130.85,0
2014-01-07,SKU046,Product E6,West,15,1962.75,130.85,0
2014-01-07,SKU047,Product E7,North,23,6304.3,274.1,0
2014-01-07,SKU047,Product E7,South,33,7718.7,233.9,1
2014-01-07,SKU047,Product E7,East,30,8223.0,274.1,0
2014-01-07,SKU047,Product E7,West,32,8771.2,274.1,0
2014-01-07,SKU048,Product E8,West,46,10116.78,219.93,0
2014-01-07,SKU049,Product E9,North,34,6994.14,205.71,0
2014-01-07,SKU049,Product E9,South,9,1851.39,205.71,0
2014-01-07,SKU049,Product E9,East,25,5142.75,205.71,0
2014-01-08,SKU000,Product A0,North,47,15196.04,323.32,0
2014-01-08,SKU000,Product A0,South,35,11316.2,323.32,0
2014-01-08,SKU000,Product A0,East,34,10992.88,323.32,0
2014-01-08,SKU000,Product A0,West,8,2586.56,323.32,0
2014-01-08,SKU001,Product A1,North,32,11947.52,373.36,0
2014-01-08,SKU001,Product A1,South,23,8587.28,373.36,0
2014-01-08,SKU001,Product A1,East,8,2986.88,373.36,0
2014-01-08,SKU001,Product A1,West,13,4853.68,373.36,0
2014-01-08,SKU002,Product A2,South,10,1193.7,119.37,0
2014-01-08,SKU002,Product A2,East,28,3342.36,119.37,0
2014-01-08,SKU003,Product A3,North,6,2049.48,341.58,0
2014-01-08,SKU003,Product A3,South,26,8881.08,341.58,0
2014-01-08,SKU003,Product A3,East,18,6148.44,341.58,0
2014-01-08,SKU003,Product A3,West,16,5465.28,341.58,0
2014-01-08,SKU004,Product A4,East,20,1052.0,52.6,0
2014-01-08,SKU004,Product A4,West,18,946.8,52.6,0
2014-01-08,SKU005,Product A5,North,5,127.85,25.57,0
2014-01-08,SKU005,Product A5,South,13,332.41,25.57,0
2014-01-08,SKU005,Product A5,East,27,690.39,25.57,0
2014-01-08,SKU006,Product A6,North,33,3865.29,117.13,0
2014-01-08,SKU006,Product A6,South,13,1522.69,117.13,0
2014-01-08,SKU006,Product A6,East,40,4685.2,117.13,0
2014-01-08,SKU006,Product A6,West,17,1991.21,117.13,0
2014-01-08,SKU007,Product A7,North,68,18645.6,274.2,1
2014-01-08,SKU007,Product A7,East,6,1829.94,304.99,0
2014-01-08,SKU007,Product A7,West,20,6099.8,304.99,0
2014-01-08,SKU008,Product A8,East,37,3974.91,107.43,0
2014-01-08,SKU008,Product A8,West,30,3222.9,107.43,0
2014-01-08,SKU009,Product A9,North,28,6035.68,215.56,0
2014-01-08,SKU009,Product A9,East,37,7975.72,215.56,0
2014-01-08,SKU009,Product A9,West,35,6327.3,180.78,1
2014-01-08,SKU011,Product B1,North,27,10309.14,381.82,0
2014-01-08,SKU011,Product B1,South,25,9545.5,381.82,0
2014-01-08,SKU011,Product B1,West,22,8400.04,381.82,0
2014-01-08,SKU012,Product B2,East,25,8802.25,352.09,0
2014-01-08,SKU012,Product B2,West,48,16900.32,352.09,0
2014-01-08,SKU013,Product B3,North,52,7600.32,146.16,0
2014-01-08,SKU013,Product B3,South,13,1900.08,146.16,0
2014-01-08,SKU013,Product B3,East,7,1023.12,146.16,0
2014-01-08,SKU013,Product B3,West,32,3762.24,117.57,1
2014-01-08,SKU014,Product B4,East,48,22993.44,479.03,0
2014-01-08,SKU015,Product B5,North,9,540.72,60.08,0
2014-01-08,SKU015,Product B5,South,38,2283.04,60.08,0
2014-01-08,SKU015,Product B5,East,35,1928.15,55.09,1
2014-01-08,SKU016,Product B6,North,36,2066.04,57.39,0
2014-01-08,SKU016,Product B6,South,8,459.12,57.39,0
2014-01-08,SKU016,Product B6,East,5,286.95,57.39,0
2014-01-08,SKU016,Product B6,West,51,2926.89,57.39,0
2014-01-08,SKU017,Product B7,North,34,10398.22,305.83,0
2014-01-08,SKU017,Product B7,South,35,10704.05,305.83,0
2014-01-08,SKU017,Product B7,West,28,8563.24,305.83,0
2014-01-08,SKU018,Product B8,South,33,12129.81,367.57,0
2014-01-08,SKU018,Product B8,West,27,9924.39,367.57,0
2014-01-08,SKU019,Product B9,South,31,2205.96,71.16,0
2014-01-08,SKU019,Product B9,East,37,2632.92,71.16,0
2014-01-08,SKU019,Product B9,West,26,1850.16,71.16,0
2014-01-08,SKU020,Product C0,South,23,1118.03,48.61,0
2014-01-08,SKU020,Product C0,East,11,534.71,48.61,0
2014-01-08,SKU020,Product C0,West,24,1166.64,48.61,0
2014-01-08,SKU021,Product C1,South,10,4164.1,416.41,0
2014-01-08,SKU021,Product C1,East,30,12492.3,416.41,0
2014-01-08,SKU021,Product C1,West,21,8744.61,416.41,0
2014-01-08,SKU022,Product C2,North,50,22193.5,443.87,0
2014-01-08,SKU022,Product C2,South,11,4882.57,443.87,0
2014-01-08,SKU022,Product C2,East,39,17310.93,443.87,0
2014-01-08,SKU022,Product C2,West,11,4882.57,443.87,0
2014-01-08,SKU023,Product C3,East,48,14059.2,292.9,0
2014-01-08,SKU023,Product C3,West,31,9079.9,292.9,0
2014-01-08,SKU024,Product C4,East,13,350.35,26.95,1
2014-01-08,SKU024,Product C4,West,28,908.6,32.45,0
2014-01-08,SKU025,Product C5,South,25,9720.0,388.8,0
2014-01-08,SKU025,Product C5,East,25,9720.0,388.8,0
2014-01-08,SKU025,Product C5,West,29,11275.2,388.8,0
2014-01-08,SKU026,Product C6,South,10,4291.1,429.11,0
2014-01-08,SKU026,Product C6,East,6,2574.66,429.11,0
2014-01-08,SKU026,Product C6,West,6,2574.66,429.11,0
2014-01-08,SKU027,Product C7,North,35,6869.1,196.26,0
2014-01-08,SKU027,Product C7,South,41,8046.66,196.26,0
2014-01-08,SKU027,Product C7,East,41,7364.83,179.63,1
2014-01-08,SKU028,Product C8,West,23,7394.27,321.49,0
2014-01-08,SKU029,Product C9,North,30,2691.0,89.7,0
2014-01-08,SKU029,Product C9,South,5,448.5,89.7,0
2014-01-08,SKU029,Product C9,East,8,717.6,89.7,0
2014-01-08,SKU030,Product D0,South,44,4957.04,112.66,0
2014-01-08,SKU030,Product D0,East,46,4583.44,99.64,1
2014-01-08,SKU030,Product D0,West,36,4055.76,112.66,0
2014-01-08,SKU031,Product D1,North,34,9669.26,284.39,1
2014-01-08,SKU031,Product D1,South,18,6370.02,353.89,0
2014-01-08,SKU031,Product D1,East,20,7077.8,353.89,0
2014-01-08,SKU031,Product D1,West,31,10970.59,353.89,0
2014-01-08,SKU032,Product D2,South,32,9871.04,308.47,0
2014-01-08,SKU032,Product D2,East,20,6169.4,308.47,0
2014-01-08,SKU032,Product D2,West,6,1850.82,308.47,0
2014-01-08,SKU033,Product D3,East,35,9510.55,271.73,0
2014-01-08,SKU033,Product D3,West,37,10054.01,271.73,0
2014-01-08,SKU034,Product D4,South,45,3559.5,79.1,1
2014-01-08,SKU034,Product D4,East,34,3062.38,90.07,0
2014-01-08,SKU034,Product D4,West,22,1835.02,83.41,1
2014-01-08,SKU035,Product D5,North,40,5690.8,142.27,0
2014-01-08,SKU035,Product D5,South,28,3983.56,142.27,0
2014-01-08,SKU035,Product D5,East,24,3414.48,142.27,0
2014-01-08,SKU035,Product D5,West,15,2134.05,142.27,0
2014-01-08,SKU036,Product D6,North,40,4317.6,107.94,1
2014-01-08,SKU036,Product D6,East,6,705.66,117.61,0
2014-01-08,SKU036,Product D6,West,27,3175.47,117.61,0
2014-01-08,SKU037,Product D7,North,16,6768.0,423.0,0
2014-01-08,SKU037,Product D7,West,13,4718.87,362.99,1
2014-01-08,SKU038,Product D8,North,25,3055.75,122.23,0
2014-01-08,SKU038,Product D8,South,7,855.61,122.23,0
2014-01-08,SKU038,Product D8,East,64,7148.16,111.69,1
2014-01-08,SKU038,Product D8,West,11,1344.53,122.23,0
2014-01-08,SKU039,Product D9,North,31,12538.57,404.47,0
2014-01-08,SKU039,Product D9,South,7,2831.29,404.47,0
2014-01-08,SKU039,Product D9,East,15,6067.05,404.47,0
2014-01-08,SKU039,Product D9,West,50,20223.5,404.47,0
2014-01-08,SKU040,Product E0,North,21,2964.99,141.19,0
2014-01-08,SKU040,Product E0,South,7,988.33,141.19,0
2014-01-08,SKU040,Product E0,East,18,2541.42,141.19,0
2014-01-08,SKU040,Product E0,West,45,6353.55,141.19,0
2014-01-08,SKU041,Product E1,North,30,13723.2,457.44,0
2014-01-08,SKU041,Product E1,West,24,10978.56,457.44,0
2014-01-08,SKU042,Product E2,South,10,4394.2,439.42,0
2014-01-08,SKU042,Product E2,East,25,10985.5,439.42,0
2014-01-08,SKU043,Product E3,North,12,1370.28,114.19,0
2014-01-08,SKU043,Product E3,South,22,2512.18,114.19,0
2014-01-08,SKU043,Product E3,East,26,2586.74,99.49,1
2014-01-08,SKU043,Product E3,West,11,1256.09,114.19,0
2014-01-08,SKU044,Product E4,North,24,4892.64,203.86,0
2014-01-08,SKU044,Product E4,East,29,5911.94,203.86,0
2014-01-08,SKU044,Product E4,West,33,6727.38,203.86,0
2014-01-08,SKU045,Product E5,North,27,2160.27,80.01,0
2014-01-08,SKU045,Product E5,East,28,2240.28,80.01,0
2014-01-08,SKU045,Product E5,West,19,1428.42,75.18,1
2014-01-08,SKU046,Product E6,North,37,4841.45,130.85,0
2014-01-08,SKU046,Product E6,South,22,2878.7,130.85,0
2014-01-08,SKU046,Product E6,East,10,1308.5,130.85,0
2014-01-08,SKU047,Product E7,North,63,15930.81,252.87,1
2014-01-08,SKU047,Product E7,East,4,1096.4,274.1,0
2014-01-08,SKU047,Product E7,West,18,4933.8,274.1,0
2014-01-08,SKU048,Product E8,North,50,10996.5,219.93,0
2014-01-08,SKU048,Product E8,East,30,6597.9,219.93,0
2014-01-08,SKU049,Product E9,North,48,9874.08,205.71,0
2014-01-08,SKU049,Product E9,South,14,2879.94,205.71,0
2014-01-08,SKU049,Product E9,West,40,8228.4,205.71,0
2014-01-09,SKU000,Product A0,East,44,14226.08,323.32,0
2014-01-09,SKU001,Product A1,North,28,10454.08,373.36,0
2014-01-09,SKU001,Product A1,South,14,5227.04,373.36,0
2014-01-09,SKU001,Product A1,East,20,7467.2,373.36,0
2014-01-09,SKU001,Product A1,West,7,2613.52,373.36,0
2014-01-09,SKU002,Product A2,North,33,3939.21,119.37,0
2014-01-09,SKU002,Product A2,South,12,1432.44,119.37,0
2014-01-09,SKU002,Product A2,East,44,5252.28,119.37,0
2014-01-09,SKU002,Product A2,West,30,3581.1,119.37,0
2014-01-09,SKU003,Product A3,North,13,4440.54,341.58,0
2014-01-09,SKU003,Product A3,South,19,6490.02,341.58,0
2014-01-09,SKU003,Product A3,West,7,2391.06,341.58,0
2014-01-09,SKU004,Product A4,South,51,2439.84,47.84,1
2014-01-09,SKU005,Product A5,North,24,613.68,25.57,0
2014-01-09,SKU005,Product A5,South,32,818.24,25.57,0
2014-01-09,SKU005,Product A5,East,44,1125.08,25.57,0
2014-01-09,SKU005,Product A5,West,8,204.56,25.57,0
2014-01-09,SKU006,Product A6,North,29,3396.77,117.13,0
2014-01-09,SKU006,Product A6,East,24,2638.08,109.92,1
2014-01-09,SKU007,Product A7,North,7,2134.93,304.99,0
2014-01-09,SKU007,Product A7,South,51,15554.49,304.99,0
2014-01-09,SKU007,Product A7,East,27,6682.77,247.51,1
2014-01-09,SKU007,Product A7,West,32,9759.68,304.99,0
2014-01-09,SKU008,Product A8,North,10,1074.3,107.43,0
2014-01-09,SKU008,Product A8,East,28,3008.04,107.43,0
2014-01-09,SKU009,Product A9,North,39,8406.84,215.56,0
2014-01-09,SKU009,Product A9,South,12,2586.72,215.56,0
2014-01-09,SKU010,Product B0,North,20,5974.8,298.74,0
2014-01-09,SKU010,Product B0,South,16,4779.84,298.74,0
2014-01-09,SKU010,Product B0,East,26,6409.0,246.5,1
2014-01-09,SKU010,Product B0,West,27,8065.98,298.74,0
2014-01-09,SKU011,Product B1,North,14,5345.48,381.82,0
2014-01-09,SKU011,Product B1,South,26,9927.32,381.82,0
2014-01-09,SKU011,Product B1,East,4,1527.28,381.82,0
2014-01-09,SKU011,Product B1,West,29,11072.78,381.82,0
2014-01-09,SKU012,Product B2,North,21,6640.83,316.23,1
2014-01-09,SKU013,Product B3,North,14,2046.24,146.16,0
2014-01-09,SKU013,Product B3,East,4,584.64,146.16,0
2014-01-09,SKU013,Product B3,West,9,1315.44,146.16,0
2014-01-09,SKU014,Product B4,North,19,8126.87,427.73,1
2014-01-09,SKU014,Product B4,South,19,9101.57,479.03,0
2014-01-09,SKU014,Product B4,West,28,13412.84,479.03,0
2014-01-09,SKU015,Product B5,South,16,961.28,60.08,0
2014-01-09,SKU015,Product B5,East,46,2398.9,52.15,1
2014-01-09,SKU016,Product B6,North,46,2639.94,57.39,0
2014-01-09,SKU016,Product B6,South,8,394.08,49.26,1
2014-01-09,SKU016,Product B6,East,17,923.78,54.34,1
2014-01-09,SKU016,Product B6,West,49,2573.97,52.53,1
2014-01-09,SKU017,Product B7,North,42,10416.42,248.01,1
2014-01-09,SKU017,Product B7,South,20,6116.6,305.83,0
2014-01-09,SKU017,Product B7,East,5,1529.15,305.83,0
2014-01-09,SKU017,Product B7,West,37,11315.71,305.83,0
2014-01-09,SKU018,Product B8,North,53,19481.21,367.57,0
2014-01-09,SKU018,Product B8,South,10,3466.6,346.66,1
2014-01-09,SKU018,Product B8,East,35,12864.95,367.57,0
2014-01-09,SKU018,Product B8,West,19,6983.83,367.57,0
2014-01-09,SKU019,Product B9,South,40,2846.4,71.16,0
2014-01-09,SKU020,Product C0,North,13,541.97,41.69,1
2014-01-09,SKU020,Product C0,South,10,486.1,48.61,0
2014-01-09,SKU020,Product C0,East,36,1749.96,48.61,0
2014-01-09,SKU020,Product C0,West,5,243.05,48.61,0
2014-01-09,SKU021,Product C1,North,9,3747.69,416.41,0
2014-01-09,SKU021,Product C1,South,46,16298.72,354.32,1
2014-01-09,SKU021,Product C1,West,18,7495.38,416.41,0
2014-01-09,SKU022,Product C2,North,50,22193.5,443.87,0
2014-01-09,SKU022,Product C2,East,6,2391.78,398.63,1
2014-01-09,SKU023,Product C3,North,66,17299.92,262.12,1
2014-01-09,SKU023,Product C3,East,30,8787.0,292.9,0
2014-01-09,SKU024,Product C4,North,32,1038.4,32.45,0
2014-01-09,SKU024,Product C4,South,13,421.85,32.45,0
2014-01-09,SKU024,Product C4,West,16,519.2,32.45,0
2014-01-09,SKU025,Product C5,North,25,9720.0,388.8,0
2014-01-09,SKU025,Product C5,East,16,6220.8,388.8,0
2014-01-09,SKU026,Product C6,North,24,10298.64,429.11,0
2014-01-09,SKU026,Product C6,East,11,4720.21,429.11,0
2014-01-09,SKU026,Product C6,West,9,3861.99,429.11,0
2014-01-09,SKU027,Product C7,North,17,3336.42,196.26,0
2014-01-09,SKU027,Product C7,South,18,3532.68,196.26,0
2014-01-09,SKU027,Product C7,West,12,2355.12,196.26,0
2014-01-09,SKU028,Product C8,North,21,6751.29,321.49,0
2014-01-09,SKU028,Product C8,South,15,4822.35,321.49,0
2014-01-09,SKU028,Product C8,East,22,5908.32,268.56,1
2014-01-09,SKU028,Product C8,West,10,3214.9,321.49,0
2014-01-09,SKU029,Product C9,South,33,2960.1,89.7,0
2014-01-09,SKU029,Product C9,East,16,1329.76,83.11,1
2014-01-09,SKU029,Product C9,West,17,1367.48,80.44,1
2014-01-09,SKU030,Product D0,North,23,2591.18,112.66,0
2014-01-09,SKU030,Product D0,South,10,1126.6,112.66,0
2014-01-09,SKU030,Product D0,East,7,736.75,105.25,1
2014-01-09,SKU030,Product D0,West,20,2253.2,112.66,0
2014-01-09,SKU031,Product D1,South,13,4189.51,322.27,1
2014-01-09,SKU031,Product D1,East,12,4246.68,353.89,0
2014-01-09,SKU031,Product D1,West,21,7431.69,353.89,0
2014-01-09,SKU032,Product D2,North,22,6786.34,308.47,0
2014-01-09,SKU032,Product D2,South,29,8945.63,308.47,0
2014-01-09,SKU032,Product D2,East,43,13264.21,308.47,0
2014-01-09,SKU032,Product D2,West,28,8637.16,308.47,0
2014-01-09,SKU033,Product D3,North,20,5434.6,271.73,0
2014-01-09,SKU033,Product D3,South,46,12499.58,271.73,0
2014-01-09,SKU033,Product D3,East,12,3260.76,271.73,0
2014-01-09,SKU033,Product D3,West,16,4347.68,271.73,0
2014-01-09,SKU034,Product D4,North,31,2792.17,90.07,0
2014-01-09,SKU034,Product D4,South,29,2612.03,90.07,0
2014-01-09,SKU035,Product D5,South,4,569.08,142.27,0
2014-01-09,SKU035,Product D5,West,30,4268.1,142.27,0
2014-01-09,SKU036,Product D6,North,9,1058.49,117.61,0
2014-01-09,SKU036,Product D6,South,4,470.44,117.61,0
2014-01-09,SKU036,Product D6,East,20,2352.2,117.61,0
2014-01-09,SKU036,Product D6,West,32,3763.52,117.61,0
2014-01-09,SKU037,Product D7,North,57,20933.82,367.26,1
2014-01-09,SKU037,Product D7,East,25,10575.0,423.0,0
2014-01-09,SKU037,Product D7,West,28,11844.0,423.0,0
2014-01-09,SKU038,Product D8,North,5,611.15,122.23,0
2014-01-09,SKU038,Product D8,South,38,4644.74,122.23,0
2014-01-09,SKU038,Product D8,West,35,4029.2,115.12,1
2014-01-09,SKU039,Product D9,South,32,11065.92,345.81,1
2014-01-09,SKU039,Product D9,West,12,4853.64,404.47,0
2014-01-09,SKU040,Product E0,North,38,5365.22,141.19,0
2014-01-09,SKU040,Product E0,South,34,4800.46,141.19,0
2014-01-09,SKU040,Product E0,East,28,3953.32,141.19,0
2014-01-09,SKU040,Product E0,West,5,705.95,141.19,0
2014-01-09,SKU041,Product E1,North,38,17382.72,457.44,0
2014-01-09,SKU041,Product E1,South,41,18755.04,457.44,0
2014-01-09,SKU041,Product E1,East,51,23329.44,457.44,0
2014-01-09,SKU042,Product E2,North,21,9227.82,439.42,0
2014-01-09,SKU042,Product E2,South,5,2197.1,439.42,0
2014-01-09,SKU042,Product E2,East,24,10546.08,439.42,0
2014-01-09,SKU043,Product E3,North,33,3768.27,114.19,0
2014-01-09,SKU043,Product E3,South,21,2397.99,114.19,0
2014-01-09,SKU043,Product E3,East,10,1141.9,114.19,0
2014-01-09,SKU043,Product E3,West,35,3996.65,114.19,0
2014-01-09,SKU044,Product E4,North,46,9377.56,203.86,0
2014-01-09,SKU044,Product E4,South,39,7950.54,203.86,0
2014-01-09,SKU044,Product E4,East,13,2650.18,203.86,0
2014-01-09,SKU045,Product E5,North,30,2400.3,80.01,0
2014-01-09,SKU045,Product E5,South,20,1600.2,80.01,0
2014-01-09,SKU045,Product E5,East,14,1120.14,80.01,0
2014-01-09,SKU046,Product E6,South,47,6149.95,130.85,0
2014-01-09,SKU046,Product E6,East,22,2878.7,130.85,0
2014-01-09,SKU046,Product E6,West,19,2107.1,110.9,1
2014-01-09,SKU047,Product E7,North,42,11512.2,274.1,0
2014-01-09,SKU047,Product E7,South,4,1096.4,274.1,0
2014-01-09,SKU047,Product E7,East,36,9867.6,274.1,0
2014-01-09,SKU048,Product E8,North,28,6158.04,219.93,0
2014-01-09,SKU048,Product E8,South,25,5498.25,219.93,0
2014-01-09,SKU048,Product E8,West,39,8577.27,219.93,0
2014-01-09,SKU049,Product E9,North,11,2262.81,205.71,0
2014-01-09,SKU049,Product E9,South,32,5875.84,183.62,1
2014-01-09,SKU049,Product E9,East,15,3085.65,205.71,0
2014-01-09,SKU049,Product E9,West,18,3702.78,205.71,0
2014-01-10,SKU000,Product A0,North,8,2586.56,323.32,0
2014-01-10,SKU000,Product A0,South,10,3233.2,323.32,0
2014-01-10,SKU000,Product A0,East,39,12609.48,323.32,0
2014-01-10,SKU001,Product A1,North,13,4853.68,373.36,0
2014-01-10,SKU001,Product A1,South,3,1120.08,373.36,0
2014-01-10,SKU002,Product A2,North,32,3819.84,119.37,0
2014-01-10,SKU002,Product A2,South,15,1790.55,119.37,0
2014-01-10,SKU002,Product A2,East,20,2387.4,119.37,0
2014-01-10,SKU002,Product A2,West,13,1551.81,119.37,0
2014-01-10,SKU003,Product A3,North,16,5465.28,341.58,0
2014-01-10,SKU003,Product A3,East,28,9564.24,341.58,0
2014-01-10,SKU003,Product A3,West,32,10930.56,341.58,0
2014-01-10,SKU004,Product A4,North,16,841.6,52.6,0
2014-01-10,SKU004,Product A4,South,24,1262.4,52.6,0
2014-01-10,SKU004,Product A4,East,24,1262.4,52.6,0
2014-01-10,SKU004,Product A4,West,26,1367.6,52.6,0
2014-01-10,SKU005,Product A5,North,43,1099.51,25.57,0
2014-01-10,SKU005,Product A5,South,60,1403.4,23.39,1
2014-01-10,SKU005,Product A5,West,25,639.25,25.57,0
2014-01-10,SKU006,Product A6,South,38,4450.94,117.13,0
2014-01-10,SKU006,Product A6,East,24,2811.12,117.13,0
2014-01-10,SKU006,Product A6,West,10,1171.3,117.13,0
2014-01-10,SKU007,Product A7,North,9,2744.91,304.99,0
2014-01-10,SKU007,Product A7,South,16,4879.84,304.99,0
2014-01-10,SKU007,Product A7,East,7,2134.93,304.99,0
2014-01-10,SKU007,Product A7,West,9,2744.91,304.99,0
2014-01-10,SKU008,Product A8,North,25,2685.75,107.43,0
2014-01-10,SKU008,Product A8,South,45,4834.35,107.43,0
2014-01-10,SKU008,Product A8,East,35,3300.15,94.29,1
2014-01-10,SKU008,Product A8,West,27,2900.61,107.43,0
2014-01-10,SKU009,Product A9,North,26,5604.56,215.56,0
2014-01-10,SKU009,Product A9,East,39,8406.84,215.56,0
2014-01-10,SKU010,Product B0,South,6,1438.62,239.77,1
2014-01-10,SKU010,Product B0,East,13,3883.62,298.74,0
2014-01-10,SKU010,Product B0,West,17,5078.58,298.74,0
2014-01-10,SKU011,Product B1,South,16,5094.88,318.43,1
2014-01-10,SKU011,Product B1,East,8,3054.56,381.82,0
2014-01-10,SKU011,Product B1,West,5,1909.1,381.82,0
2014-01-10,SKU012,Product B2,North,6,2112.54,352.09,0
2014-01-10,SKU012,Product B2,South,23,8098.07,352.09,0
2014-01-10,SKU012,Product B2,East,38,10951.98,288.21,1
2014-01-10,SKU012,Product B2,West,11,3872.99,352.09,0
2014-01-10,SKU013,Product B3,North,23,3361.68,146.16,0
2014-01-10,SKU013,Product B3,South,36,5261.76,146.16,0
2014-01-10,SKU013,Product B3,East,5,730.8,146.16,0
2014-01-10,SKU013,Product B3,West,17,2484.72,146.16,0
2014-01-10,SKU014,Product B4,North,23,11017.69,479.03,0
2014-01-10,SKU015,Product B5,North,44,2643.52,60.08,0
2014-01-10,SKU015,Product B5,East,29,1742.32,60.08,0
2014-01-10,SKU015,Product B5,West,20,1201.6,60.08,0
2014-01-10,SKU016,Product B6,North,10,573.9,57.39,0
2014-01-10,SKU016,Product B6,South,24,1169.76,48.74,1
2014-01-10,SKU016,Product B6,East,41,2352.99,57.39,0
2014-01-10,SKU017,Product B7,North,23,7034.09,305.83,0
2014-01-10,SKU017,Product B7,South,9,2752.47,305.83,0
2014-01-10,SKU017,Product B7,West,5,1529.15,305.83,0
2014-01-10,SKU018,Product B8,North,28,10291.96,367.57,0
2014-01-10,SKU018,Product B8,South,24,8821.68,367.57,0
2014-01-10,SKU018,Product B8,East,9,3308.13,367.57,0
2014-01-10,SKU018,Product B8,West,44,16173.08,367.57,0
2014-01-10,SKU019,Product B9,North,31,2205.96,71.16,0
2014-01-10,SKU019,Product B9,East,21,1494.36,71.16,0
2014-01-10,SKU020,Product C0,North,42,2041.62,48.61,0
2014-01-10,SKU020,Product C0,South,14,680.54,48.61,0
2014-01-10,SKU020,Product C0,East,30,1458.3,48.61,0
2014-01-10,SKU020,Product C0,West,10,486.1,48.61,0
2014-01-10,SKU021,Product C1,North,6,2498.46,416.41,0
2014-01-10,SKU021,Product C1,South,10,4164.1,416.41,0
2014-01-10,SKU021,Product C1,West,37,15407.17,416.41,0
2014-01-10,SKU022,Product C2,North,40,17754.8,443.87,0
2014-01-10,SKU022,Product C2,South,34,15091.58,443.87,0
2014-01-10,SKU022,Product C2,East,48,18482.88,385.06,1
2014-01-10,SKU022,Product C2,West,4,1775.48,443.87,0
2014-01-10,SKU023,Product C3,South,34,9958.6,292.9,0
2014-01-10,SKU023,Product C3,East,33,8711.34,263.98,1
2014-01-10,SKU023,Product C3,West,34,9958.6,292.9,0
2014-01-10,SKU024,Product C4,North,6,194.7,32.45,0
2014-01-10,SKU024,Product C4,East,26,843.7,32.45,0
2014-01-10,SKU024,Product C4,West,26,843.7,32.45,0
2014-01-10,SKU025,Product C5,North,25,9720.0,388.8,0
2014-01-10,SKU025,Product C5,South,8,3110.4,388.8,0
2014-01-10,SKU025,Product C5,East,7,2721.6,388.8,0
2014-01-10,SKU025,Product C5,West,26,10108.8,388.8,0
2014-01-10,SKU026,Product C6,South,9,3861.99,429.11,0
2014-01-10,SKU026,Product C6,East,28,12015.08,429.11,0
2014-01-10,SKU026,Product C6,West,56,20364.96,363.66,1
2014-01-10,SKU027,Product C7,North,14,2476.32,176.88,1
2014-01-10,SKU027,Product C7,South,36,7065.36,196.26,0
2014-01-10,SKU027,Product C7,East,22,4317.72,196.26,0
2014-01-10,SKU028,Product C8,North,27,8680.23,321.49,0
2014-01-10,SKU028,Product C8,South,32,10287.68,321.49,0
2014-01-10,SKU028,Product C8,West,27,8680.23,321.49,0
2014-01-10,SKU029,Product C9,North,31,2780.7,89.7,0
2014-01-10,SKU029,Product C9,East,20,1794.0,89.7,0
2014-01-10,SKU029,Product C9,West,17,1524.9,89.7,0
2014-01-10,SKU030,Product D0,North,32,3605.12,112.66,0
2014-01-10,SKU030,Product D0,East,39,4393.74,112.66,0
2014-01-10,SKU030,Product D0,West,25,2816.5,112.66,0
2014-01-10,SKU032,Product D2,South,18,4567.32,253.74,1
2014-01-10,SKU032,Product D2,East,25,7711.75,308.47,0
2014-01-10,SKU033,Product D3,North,22,5978.06,271.73,0
2014-01-10,SKU033,Product D3,South,43,11684.39,271.73,0
2014-01-10,SKU033,Product D3,East,10,2717.3,271.73,0
2014-01-10,SKU033,Product D3,West,31,8423.63,271.73,0
2014-01-10,SKU034,Product D4,North,4,360.28,90.07,0
2014-01-10,SKU034,Product D4,South,20,1801.4,90.07,0
2014-01-10,SKU035,Product D5,North,3,426.81,142.27,0
2014-01-10,SKU035,Product D5,South,25,3556.75,142.27,0
2014-01-10,SKU035,Product D5,East,26,3699.02,142.27,0
2014-01-10,SKU035,Product D5,West,9,1280.43,142.27,0
2014-01-10,SKU036,Product D6,North,10,1176.1,117.61,0
2014-01-10,SKU036,Product D6,West,9,974.88,108.32,1
2014-01-10,SKU037,Product D7,North,29,12267.0,423.0,0
2014-01-10,SKU037,Product D7,East,7,2961.0,423.0,0
2014-01-10,SKU037,Product D7,West,29,10795.25,372.25,1
2014-01-10,SKU038,Product D8,North,31,3789.13,122.23,0
2014-01-10,SKU039,Product D9,North,39,15774.33,404.47,0
2014-01-10,SKU039,Product D9,South,26,10516.22,404.47,0
2014-01-10,SKU039,Product D9,West,33,13347.51,404.47,0
2014-01-10,SKU040,Product E0,North,38,5365.22,141.19,0
2014-01-10,SKU040,Product E0,South,20,2823.8,141.19,0
2014-01-10,SKU040,Product E0,West,15,2117.85,141.19,0
2014-01-10,SKU041,Product E1,South,16,7319.04,457.44,0
2014-01-10,SKU042,Product E2,North,6,2417.46,402.91,1
2014-01-10,SKU042,Product E2,West,33,14500.86,439.42,0
2014-01-10,SKU043,Product E3,South,23,2626.37,114.19,0
2014-01-10,SKU043,Product E3,West,27,2490.48,92.24,1
2014-01-10,SKU044,Product E4,North,30,6115.8,203.86,0
2014-01-10,SKU044,Product E4,South,31,5292.32,170.72,1
2014-01-10,SKU044,Product E4,West,13,2650.18,203.86,0
2014-01-10,SKU045,Product E5,South,49,3238.41,66.09,1
2014-01-10,SKU045,Product E5,East,16,1280.16,80.01,0
2014-01-10,SKU045,Product E5,West,31,2480.31,80.01,0
2014-01-10,SKU046,Product E6,North,6,785.1,130.85,0
2014-01-10,SKU046,Product E6,South,10,1308.5,130.85,0
2014-01-10,SKU046,Product E6,West,27,3532.95,130.85,0
2014-01-10,SKU047,Product E7,North,19,5207.9,274.1,0
2014-01-10,SKU047,Product E7,South,31,8497.1,274.1,0
2014-01-10,SKU047,Product E7,East,40,10964.0,274.1,0
2014-01-10,SKU047,Product E7,West,16,4385.6,274.1,0
2014-01-10,SKU048,Product E8,North,16,3518.88,219.93,0
2014-01-10,SKU048,Product E8,South,33,7257.69,219.93,0
2014-01-10,SKU048,Product E8,West,15,3298.95,219.93,0
2014-01-10,SKU049,Product E9,North,39,8022.69,205.71,0
2014-01-10,SKU049,Product E9,South,13,2674.23,205.71,0
2014-01-10,SKU049,Product E9,East,17,3497.07,205.71,0
2014-01-11,SKU000,Product A0,North,14,4253.34,303.81,1
2014-01-11,SKU000,Product A0,South,53,17135.96,323.32,0
2014-01-11,SKU000,Product A0,East,4,1293.28,323.32,0
2014-01-11,SKU000,Product A0,West,38,11473.34,301.93,1
2014-01-11,SKU001,Product A1,North,14,5227.04,373.36,0
2014-01-11,SKU001,Product A1,East,27,10080.72,373.36,0
2014-01-11,SKU001,Product A1,West,24,8340.24,347.51,1
2014-01-11,SKU002,Product A2,East,22,2626.14,119.37,0
2014-01-11,SKU002,Product A2,West,23,2745.51,119.37,0
2014-01-11,SKU003,Product A3,South,14,4782.12,341.58,0
2014-01-11,SKU003,Product A3,East,27,7696.08,285.04,1
2014-01-11,SKU003,Product A3,West,64,20424.32,319.13,1
2014-01-11,SKU004,Product A4,North,50,2630.0,52.6,0
2014-01-11,SKU004,Product A4,South,12,587.16,48.93,1
2014-01-11,SKU004,Product A4,East,43,2261.8,52.6,0
2014-01-11,SKU004,Product A4,West,18,946.8,52.6,0
2014-01-11,SKU005,Product A5,North,32,818.24,25.57,0
2014-01-11,SKU005,Product A5,South,39,997.23,25.57,0
2014-01-11,SKU005,Product A5,East,88,1926.32,21.89,1
2014-01-11,SKU005,Product A5,West,26,614.64,23.64,1
2014-01-11,SKU006,Product A6,North,30,3322.2,110.74,1
2014-01-11,SKU006,Product A6,East,31,3631.03,117.13,0
2014-01-11,SKU007,Product A7,North,9,2744.91,304.99,0
2014-01-11,SKU007,Product A7,South,9,2744.91,304.99,0
2014-01-11,SKU008,Product A8,North,14,1504.02,107.43,0
2014-01-11,SKU008,Product A8,South,35,3760.05,107.43,0
2014-01-11,SKU009,Product A9,East,29,6251.24,215.56,0
2014-01-11,SKU009,Product A9,West,34,7329.04,215.56,0
2014-01-11,SKU010,Product B0,North,40,11949.6,298.74,0
2014-01-11,SKU010,Product B0,East,49,12838.0,262.0,1
2014-01-11,SKU010,Product B0,West,50,14937.0,298.74,0
2014-01-11,SKU011,Product B1,North,58,19271.66,332.27,1
2014-01-11,SKU011,Product B1,East,14,5345.48,381.82,0
2014-01-11,SKU011,Product B1,West,32,9914.88,309.84,1
2014-01-11,SKU012,Product B2,North,29,10210.61,352.09,0
2014-01-11,SKU012,Product B2,West,30,10562.7,352.09,0
2014-01-11,SKU013,Product B3,North,45,6577.2,146.16,0
2014-01-11,SKU013,Product B3,East,37,5407.92,146.16,0
2014-01-11,SKU013,Product B3,West,38,5554.08,146.16,0
2014-01-11,SKU014,Product B4,South,15,6807.0,453.8,1
2014-01-11,SKU014,Product B4,East,40,15664.4,391.61,1
2014-01-11,SKU014,Product B4,West,45,21556.35,479.03,0
2014-01-11,SKU015,Product B5,East,39,2343.12,60.08,0
2014-01-11,SKU015,Product B5,West,42,2069.76,49.28,1
2014-01-11,SKU016,Product B6,South,20,1147.8,57.39,0
2014-01-11,SKU016,Product B6,East,38,2180.82,57.39,0
2014-01-11,SKU017,Product B7,North,8,2446.64,305.83,0
2014-01-11,SKU017,Product B7,South,4,1223.32,305.83,0
2014-01-11,SKU017,Product B7,West,34,10398.22,305.83,0
2014-01-11,SKU018,Product B8,North,14,5145.98,367.57,0
2014-01-11,SKU018,Product B8,South,18,6616.26,367.57,0
2014-01-11,SKU019,Product B9,East,69,4222.11,61.19,1
2014-01-11,SKU020,Product C0,West,7,340.27,48.61,0
2014-01-11,SKU021,Product C1,North,7,2914.87,416.41,0
2014-01-11,SKU021,Product C1,East,54,22486.14,416.41,0
2014-01-11,SKU021,Product C1,West,4,1665.64,416.41,0
2014-01-11,SKU022,Product C2,North,27,11984.49,443.87,0
2014-01-11,SKU022,Product C2,East,51,22637.37,443.87,0
2014-01-11,SKU022,Product C2,West,25,11096.75,443.87,0
2014-01-11,SKU023,Product C3,North,51,14937.9,292.9,0
2014-01-11,SKU023,Product C3,South,15,4393.5,292.9,0
2014-01-11,SKU023,Product C3,West,10,2929.0,292.9,0
2014-01-11,SKU024,Product C4,North,38,1233.1,32.45,0
2014-01-11,SKU024,Product C4,South,36,1089.0,30.25,1
2014-01-11,SKU024,Product C4,East,36,1010.16,28.06,1
2014-01-11,SKU024,Product C4,West,18,584.1,32.45,0
2014-01-11,SKU025,Product C5,West,16,6220.8,388.8,0
2014-01-11,SKU026,Product C6,North,12,5149.32,429.11,0
2014-01-11,SKU026,Product C6,South,42,18022.62,429.11,0
2014-01-11,SKU027,Product C7,North,16,2561.76,160.11,1
2014-01-11,SKU027,Product C7,West,25,4906.5,196.26,0
2014-01-11,SKU028,Product C8,North,8,2571.92,321.49,0
2014-01-11,SKU028,Product C8,East,16,5143.84,321.49,0
2014-01-11,SKU029,Product C9,North,31,2780.7,89.7,0
2014-01-11,SKU029,Product C9,South,31,2780.7,89.7,0
2014-01-11,SKU029,Product C9,East,15,1345.5,89.7,0
2014-01-11,SKU029,Product C9,West,14,1255.8,89.7,0
2014-01-11,SKU030,Product D0,West,51,4722.09,92.59,1
2014-01-11,SKU031,Product D1,East,23,8139.47,353.89,0
2014-01-11,SKU031,Product D1,West,34,12032.26,353.89,0
2014-01-11,SKU032,Product D2,North,29,8945.63,308.47,0
2014-01-11,SKU032,Product D2,East,47,14498.09,308.47,0
2014-01-11,SKU033,Product D3,West,18,4891.14,271.73,0
2014-01-11,SKU034,Product D4,North,15,1351.05,90.07,0
2014-01-11,SKU034,Product D4,South,41,3692.87,90.07,0
2014-01-11,SKU034,Product D4,East,32,2882.24,90.07,0
2014-01-11,SKU034,Product D4,West,26,2062.32,79.32,1
2014-01-11,SKU035,Product D5,East,44,5525.96,125.59,1
2014-01-11,SKU036,Product D6,North,7,823.27,117.61,0
2014-01-11,SKU036,Product D6,South,26,3057.86,117.61,0
2014-01-11,SKU036,Product D6,East,9,1058.49,117.61,0
2014-01-11,SKU036,Product D6,West,8,940.88,117.61,0
2014-01-11,SKU037,Product D7,North,30,10797.3,359.91,1
2014-01-11,SKU037,Product D7,East,60,25380.0,423.0,0
2014-01-11,SKU037,Product D7,West,35,14805.0,423.0,0
2014-01-11,SKU038,Product D8,North,72,7539.12,104.71,1
2014-01-11,SKU038,Product D8,South,39,4766.97,122.23,0
2014-01-11,SKU038,Product D8,East,8,977.84,122.23,0
2014-01-11,SKU038,Product D8,West,7,855.61,122.23,0
2014-01-11,SKU039,Product D9,North,24,9707.28,404.47,0
2014-01-11,SKU039,Product D9,South,39,15774.33,404.47,0
2014-01-11,SKU039,Product D9,East,38,15369.86,404.47,0
2014-01-11,SKU039,Product D9,West,40,16178.8,404.47,0
2014-01-11,SKU040,Product E0,North,28,3953.32,141.19,0
2014-01-11,SKU040,Product E0,South,49,6918.31,141.19,0
2014-01-11,SKU040,Product E0,East,32,4518.08,141.19,0
2014-01-11,SKU041,Product E1,North,12,5489.28,457.44,0
2014-01-11,SKU041,Product E1,South,35,16010.4,457.44,0
2014-01-11,SKU041,Product E1,East,30,13723.2,457.44,0
2014-01-11,SKU041,Product E1,West,10,4574.4,457.44,0
2014-01-11,SKU042,Product E2,North,29,12743.18,439.42,0
2014-01-11,SKU042,Product E2,East,16,5671.68,354.48,1
2014-01-11,SKU042,Product E2,West,40,17576.8,439.42,0
2014-01-11,SKU043,Product E3,North,45,4601.25,102.25,1
2014-01-11,SKU043,Product E3,South,16,1827.04,114.19,0
2014-01-11,SKU043,Product E3,West,28,3197.32,114.19,0
2014-01-11,SKU044,Product E4,North,8,1630.88,203.86,0
2014-01-11,SKU044,Product E4,East,16,3261.76,203.86,0
2014-01-11,SKU045,Product E5,South,16,1207.52,75.47,1
2014-01-11,SKU046,Product E6,North,46,5409.6,117.6,1
2014-01-11,SKU046,Product E6,East,14,1831.9,130.85,0
2014-01-11,SKU047,Product E7,North,40,10964.0,274.1,0
2014-01-11,SKU047,Product E7,South,5,1370.5,274.1,0
2014-01-11,SKU047,Product E7,East,33,9045.3,274.1,0
2014-01-11,SKU047,Product E7,West,11,3015.1,274.1,0
2014-01-11,SKU048,Product E8,North,7,1539.51,219.93,0
2014-01-11,SKU048,Product E8,South,8,1759.44,219.93,0
2014-01-11,SKU048,Product E8,East,8,1445.12,180.64,1
2014-01-11,SKU048,Product E8,West,8,1759.44,219.93,0
2014-01-11,SKU049,Product E9,North,19,3908.49,205.71,0
2014-01-11,SKU049,Product E9,South,10,2057.1,205.71,0
2014-01-11,SKU049,Product E9,East,8,1645.68,205.71,0
2014-01-11,SKU049,Product E9,West,5,1028.55,205.71,0
2014-01-12,SKU000,Product A0,North,22,7113.04,323.32,0
2014-01-12,SKU000,Product A0,South,47,13606.03,289.49,1
2014-01-12,SKU000,Product A0,West,17,5496.44,323.32,0
2014-01-12,SKU001,Product A1,North,55,17859.05,324.71,1
2014-01-12,SKU001,Product A1,South,10,3733.6,373.36,0
2014-01-12,SKU001,Product A1,East,35,13067.6,373.36,0
2014-01-12,SKU002,Product A2,South,31,3700.47,119.37,0
2014-01-12,SKU002,Product A2,East,7,835.59,119.37,0
2014-01-12,SKU002,Product A2,West,14,1671.18,119.37,0
2014-01-12,SKU003,Product A3,South,46,15712.68,341.58,0
2014-01-12,SKU003,Product A3,East,27,9222.66,341.58,0
2014-01-12,SKU004,Product A4,North,59,3103.4,52.6,0
2014-01-12,SKU004,Product A4,South,37,1946.2,52.6,0
2014-01-12,SKU004,Product A4,East,6,252.96,42.16,1
2014-01-12,SKU004,Product A4,West,54,2840.4,52.6,0
2014-01-12,SKU005,Product A5,North,49,1252.93,25.57,0
2014-01-12,SKU005,Product A5,West,10,255.7,25.57,0
2014-01-12,SKU006,Product A6,South,18,2108.34,117.13,0
2014-01-12,SKU006,Product A6,West,34,3982.42,117.13,0
2014-01-12,SKU007,Product A7,North,6,1829.94,304.99,0
2014-01-12,SKU007,Product A7,East,46,14029.54,304.99,0
2014-01-12,SKU007,Product A7,West,63,16792.02,266.54,1
2014-01-12,SKU008,Product A8,North,4,429.72,107.43,0
2014-01-12,SKU008,Product A8,South,22,2363.46,107.43,0
2014-01-12,SKU008,Product A8,East,52,5586.36,107.43,0
2014-01-12,SKU008,Product A8,West,14,1217.86,86.99,1
2014-01-12,SKU009,Product A9,North,22,4742.32,215.56,0
2014-01-12,SKU009,Product A9,South,33,7113.48,215.56,0
2014-01-12,SKU009,Product A9,East,36,7760.16,215.56,0
2014-01-12,SKU009,Product A9,West,34,7329.04,215.56,0
2014-01-12,SKU010,Product B0,North,23,6871.02,298.74,0
2014-01-12,SKU010,Product B0,South,47,14040.78,298.74,0
2014-01-12,SKU010,Product B0,East,8,2389.92,298.74,0
2014-01-12,SKU010,Product B0,West,31,9260.94,298.74,0
2014-01-12,SKU011,Product B1,North,19,7254.58,381.82,0
2014-01-12,SKU011,Product B1,South,24,9163.68,381.82,0
2014-01-12,SKU011,Product B1,East,16,6109.12,381.82,0
2014-01-12,SKU011,Product B1,West,33,12600.06,381.82,0
2014-01-12,SKU012,Product B2,South,55,19364.95,352.09,0
2014-01-12,SKU012,Product B2,East,29,10210.61,352.09,0
2014-01-12,SKU012,Product B2,West,25,8802.25,352.09,0
2014-01-12,SKU013,Product B3,North,45,6577.2,146.16,0
2014-01-12,SKU013,Product B3,South,32,4677.12,146.16,0
2014-01-12,SKU013,Product B3,West,46,6305.68,137.08,1
2014-01-12,SKU014,Product B4,North,51,19748.73,387.23,1
2014-01-12,SKU014,Product B4,East,49,23472.47,479.03,0
2014-01-12,SKU014,Product B4,West,49,23472.47,479.03,0
2014-01-12,SKU015,Product B5,North,38,2283.04,60.08,0
2014-01-12,SKU015,Product B5,South,55,3304.4,60.08,0
2014-01-12,SKU015,Product B5,East,16,871.84,54.49,1
2014-01-12,SKU016,Product B6,South,31,1779.09,57.39,0
2014-01-12,SKU016,Product B6,West,20,940.2,47.01,1
2014-01-12,SKU017,Product B7,North,52,15903.16,305.83,0
2014-01-12,SKU017,Product B7,West,25,7645.75,305.83,0
2014-01-12,SKU018,Product B8,South,73,23507.46,322.02,1
2014-01-12,SKU018,Product B8,West,21,7718.97,367.57,0
2014-01-12,SKU019,Product B9,North,8,569.28,71.16,0
2014-01-12,SKU019,Product B9,South,35,2490.6,71.16,0
2014-01-12,SKU019,Product B9,East,27,1921.32,71.16,0
2014-01-12,SKU019,Product B9,West,40,2846.4,71.16,0
2014-01-12,SKU020,Product C0,North,5,243.05,48.61,0
2014-01-12,SKU020,Product C0,South,14,680.54,48.61,0
2014-01-12,SKU020,Product C0,West,23,1118.03,48.61,0
2014-01-12,SKU021,Product C1,South,8,3331.28,416.41,0
2014-01-12,SKU021,Product C1,East,26,10826.66,416.41,0
2014-01-12,SKU022,Product C2,North,4,1775.48,443.87,0
2014-01-12,SKU022,Product C2,South,23,10209.01,443.87,0
2014-01-12,SKU022,Product C2,East,12,5326.44,443.87,0
2014-01-12,SKU022,Product C2,West,7,3107.09,443.87,0
2014-01-12,SKU023,Product C3,North,10,2929.0,292.9,0
2014-01-12,SKU023,Product C3,South,32,9372.8,292.9,0
2014-01-12,SKU024,Product C4,West,21,564.48,26.88,1
2014-01-12,SKU025,Product C5,North,26,10108.8,388.8,0
2014-01-12,SKU025,Product C5,South,7,2721.6,388.8,0
2014-01-12,SKU025,Product C5,West,17,6076.48,357.44,1
2014-01-12,SKU026,Product C6,West,11,4720.21,429.11,0
2014-01-12,SKU027,Product C7,North,14,2747.64,196.26,0
2014-01-12,SKU027,Product C7,South,33,6476.58,196.26,0
2014-01-12,SKU027,Product C7,East,45,8831.7,196.26,0
2014-01-12,SKU028,Product C8,North,22,7072.78,321.49,0
2014-01-12,SKU028,Product C8,East,14,4500.86,321.49,0
2014-01-12,SKU029,Product C9,North,22,1973.4,89.7,0
2014-01-12,SKU029,Product C9,South,29,2374.23,81.87,1
2014-01-12,SKU029,Product C9,East,19,1704.3,89.7,0
2014-01-12,SKU029,Product C9,West,30,2691.0,89.7,0
2014-01-12,SKU030,Product D0,North,31,3492.46,112.66,0
2014-01-12,SKU030,Product D0,South,20,2107.2,105.36,1
2014-01-12,SKU030,Product D0,East,41,4619.06,112.66,0
2014-01-12,SKU031,Product D1,North,8,2831.12,353.89,0
2014-01-12,SKU031,Product D1,South,42,14863.38,353.89,0
2014-01-12,SKU031,Product D1,West,17,6016.13,353.89,0
2014-01-12,SKU032,Product D2,North,56,17274.32,308.47,0
2014-01-12,SKU032,Product D2,South,20,6169.4,308.47,0
2014-01-12,SKU033,Product D3,East,45,12227.85,271.73,0
2014-01-12,SKU033,Product D3,West,24,6521.52,271.73,0
2014-01-12,SKU034,Product D4,North,18,1621.26,90.07,0
2014-01-12,SKU034,Product D4,West,8,720.56,90.07,0
2014-01-12,SKU035,Product D5,South,17,2418.59,142.27,0
2014-01-12,SKU035,Product D5,East,15,2009.25,133.95,1
2014-01-12,SKU036,Product D6,South,29,3410.69,117.61,0
2014-01-12,SKU036,Product D6,West,31,3346.14,107.94,1
2014-01-12,SKU037,Product D7,North,26,10998.0,423.0,0
2014-01-12,SKU037,Product D7,East,38,16074.0,423.0,0
2014-01-12,SKU037,Product D7,West,35,14805.0,423.0,0
2014-01-12,SKU038,Product D8,North,35,4278.05,122.23,0
2014-01-12,SKU038,Product D8,South,64,7066.88,110.42,1
2014-01-12,SKU038,Product D8,East,11,1344.53,122.23,0
2014-01-12,SKU038,Product D8,West,32,3162.88,98.84,1
2014-01-12,SKU039,Product D9,North,28,11325.16,404.47,0
2014-01-12,SKU039,Product D9,South,43,16405.36,381.52,1
2014-01-12,SKU039,Product D9,East,15,6067.05,404.47,0
2014-01-12,SKU039,Product D9,West,15,6067.05,404.47,0
2014-01-12,SKU040,Product E0,North,41,5788.79,141.19,0
2014-01-12,SKU040,Product E0,South,13,1835.47,141.19,0
2014-01-12,SKU040,Product E0,East,19,2682.61,141.19,0
2014-01-12,SKU041,Product E1,North,42,17232.6,410.3,1
2014-01-12,SKU041,Product E1,South,57,26074.08,457.44,0
2014-01-12,SKU042,Product E2,North,19,8348.98,439.42,0
2014-01-12,SKU042,Product E2,South,37,16258.54,439.42,0
2014-01-12,SKU042,Product E2,East,5,2197.1,439.42,0
2014-01-12,SKU042,Product E2,West,45,19773.9,439.42,0
2014-01-12,SKU043,Product E3,North,22,2512.18,114.19,0
2014-01-12,SKU043,Product E3,East,25,2612.0,104.48,1
2014-01-12,SKU043,Product E3,West,23,2111.63,91.81,1
2014-01-12,SKU044,Product E4,North,31,6319.66,203.86,0
2014-01-12,SKU044,Product E4,East,4,815.44,203.86,0
2014-01-12,SKU044,Product E4,West,53,10804.58,203.86,0
2014-01-12,SKU045,Product E5,North,43,3440.43,80.01,0
2014-01-12,SKU045,Product E5,South,41,3280.41,80.01,0
2014-01-12,SKU045,Product E5,East,6,480.06,80.01,0
2014-01-12,SKU045,Product E5,West,23,1840.23,80.01,0
2014-01-12,SKU046,Product E6,North,17,2224.45,130.85,0
2014-01-12,SKU046,Product E6,South,8,1046.8,130.85,0
2014-01-12,SKU046,Product E6,East,9,1177.65,130.85,0
2014-01-12,SKU046,Product E6,West,70,8276.1,118.23,1
2014-01-12,SKU047,Product E7,North,9,2466.9,274.1,0
2014-01-12,SKU047,Product E7,East,19,4188.17,220.43,1
2014-01-12,SKU048,Product E8,North,7,1539.51,219.93,0
2014-01-12,SKU048,Product E8,West,10,2199.3,219.93,0
2014-01-12,SKU049,Product E9,South,36,7405.56,205.71,0
2014-01-12,SKU049,Product E9,East,24,4937.04,205.71,0
2014-01-12,SKU049,Product E9,West,11,2262.81,205.71,0
2014-01-13,SKU000,Product A0,North,20,5963.8,298.19,1
2014-01-13,SKU000,Product A0,South,9,2909.88,323.32,0
2014-01-13,SKU000,Product A0,West,10,3233.2,323.32,0
2014-01-13,SKU001,Product A1,South,22,8213.92,373.36,0
2014-01-13,SKU001,Product A1,West,51,19041.36,373.36,0
2014-01-13,SKU002,Product A2,North,14,1671.18,119.37,0
2014-01-13,SKU002,Product A2,South,39,4655.43,119.37,0
2014-01-13,SKU002,Product A2,East,34,4058.58,119.37,0
2014-01-13,SKU003,Product A3,North,55,18786.9,341.58,0
2014-01-13,SKU003,Product A3,South,9,3074.22,341.58,0
2014-01-13,SKU003,Product A3,West,5,1707.9,341.58,0
2014-01-13,SKU004,Product A4,North,27,1332.99,49.37,1
2014-01-13,SKU004,Product A4,West,16,841.6,52.6,0
2014-01-13,SKU005,Product A5,North,28,715.96,25.57,0
2014-01-13,SKU005,Product A5,South,20,511.4,25.57,0
2014-01-13,SKU005,Product A5,East,51,1304.07,25.57,0
2014-01-13,SKU005,Product A5,West,17,434.69,25.57,0
2014-01-13,SKU006,Product A6,North,44,4502.96,102.34,1
2014-01-13,SKU006,Product A6,South,20,1935.2,96.76,1
2014-01-13,SKU006,Product A6,West,23,2693.99,117.13,0
2014-01-13,SKU007,Product A7,North,12,3659.88,304.99,0
2014-01-13,SKU007,Product A7,South,20,6099.8,304.99,0
2014-01-13,SKU007,Product A7,East,22,6709.78,304.99,0
2014-01-13,SKU007,Product A7,West,12,3659.88,304.99,0
2014-01-13,SKU008,Product A8,North,31,3330.33,107.43,0
2014-01-13,SKU008,Product A8,East,29,2915.95,100.55,1
2014-01-13,SKU008,Product A8,West,38,4082.34,107.43,0
2014-01-13,SKU009,Product A9,North,25,5389.0,215.56,0
2014-01-13,SKU009,Product A9,South,17,3664.52,215.56,0
2014-01-13,SKU009,Product A9,East,10,2155.6,215.56,0
2014-01-13,SKU010,Product B0,North,32,9559.68,298.74,0
2014-01-13,SKU010,Product B0,East,27,8065.98,298.74,0
2014-01-13,SKU010,Product B0,West,8,2246.08,280.76,1
2014-01-13,SKU012,Product B2,North,42,14787.78,352.09,0
2014-01-13,SKU012,Product B2,South,36,12675.24,352.09,0
2014-01-13,SKU012,Product B2,East,21,7393.89,352.09,0
2014-01-13,SKU012,Product B2,West,29,10210.61,352.09,0
2014-01-13,SKU013,Product B3,North,35,5115.6,146.16,0
2014-01-13,SKU013,Product B3,South,38,5554.08,146.16,0
2014-01-13,SKU013,Product B3,East,11,1607.76,146.16,0
2014-01-13,SKU014,Product B4,North,67,30056.87,448.61,1
2014-01-13,SKU014,Product B4,South,23,11017.69,479.03,0
2014-01-13,SKU014,Product B4,West,26,12454.78,479.03,0
2014-01-13,SKU015,Product B5,West,40,2403.2,60.08,0
2014-01-13,SKU016,Product B6,North,19,1090.41,57.39,0
2014-01-13,SKU016,Product B6,South,21,976.71,46.51,1
2014-01-13,SKU016,Product B6,East,34,1951.26,57.39,0
2014-01-13,SKU016,Product B6,West,15,860.85,57.39,0
2014-01-13,SKU017,Product B7,North,9,2752.47,305.83,0
2014-01-13,SKU017,Product B7,South,7,2140.81,305.83,0
2014-01-13,SKU017,Product B7,East,25,7645.75,305.83,0
2014-01-13,SKU017,Product B7,West,30,9174.9,305.83,0
2014-01-13,SKU018,Product B8,North,17,5219.0,307.0,1
2014-01-13,SKU018,Product B8,East,31,10111.27,326.17,1
2014-01-13,SKU018,Product B8,West,38,13967.66,367.57,0
2014-01-13,SKU019,Product B9,North,23,1636.68,71.16,0
2014-01-13,SKU019,Product B9,South,24,1707.84,71.16,0
2014-01-13,SKU019,Product B9,East,25,1779.0,71.16,0
2014-01-13,SKU019,Product B9,West,26,1850.16,71.16,0
2014-01-13,SKU020,Product C0,East,39,1895.79,48.61,0
2014-01-13,SKU021,Product C1,North,12,4996.92,416.41,0
2014-01-13,SKU021,Product C1,South,15,6246.15,416.41,0
2014-01-13,SKU021,Product C1,East,30,12492.3,416.41,0
2014-01-13,SKU021,Product C1,West,49,20404.09,416.41,0
2014-01-13,SKU022,Product C2,North,29,12872.23,443.87,0
2014-01-13,SKU022,Product C2,East,17,7545.79,443.87,0
2014-01-13,SKU022,Product C2,West,7,3107.09,443.87,0
2014-01-13,SKU023,Product C3,South,48,14059.2,292.9,0
2014-01-13,SKU023,Product C3,West,16,4686.4,292.9,0
2014-01-13,SKU024,Product C4,West,36,1168.2,32.45,0
2014-01-13,SKU025,Product C5,North,44,17107.2,388.8,0
2014-01-13,SKU025,Product C5,West,28,10886.4,388.8,0
2014-01-13,SKU026,Product C6,South,6,2574.66,429.11,0
2014-01-13,SKU026,Product C6,East,26,11156.86,429.11,0
2014-01-13,SKU026,Product C6,West,19,8153.09,429.11,0
2014-01-13,SKU027,Product C7,North,31,6084.06,196.26,0
2014-01-13,SKU027,Product C7,East,37,7261.62,196.26,0
2014-01-13,SKU027,Product C7,West,27,5299.02,196.26,0
2014-01-13,SKU028,Product C8,West,43,13824.07,321.49,0
2014-01-13,SKU029,Product C9,North,18,1313.28,72.96,1
2014-01-13,SKU029,Product C9,West,18,1614.6,89.7,0
2014-01-13,SKU030,Product D0,North,3,337.98,112.66,0
2014-01-13,SKU030,Product D0,South,31,3492.46,112.66,0
2014-01-13,SKU030,Product D0,East,70,7093.8,101.34,1
2014-01-13,SKU030,Product D0,West,4,450.64,112.66,0
2014-01-13,SKU031,Product D1,North,23,8139.47,353.89,0
2014-01-13,SKU031,Product D1,South,32,11324.48,353.89,0
2014-01-13,SKU032,Product D2,North,18,5552.46,308.47,0
2014-01-13,SKU032,Product D2,South,44,13572.68,308.47,0
2014-01-13,SKU032,Product D2,East,22,6786.34,308.47,0
2014-01-13,SKU033,Product D3,North,35,9510.55,271.73,0
2014-01-13,SKU033,Product D3,West,16,4347.68,271.73,0
2014-01-13,SKU034,Product D4,North,50,4503.5,90.07,0
2014-01-13,SKU034,Product D4,South,23,2071.61,90.07,0
2014-01-13,SKU035,Product D5,North,36,5121.72,142.27,0
2014-01-13,SKU035,Product D5,West,7,995.89,142.27,0
2014-01-13,SKU036,Product D6,North,8,940.88,117.61,0
2014-01-13,SKU036,Product D6,South,13,1528.93,117.61,0
2014-01-13,SKU036,Product D6,East,9,1058.49,117.61,0
2014-01-13,SKU036,Product D6,West,27,3175.47,117.61,0
2014-01-13,SKU037,Product D7,North,48,20304.0,423.0,0
2014-01-13,SKU037,Product D7,South,30,12690.0,423.0,0
2014-01-13,SKU037,Product D7,East,29,12267.0,423.0,0
2014-01-13,SKU037,Product D7,West,34,14382.0,423.0,0
2014-01-13,SKU038,Product D8,South,27,2836.62,105.06,1
2014-01-13,SKU038,Product D8,East,14,1711.22,122.23,0
2014-01-13,SKU038,Product D8,West,44,5378.12,122.23,0
2014-01-13,SKU039,Product D9,South,20,8089.4,404.47,0
2014-01-13,SKU039,Product D9,East,7,2831.29,404.47,0
2014-01-13,SKU039,Product D9,West,26,10516.22,404.47,0
2014-01-13,SKU040,Product E0,South,48,6777.12,141.19,0
2014-01-13,SKU040,Product E0,East,38,5365.22,141.19,0
2014-01-13,SKU040,Product E0,West,11,1454.2,132.2,1
2014-01-13,SKU041,Product E1,North,29,13265.76,457.44,0
2014-01-13,SKU041,Product E1,South,32,14638.08,457.44,0
2014-01-13,SKU041,Product E1,East,50,22872.0,457.44,0
2014-01-13,SKU042,Product E2,North,49,21531.58,439.42,0
2014-01-13,SKU042,Product E2,South,9,3954.78,439.42,0
2014-01-13,SKU042,Product E2,East,4,1757.68,439.42,0
2014-01-13,SKU042,Product E2,West,29,12743.18,439.42,0
2014-01-13,SKU043,Product E3,North,10,1141.9,114.19,0
2014-01-13,SKU043,Product E3,South,35,3996.65,114.19,0
2014-01-13,SKU043,Product E3,East,7,799.33,114.19,0
2014-01-13,SKU044,Product E4,North,22,4484.92,203.86,0
2014-01-13,SKU044,Product E4,South,24,4892.64,203.86,0
2014-01-13,SKU044,Product E4,East,47,9581.42,203.86,0
2014-01-13,SKU044,Product E4,West,24,4892.64,203.86,0
2014-01-13,SKU045,Product E5,North,28,2240.28,80.01,0
2014-01-13,SKU045,Product E5,South,35,2800.35,80.01,0
2014-01-13,SKU045,Product E5,East,48,3840.48,80.01,0
2014-01-13,SKU045,Product E5,West,19,1520.19,80.01,0
2014-01-13,SKU046,Product E6,North,11,1439.35,130.85,0
2014-01-13,SKU046,Product E6,East,16,2093.6,130.85,0
2014-01-13,SKU046,Product E6,West,33,4318.05,130.85,0
2014-01-13,SKU047,Product E7,North,25,6852.5,274.1,0
2014-01-13,SKU047,Product E7,South,17,4111.11,241.83,1
2014-01-13,SKU047,Product E7,East,29,7948.9,274.1,0
2014-01-13,SKU047,Product E7,West,17,4412.35,259.55,1
2014-01-13,SKU048,Product E8,East,36,7917.48,219.93,0
2014-01-13,SKU049,Product E9,North,29,5965.59,205.71,0
2014-01-13,SKU049,Product E9,South,20,4114.2,205.71,0
2014-01-13,SKU049,Product E9,East,20,4114.2,205.71,0
2014-01-13,SKU049,Product E9,West,34,6994.14,205.71,0
2014-01-14,SKU000,Product A0,North,33,9357.48,283.56,1
2014-01-14,SKU000,Product A0,South,25,8083.0,323.32,0
2014-01-14,SKU000,Product A0,West,26,8406.32,323.32,0
2014-01-14,SKU001,Product A1,North,41,15307.76,373.36,0
2014-01-14,SKU001,Product A1,South,29,10827.44,373.36,0
2014-01-14,SKU001,Product A1,East,52,19414.72,373.36,0
2014-01-14,SKU001,Product A1,West,10,3733.6,373.36,0
2014-01-14,SKU002,Product A2,North,11,1097.69,99.79,1
2014-01-14,SKU002,Product A2,South,9,1074.33,119.37,0
2014-01-14,SKU002,Product A2,East,5,596.85,119.37,0
2014-01-14,SKU002,Product A2,West,10,1193.7,119.37,0
2014-01-14,SKU003,Product A3,East,18,6148.44,341.58,0
2014-01-14,SKU004,Product A4,North,30,1578.0,52.6,0
2014-01-14,SKU004,Product A4,South,51,2682.6,52.6,0
2014-01-14,SKU004,Product A4,West,26,1367.6,52.6,0
2014-01-14,SKU005,Product A5,North,40,1022.8,25.57,0
2014-01-14,SKU005,Product A5,South,11,281.27,25.57,0
2014-01-14,SKU005,Product A5,East,19,485.83,25.57,0
2014-01-14,SKU005,Product A5,West,34,869.38,25.57,0
2014-01-14,SKU006,Product A6,South,20,2342.6,117.13,0
2014-01-14,SKU006,Product A6,East,40,4685.2,117.13,0
2014-01-14,SKU006,Product A6,West,39,4568.07,117.13,0
2014-01-14,SKU007,Product A7,West,4,1219.96,304.99,0
2014-01-14,SKU008,Product A8,North,3,322.29,107.43,0
2014-01-14,SKU008,Product A8,South,3,322.29,107.43,0
2014-01-14,SKU008,Product A8,East,39,4189.77,107.43,0
2014-01-14,SKU009,Product A9,North,34,7329.04,215.56,0
2014-01-14,SKU009,Product A9,South,22,4742.32,215.56,0
2014-01-14,SKU009,Product A9,West,30,6466.8,215.56,0
2014-01-14,SKU010,Product B0,North,19,5676.06,298.74,0
2014-01-14,SKU010,Product B0,East,14,4182.36,298.74,0
2014-01-14,SKU011,Product B1,South,18,6872.76,381.82,0
2014-01-14,SKU011,Product B1,West,31,11836.42,381.82,0
2014-01-14,SKU012,Product B2,South,25,8802.25,352.09,0
2014-01-14,SKU012,Product B2,West,13,4577.17,352.09,0
2014-01-14,SKU013,Product B3,North,23,3361.68,146.16,0
2014-01-14,SKU013,Product B3,South,49,7161.84,146.16,0
2014-01-14,SKU013,Product B3,East,4,584.64,146.16,0
2014-01-14,SKU013,Product B3,West,23,3361.68,146.16,0
2014-01-14,SKU014,Product B4,North,19,7641.04,402.16,1
2014-01-14,SKU014,Product B4,South,22,10538.66,479.03,0
2014-01-14,SKU015,Product B5,North,11,660.88,60.08,0
2014-01-14,SKU015,Product B5,South,14,677.74,48.41,1
2014-01-14,SKU015,Product B5,West,30,1802.4,60.08,0
2014-01-14,SKU016,Product B6,North,28,1606.92,57.39,0
2014-01-14,SKU016,Product B6,South,25,1239.75,49.59,1
2014-01-14,SKU016,Product B6,East,20,1147.8,57.39,0
2014-01-14,SKU016,Product B6,West,26,1492.14,57.39,0
2014-01-14,SKU017,Product B7,North,46,14068.18,305.83,0
2014-01-14,SKU017,Product B7,South,27,8257.41,305.83,0
2014-01-14,SKU017,Product B7,West,15,4587.45,305.83,0
2014-01-14,SKU018,Product B8,North,10,3675.7,367.57,0
2014-01-14,SKU018,Product B8,South,36,13232.52,367.57,0
2014-01-14,SKU018,Product B8,East,22,6598.24,299.92,1
2014-01-14,SKU018,Product B8,West,6,2205.42,367.57,0
2014-01-14,SKU019,Product B9,North,11,782.76,71.16,0
2014-01-14,SKU019,Product B9,South,35,2490.6,71.16,0
2014-01-14,SKU019,Product B9,East,14,996.24,71.16,0
2014-01-14,SKU019,Product B9,West,27,1921.32,71.16,0
2014-01-14,SKU021,Product C1,South,32,13325.12,416.41,0
2014-01-14,SKU021,Product C1,East,40,16656.4,416.41,0
2014-01-14,SKU021,Product C1,West,31,12908.71,416.41,0
2014-01-14,SKU022,Product C2,North,25,11096.75,443.87,0
2014-01-14,SKU022,Product C2,South,25,11096.75,443.87,0
2014-01-14,SKU022,Product C2,East,6,2663.22,443.87,0
2014-01-14,SKU022,Product C2,West,23,10209.01,443.87,0
2014-01-14,SKU023,Product C3,North,13,3807.7,292.9,0
2014-01-14,SKU023,Product C3,South,30,8787.0,292.9,0
2014-01-14,SKU023,Product C3,East,24,7029.6,292.9,0
2014-01-14,SKU023,Product C3,West,9,2203.11,244.79,1
2014-01-14,SKU024,Product C4,North,23,746.35,32.45,0
2014-01-14,SKU024,Product C4,East,22,713.9,32.45,0
2014-01-14,SKU024,Product C4,West,35,1135.75,32.45,0
2014-01-14,SKU025,Product C5,North,10,3888.0,388.8,0
2014-01-14,SKU025,Product C5,South,10,3888.0,388.8,0
2014-01-14,SKU025,Product C5,East,9,2985.93,331.77,1
2014-01-14,SKU025,Product C5,West,23,8942.4,388.8,0
2014-01-14,SKU026,Product C6,West,38,16306.18,429.11,0
2014-01-14,SKU027,Product C7,South,28,5495.28,196.26,0
2014-01-14,SKU027,Product C7,East,16,3140.16,196.26,0
2014-01-14,SKU028,Product C8,North,18,5786.82,321.49,0
2014-01-14,SKU028,Product C8,South,22,7072.78,321.49,0
2014-01-14,SKU028,Product C8,East,11,3536.39,321.49,0
2014-01-14,SKU029,Product C9,North,4,358.8,89.7,0
2014-01-14,SKU029,Product C9,East,14,1050.84,75.06,1
2014-01-14,SKU030,Product D0,North,25,2816.5,112.66,0
2014-01-14,SKU030,Product D0,South,11,1145.1,104.1,1
2014-01-14,SKU030,Product D0,East,4,450.64,112.66,0
2014-01-14,SKU030,Product D0,West,40,4506.4,112.66,0
2014-01-14,SKU031,Product D1,North,9,3185.01,353.89,0
2014-01-14,SKU031,Product D1,East,10,3538.9,353.89,0
2014-01-14,SKU031,Product D1,West,11,3892.79,353.89,0
2014-01-14,SKU032,Product D2,North,37,11413.39,308.47,0
2014-01-14,SKU032,Product D2,South,4,1233.88,308.47,0
2014-01-14,SKU032,Product D2,East,20,6169.4,308.47,0
2014-01-14,SKU032,Product D2,West,25,7711.75,308.47,0
2014-01-14,SKU033,Product D3,North,38,10325.74,271.73,0
2014-01-14,SKU033,Product D3,East,16,4347.68,271.73,0
2014-01-14,SKU034,Product D4,North,11,929.83,84.53,1
2014-01-14,SKU034,Product D4,East,13,1170.91,90.07,0
2014-01-14,SKU034,Product D4,West,21,1891.47,90.07,0
2014-01-14,SKU035,Product D5,North,23,3067.51,133.37,1
2014-01-14,SKU036,Product D6,North,5,588.05,117.61,0
2014-01-14,SKU036,Product D6,East,11,1293.71,117.61,0
2014-01-14,SKU037,Product D7,North,5,2115.0,423.0,0
2014-01-14,SKU037,Product D7,East,27,11421.0,423.0,0
2014-01-14,SKU037,Product D7,West,21,8883.0,423.0,0
2014-01-14,SKU038,Product D8,South,34,4155.82,122.23,0
2014-01-14,SKU038,Product D8,East,15,1833.45,122.23,0
2014-01-14,SKU038,Product D8,West,31,3789.13,122.23,0
2014-01-14,SKU039,Product D9,North,40,16178.8,404.47,0
2014-01-14,SKU039,Product D9,West,8,3071.04,383.88,1
2014-01-14,SKU040,Product E0,North,18,2166.3,120.35,1
2014-01-14,SKU040,Product E0,West,14,1976.66,141.19,0
2014-01-14,SKU041,Product E1,South,26,9760.66,375.41,1
2014-01-14,SKU041,Product E1,West,5,2287.2,457.44,0
2014-01-14,SKU042,Product E2,North,14,5694.22,406.73,1
2014-01-14,SKU042,Product E2,South,18,7909.56,439.42,0
2014-01-14,SKU042,Product E2,East,20,8788.4,439.42,0
2014-01-14,SKU043,Product E3,South,20,2283.8,114.19,0
2014-01-14,SKU043,Product E3,East,43,4910.17,114.19,0
2014-01-14,SKU043,Product E3,West,28,3197.32,114.19,0
2014-01-14,SKU044,Product E4,North,4,815.44,203.86,0
2014-01-14,SKU044,Product E4,East,51,10396.86,203.86,0
2014-01-14,SKU044,Product E4,West,35,7135.1,203.86,0
2014-01-14,SKU045,Product E5,North,8,640.08,80.01,0
2014-01-14,SKU045,Product E5,South,20,1374.4,68.72,1
2014-01-14,SKU045,Product E5,West,9,720.09,80.01,0
2014-01-14,SKU046,Product E6,North,37,4841.45,130.85,0
2014-01-14,SKU046,Product E6,South,26,3402.1,130.85,0
2014-01-14,SKU046,Product E6,East,7,915.95,130.85,0
2014-01-14,SKU046,Product E6,West,14,1831.9,130.85,0
2014-01-14,SKU047,Product E7,North,26,7126.6,274.1,0
2014-01-14,SKU047,Product E7,South,22,5067.7,230.35,1
2014-01-14,SKU047,Product E7,East,45,12334.5,274.1,0
2014-01-14,SKU047,Product E7,West,12,2807.28,233.94,1
2014-01-14,SKU048,Product E8,North,12,2639.16,219.93,0
2014-01-14,SKU048,Product E8,South,17,3219.46,189.38,1
2014-01-14,SKU048,Product E8,East,8,1759.44,219.93,0
2014-01-14,SKU048,Product E8,West,5,1099.65,219.93,0
2014-01-14,SKU049,Product E9,North,29,5965.59,205.71,0
2014-01-14,SKU049,Product E9,West,34,6994.14,205.71,0
2014-01-15,SKU000,Product A0,North,40,12932.8,323.32,0
2014-01-15,SKU000,Product A0,South,10,3233.2,323.32,0
2014-01-15,SKU000,Product A0,West,49,15842.68,323.32,0
2014-01-15,SKU001,Product A1,North,40,14934.4,373.36,0
2014-01-15,SKU001,Product A1,South,29,9906.4,341.6,1
2014-01-15,SKU002,Product A2,South,25,2984.25,119.37,0
2014-01-15,SKU002,Product A2,East,19,2268.03,119.37,0
2014-01-15,SKU002,Product A2,West,49,5849.13,119.37,0
2014-01-15,SKU003,Product A3,North,20,6831.6,341.58,0
2014-01-15,SKU004,Product A4,North,29,1525.4,52.6,0
2014-01-15,SKU004,Product A4,West,24,1262.4,52.6,0
2014-01-15,SKU005,Product A5,North,9,230.13,25.57,0
2014-01-15,SKU005,Product A5,South,29,741.53,25.57,0
2014-01-15,SKU005,Product A5,East,19,485.83,25.57,0
2014-01-15,SKU005,Product A5,West,8,204.56,25.57,0
2014-01-15,SKU006,Product A6,North,6,702.78,117.13,0
2014-01-15,SKU006,Product A6,South,22,2576.86,117.13,0
2014-01-15,SKU006,Product A6,West,7,773.92,110.56,1
2014-01-15,SKU007,Product A7,North,23,7014.77,304.99,0
2014-01-15,SKU007,Product A7,East,65,17211.35,264.79,1
2014-01-15,SKU008,Product A8,North,17,1625.71,95.63,1
2014-01-15,SKU008,Product A8,East,35,3760.05,107.43,0
2014-01-15,SKU008,Product A8,West,6,644.58,107.43,0
2014-01-15,SKU009,Product A9,North,37,6708.1,181.3,1
2014-01-15,SKU009,Product A9,East,26,5604.56,215.56,0
2014-01-15,SKU009,Product A9,West,5,1077.8,215.56,0
2014-01-15,SKU010,Product B0,North,16,4779.84,298.74,0
2014-01-15,SKU010,Product B0,South,30,8962.2,298.74,0
2014-01-15,SKU010,Product B0,West,43,12845.82,298.74,0
2014-01-15,SKU011,Product B1,North,30,11454.6,381.82,0
2014-01-15,SKU011,Product B1,South,10,3818.2,381.82,0
2014-01-15,SKU012,Product B2,South,14,4929.26,352.09,0
2014-01-15,SKU012,Product B2,East,16,5633.44,352.09,0
2014-01-15,SKU012,Product B2,West,36,12675.24,352.09,0
2014-01-15,SKU013,Product B3,East,73,8885.56,121.72,1
2014-01-15,SKU013,Product B3,West,38,5554.08,146.16,0
2014-01-15,SKU014,Product B4,North,19,9101.57,479.03,0
2014-01-15,SKU014,Product B4,South,3,1437.09,479.03,0
2014-01-15,SKU014,Product B4,East,20,9580.6,479.03,0
2014-01-15,SKU014,Product B4,West,51,24430.53,479.03,0
2014-01-15,SKU015,Product B5,North,31,1862.48,60.08,0
2014-01-15,SKU015,Product B5,South,13,781.04,60.08,0
2014-01-15,SKU015,Product B5,East,13,781.04,60.08,0
2014-01-15,SKU016,Product B6,North,29,1664.31,57.39,0
2014-01-15,SKU016,Product B6,West,13,669.5,51.5,1
2014-01-15,SKU017,Product B7,North,35,10704.05,305.83,0
2014-01-15,SKU017,Product B7,South,37,11315.71,305.83,0
2014-01-15,SKU017,Product B7,East,23,7034.09,305.83,0
2014-01-15,SKU018,Product B8,North,8,2940.56,367.57,0
2014-01-15,SKU018,Product B8,South,27,9924.39,367.57,0
2014-01-15,SKU019,Product B9,North,28,1992.48,71.16,0
2014-01-15,SKU019,Product B9,South,34,2419.44,71.16,0
2014-01-15,SKU019,Product B9,West,12,853.92,71.16,0
2014-01-15,SKU020,Product C0,North,4,194.44,48.61,0
2014-01-15,SKU020,Product C0,West,17,826.37,48.61,0
2014-01-15,SKU021,Product C1,North,43,17905.63,416.41,0
2014-01-15,SKU021,Product C1,South,8,3331.28,416.41,0
2014-01-15,SKU021,Product C1,East,36,14990.76,416.41,0
2014-01-15,SKU021,Product C1,West,21,8744.61,416.41,0
2014-01-15,SKU022,Product C2,North,11,4882.57,443.87,0
2014-01-15,SKU022,Product C2,West,21,9321.27,443.87,0
2014-01-15,SKU023,Product C3,North,6,1757.4,292.9,0
2014-01-15,SKU023,Product C3,South,28,8201.2,292.9,0
2014-01-15,SKU023,Product C3,East,11,2932.38,266.58,1
2014-01-15,SKU023,Product C3,West,18,5272.2,292.9,0
2014-01-15,SKU024,Product C4,North,14,454.3,32.45,0
2014-01-15,SKU025,Product C5,North,20,6247.8,312.39,1
2014-01-15,SKU025,Product C5,East,35,11421.2,326.32,1
2014-01-15,SKU025,Product C5,West,29,11275.2,388.8,0
2014-01-15,SKU026,Product C6,North,4,1716.44,429.11,0
2014-01-15,SKU026,Product C6,South,17,7294.87,429.11,0
2014-01-15,SKU026,Product C6,East,33,14160.63,429.11,0
2014-01-15,SKU026,Product C6,West,15,6436.65,429.11,0
2014-01-15,SKU027,Product C7,South,28,5495.28,196.26,0
2014-01-15,SKU027,Product C7,East,23,4513.98,196.26,0
2014-01-15,SKU027,Product C7,West,10,1576.9,157.69,1
2014-01-15,SKU028,Product C8,North,18,5786.82,321.49,0
2014-01-15,SKU028,Product C8,South,12,3857.88,321.49,0
2014-01-15,SKU028,Product C8,East,18,5786.82,321.49,0
2014-01-15,SKU028,Product C8,West,37,11895.13,321.49,0
2014-01-15,SKU029,Product C9,South,32,2870.4,89.7,0
2014-01-15,SKU029,Product C9,East,37,3318.9,89.7,0
2014-01-15,SKU029,Product C9,West,31,2780.7,89.7,0
2014-01-15,SKU030,Product D0,South,26,2929.16,112.66,0
2014-01-15,SKU030,Product D0,West,34,3830.44,112.66,0
2014-01-15,SKU031,Product D1,North,45,15925.05,353.89,0
2014-01-15,SKU031,Product D1,West,23,8139.47,353.89,0
2014-01-15,SKU032,Product D2,North,37,9438.7,255.1,1
2014-01-15,SKU032,Product D2,East,6,1850.82,308.47,0
2014-01-15,SKU032,Product D2,West,16,4935.52,308.47,0
2014-01-15,SKU033,Product D3,North,18,4891.14,271.73,0
2014-01-15,SKU033,Product D3,South,16,4347.68,271.73,0
2014-01-15,SKU033,Product D3,East,27,7336.71,271.73,0
2014-01-15,SKU034,Product D4,East,43,3873.01,90.07,0
2014-01-15,SKU035,Product D5,North,20,2487.2,124.36,1
2014-01-15,SKU035,Product D5,South,7,995.89,142.27,0
2014-01-15,SKU035,Product D5,East,28,3197.6,114.2,1
2014-01-15,SKU035,Product D5,West,5,711.35,142.27,0
2014-01-15,SKU036,Product D6,South,50,5273.0,105.46,1
2014-01-15,SKU036,Product D6,East,30,3528.3,117.61,0
2014-01-15,SKU037,Product D7,North,39,16497.0,423.0,0
2014-01-15,SKU037,Product D7,South,22,9306.0,423.0,0
2014-01-15,SKU038,Product D8,North,43,4381.27,101.89,1
2014-01-15,SKU038,Product D8,South,26,3177.98,122.23,0
2014-01-15,SKU038,Product D8,East,6,733.38,122.23,0
2014-01-15,SKU038,Product D8,West,43,5255.89,122.23,0
2014-01-15,SKU039,Product D9,South,4,1617.88,404.47,0
2014-01-15,SKU039,Product D9,East,24,9707.28,404.47,0
2014-01-15,SKU039,Product D9,West,40,14061.2,351.53,1
2014-01-15,SKU041,Product E1,North,31,14180.64,457.44,0
2014-01-15,SKU041,Product E1,South,32,14638.08,457.44,0
2014-01-15,SKU041,Product E1,East,25,11436.0,457.44,0
2014-01-15,SKU041,Product E1,West,7,3202.08,457.44,0
2014-01-15,SKU042,Product E2,North,44,19334.48,439.42,0
2014-01-15,SKU042,Product E2,South,31,11339.18,365.78,1
2014-01-15,SKU042,Product E2,East,8,3515.36,439.42,0
2014-01-15,SKU043,Product E3,North,24,2740.56,114.19,0
2014-01-15,SKU043,Product E3,South,20,1871.6,93.58,1
2014-01-15,SKU043,Product E3,East,34,3882.46,114.19,0
2014-01-15,SKU044,Product E4,North,17,3465.62,203.86,0
2014-01-15,SKU044,Product E4,East,7,1427.02,203.86,0
2014-01-15,SKU045,Product E5,North,30,2158.5,71.95,1
2014-01-15,SKU045,Product E5,South,25,2000.25,80.01,0
2014-01-15,SKU045,Product E5,East,30,2400.3,80.01,0
2014-01-15,SKU045,Product E5,West,18,1440.18,80.01,0
2014-01-15,SKU046,Product E6,South,16,2093.6,130.85,0
2014-01-15,SKU046,Product E6,East,36,4710.6,130.85,0
2014-01-15,SKU046,Product E6,West,48,5133.12,106.94,1
2014-01-15,SKU047,Product E7,North,16,3657.44,228.59,1
2014-01-15,SKU047,Product E7,East,7,1918.7,274.1,0
2014-01-15,SKU047,Product E7,West,25,6852.5,274.1,0
2014-01-15,SKU048,Product E8,North,22,4838.46,219.93,0
2014-01-15,SKU048,Product E8,South,13,2859.09,219.93,0
2014-01-15,SKU048,Product E8,East,24,5278.32,219.93,0
2014-01-15,SKU048,Product E8,West,30,6597.9,219.93,0
2014-01-15,SKU049,Product E9,South,4,822.84,205.71,0
2014-01-15,SKU049,Product E9,East,22,4525.62,205.71,0
2014-01-16,SKU000,Product A0,North,29,9376.28,323.32,0
2014-01-16,SKU000,Product A0,South,22,5709.0,259.5,1
2014-01-16,SKU000,Product A0,East,16,5173.12,323.32,0
2014-01-16,SKU000,Product A0,West,7,2263.24,323.32,0
2014-01-16,SKU001,Product A1,North,35,13067.6,373.36,0
2014-01-16,SKU001,Product A1,South,26,9707.36,373.36,0
2014-01-16,SKU001,Product A1,West,27,10080.72,373.36,0
2014-01-16,SKU002,Product A2,East,8,954.96,119.37,0
2014-01-16,SKU002,Product A2,West,15,1790.55,119.37,0
2014-01-16,SKU003,Product A3,North,14,4240.04,302.86,1
2014-01-16,SKU003,Product A3,South,17,5806.86,341.58,0
2014-01-16,SKU003,Product A3,West,23,7856.34,341.58,0
2014-01-16,SKU004,Product A4,South,26,1367.6,52.6,0
2014-01-16,SKU004,Product A4,East,20,1052.0,52.6,0
2014-01-16,SKU005,Product A5,North,6,153.42,25.57,0
2014-01-16,SKU005,Product A5,East,30,767.1,25.57,0
2014-01-16,SKU005,Product A5,West,13,332.41,25.57,0
2014-01-16,SKU006,Product A6,North,32,3748.16,117.13,0
2014-01-16,SKU006,Product A6,South,37,4333.81,117.13,0
2014-01-16,SKU006,Product A6,East,17,1677.56,98.68,1
2014-01-16,SKU006,Product A6,West,14,1639.82,117.13,0
2014-01-16,SKU007,Product A7,South,10,3049.9,304.99,0
2014-01-16,SKU007,Product A7,West,40,10254.8,256.37,1
2014-01-16,SKU008,Product A8,North,45,4834.35,107.43,0
2014-01-16,SKU008,Product A8,South,19,2041.17,107.43,0
2014-01-16,SKU008,Product A8,East,41,3696.15,90.15,1
2014-01-16,SKU008,Product A8,West,33,3545.19,107.43,0
2014-01-16,SKU009,Product A9,South,12,2586.72,215.56,0
2014-01-16,SKU009,Product A9,East,15,3233.4,215.56,0
2014-01-16,SKU009,Product A9,West,27,5820.12,215.56,0
2014-01-16,SKU010,Product B0,South,31,9260.94,298.74,0
2014-01-16,SKU011,Product B1,North,26,9927.32,381.82,0
2014-01-16,SKU011,Product B1,South,24,9163.68,381.82,0
2014-01-16,SKU011,Product B1,East,11,4200.02,381.82,0
2014-01-16,SKU011,Product B1,West,29,11072.78,381.82,0
2014-01-16,SKU012,Product B2,East,19,6689.71,352.09,0
2014-01-16,SKU012,Product B2,West,44,12520.64,284.56,1
2014-01-16,SKU013,Product B3,North,23,3361.68,146.16,0
2014-01-16,SKU013,Product B3,South,51,6791.16,133.16,1
2014-01-16,SKU013,Product B3,West,15,2192.4,146.16,0
2014-01-16,SKU014,Product B4,South,44,21077.32,479.03,0
2014-01-16,SKU014,Product B4,East,5,2395.15,479.03,0
2014-01-16,SKU014,Product B4,West,5,2395.15,479.03,0
2014-01-16,SKU015,Product B5,North,9,434.61,48.29,1
2014-01-16,SKU015,Product B5,South,9,540.72,60.08,0
2014-01-16,SKU015,Product B5,East,20,1201.6,60.08,0
2014-01-16,SKU016,Product B6,North,43,2467.77,57.39,0
2014-01-16,SKU016,Product B6,South,10,573.9,57.39,0
2014-01-16,SKU016,Product B6,East,36,2066.04,57.39,0
2014-01-16,SKU016,Product B6,West,22,1121.56,50.98,1
2014-01-16,SKU017,Product B7,North,35,9232.65,263.79,1
2014-01-16,SKU017,Product B7,South,22,6728.26,305.83,0
2014-01-16,SKU017,Product B7,East,6,1834.98,305.83,0
2014-01-16,SKU017,Product B7,West,7,2140.81,305.83,0
2014-01-16,SKU018,Product B8,North,25,9189.25,367.57,0
2014-01-16,SKU018,Product B8,South,26,9556.82,367.57,0
2014-01-16,SKU018,Product B8,East,23,8454.11,367.57,0
2014-01-16,SKU018,Product B8,West,31,11394.67,367.57,0
2014-01-16,SKU019,Product B9,South,35,2490.6,71.16,0
2014-01-16,SKU019,Product B9,West,31,2205.96,71.16,0
2014-01-16,SKU020,Product C0,North,53,2576.33,48.61,0
2014-01-16,SKU020,Product C0,South,12,583.32,48.61,0
2014-01-16,SKU020,Product C0,East,38,1847.18,48.61,0
2014-01-16,SKU020,Product C0,West,10,486.1,48.61,0
2014-01-16,SKU021,Product C1,North,40,16656.4,416.41,0
2014-01-16,SKU022,Product C2,North,15,6658.05,443.87,0
2014-01-16,SKU022,Product C2,West,13,5770.31,443.87,0
2014-01-16,SKU023,Product C3,North,25,7322.5,292.9,0
2014-01-16,SKU023,Product C3,East,54,14165.28,262.32,1
2014-01-16,SKU023,Product C3,West,29,8494.1,292.9,0
2014-01-16,SKU024,Product C4,North,12,389.4,32.45,0
2014-01-16,SKU024,Product C4,East,5,162.25,32.45,0
2014-01-16,SKU024,Product C4,West,13,421.85,32.45,0
2014-01-16,SKU025,Product C5,North,40,15552.0,388.8,0
2014-01-16,SKU025,Product C5,South,40,15552.0,388.8,0
2014-01-16,SKU025,Product C5,East,30,11664.0,388.8,0
2014-01-16,SKU026,Product C6,East,50,17416.0,348.32,1
2014-01-16,SKU026,Product C6,West,12,4536.96,378.08,1
2014-01-16,SKU027,Product C7,South,16,3140.16,196.26,0
2014-01-16,SKU027,Product C7,West,14,2747.64,196.26,0
2014-01-16,SKU028,Product C8,East,27,8680.23,321.49,0
2014-01-16,SKU029,Product C9,North,23,1780.89,77.43,1
2014-01-16,SKU029,Product C9,East,15,1345.5,89.7,0
2014-01-16,SKU030,Product D0,North,7,743.05,106.15,1
2014-01-16,SKU030,Product D0,West,9,1013.94,112.66,0
2014-01-16,SKU031,Product D1,North,10,3538.9,353.89,0
2014-01-16,SKU031,Product D1,South,4,1415.56,353.89,0
2014-01-16,SKU031,Product D1,East,22,7785.58,353.89,0
2014-01-16,SKU032,Product D2,South,4,1233.88,308.47,0
2014-01-16,SKU032,Product D2,East,44,13572.68,308.47,0
2014-01-16,SKU033,Product D3,North,6,1630.38,271.73,0
2014-01-16,SKU033,Product D3,South,58,13643.34,235.23,1
2014-01-16,SKU033,Product D3,West,13,3532.49,271.73,0
2014-01-16,SKU034,Product D4,North,9,810.63,90.07,0
2014-01-16,SKU035,Product D5,North,5,711.35,142.27,0
2014-01-16,SKU035,Product D5,South,5,711.35,142.27,0
2014-01-16,SKU035,Product D5,East,24,3414.48,142.27,0
2014-01-16,SKU036,Product D6,North,31,2958.64,95.44,1
2014-01-16,SKU036,Product D6,South,34,3998.74,117.61,0
2014-01-16,SKU037,Product D7,North,26,10998.0,423.0,0
2014-01-16,SKU037,Product D7,South,33,13959.0,423.0,0
2014-01-16,SKU037,Product D7,East,46,18194.38,395.53,1
2014-01-16,SKU037,Product D7,West,14,5922.0,423.0,0
2014-01-16,SKU038,Product D8,South,23,2811.29,122.23,0
2014-01-16,SKU038,Product D8,East,8,977.84,122.23,0
2014-01-16,SKU038,Product D8,West,47,5316.64,113.12,1
2014-01-16,SKU039,Product D9,North,33,11236.83,340.51,1
2014-01-16,SKU039,Product D9,South,28,9409.68,336.06,1
2014-01-16,SKU039,Product D9,East,10,3698.7,369.87,1
2014-01-16,SKU040,Product E0,South,21,2964.99,141.19,0
2014-01-16,SKU040,Product E0,West,36,5082.84,141.19,0
2014-01-16,SKU041,Product E1,East,9,4116.96,457.44,0
2014-01-16,SKU042,Product E2,North,32,14061.44,439.42,0
2014-01-16,SKU042,Product E2,South,27,11864.34,439.42,0
2014-01-16,SKU042,Product E2,East,19,7680.56,404.24,1
2014-01-16,SKU042,Product E2,West,19,8348.98,439.42,0
2014-01-16,SKU043,Product E3,North,6,685.14,114.19,0
2014-01-16,SKU043,Product E3,South,46,5252.74,114.19,0
2014-01-16,SKU043,Product E3,East,38,4339.22,114.19,0
2014-01-16,SKU044,Product E4,North,4,815.44,203.86,0
2014-01-16,SKU044,Product E4,East,35,6713.0,191.8,1
2014-01-16,SKU044,Product E4,West,27,5504.22,203.86,0
2014-01-16,SKU045,Product E5,North,16,1280.16,80.01,0
2014-01-16,SKU045,Product E5,South,10,800.1,80.01,0
2014-01-16,SKU045,Product E5,East,11,880.11,80.01,0
2014-01-16,SKU045,Product E5,West,35,2541.7,72.62,1
2014-01-16,SKU046,Product E6,South,12,1570.2,130.85,0
2014-01-16,SKU046,Product E6,West,6,785.1,130.85,0
2014-01-16,SKU047,Product E7,North,28,6374.76,227.67,1
2014-01-16,SKU047,Product E7,East,8,2192.8,274.1,0
2014-01-16,SKU047,Product E7,West,22,6030.2,274.1,0
2014-01-16,SKU048,Product E8,East,21,4618.53,219.93,0
2014-01-16,SKU048,Product E8,West,20,3920.8,196.04,1
2014-01-16,SKU049,Product E9,North,37,7611.27,205.71,0
2014-01-16,SKU049,Product E9,East,25,5142.75,205.71,0
2014-01-16,SKU049,Product E9,West,36,6963.48,193.43,1
2014-01-17,SKU000,Product A0,North,37,11962.84,323.32,0
2014-01-17,SKU000,Product A0,South,12,3879.84,323.32,0
2014-01-17,SKU000,Product A0,East,32,10346.24,323.32,0
2014-01-17,SKU000,Product A0,West,17,5496.44,323.32,0
2014-01-17,SKU001,Product A1,North,20,7467.2,373.36,0
2014-01-17,SKU001,Product A1,South,34,10614.46,312.19,1
2014-01-17,SKU001,Product A1,West,30,9569.4,318.98,1
2014-01-17,SKU002,Product A2,North,22,2626.14,119.37,0
2014-01-17,SKU002,Product A2,West,29,3461.73,119.37,0
2014-01-17,SKU003,Product A3,North,22,6472.18,294.19,1
2014-01-17,SKU003,Product A3,South,33,11272.14,341.58,0
2014-01-17,SKU004,Product A4,North,9,473.4,52.6,0
2014-01-17,SKU004,Product A4,East,9,409.32,45.48,1
2014-01-17,SKU005,Product A5,North,40,1022.8,25.57,0
2014-01-17,SKU005,Product A5,South,28,715.96,25.57,0
2014-01-17,SKU005,Product A5,East,27,690.39,25.57,0
2014-01-17,SKU005,Product A5,West,28,715.96,25.57,0
2014-01-17,SKU006,Product A6,North,29,3396.77,117.13,0
2014-01-17,SKU006,Product A6,South,23,2693.99,117.13,0
2014-01-17,SKU006,Product A6,East,15,1756.95,117.13,0
2014-01-17,SKU007,Product A7,North,14,4269.86,304.99,0
2014-01-17,SKU007,Product A7,South,38,11589.62,304.99,0
2014-01-17,SKU007,Product A7,East,31,9454.69,304.99,0
2014-01-17,SKU007,Product A7,West,27,8234.73,304.99,0
2014-01-17,SKU008,Product A8,South,23,2470.89,107.43,0
2014-01-17,SKU009,Product A9,North,14,3017.84,215.56,0
2014-01-17,SKU009,Product A9,East,26,4713.8,181.3,1
2014-01-17,SKU010,Product B0,North,23,6871.02,298.74,0
2014-01-17,SKU010,Product B0,East,9,2688.66,298.74,0
2014-01-17,SKU010,Product B0,West,9,2688.66,298.74,0
2014-01-17,SKU011,Product B1,South,10,3818.2,381.82,0
2014-01-17,SKU011,Product B1,East,13,4963.66,381.82,0
2014-01-17,SKU011,Product B1,West,28,10690.96,381.82,0
2014-01-17,SKU012,Product B2,North,11,3872.99,352.09,0
2014-01-17,SKU012,Product B2,South,34,9822.6,288.9,1
2014-01-17,SKU012,Product B2,East,27,9506.43,352.09,0
2014-01-17,SKU012,Product B2,West,6,2112.54,352.09,0
2014-01-17,SKU013,Product B3,North,44,6431.04,146.16,0
2014-01-17,SKU013,Product B3,South,37,5407.92,146.16,0
2014-01-17,SKU013,Product B3,East,50,7308.0,146.16,0
2014-01-17,SKU014,Product B4,North,27,12933.81,479.03,0
2014-01-17,SKU014,Product B4,South,11,5269.33,479.03,0
2014-01-17,SKU014,Product B4,East,12,5748.36,479.03,0
2014-01-17,SKU015,Product B5,South,21,1107.12,52.72,1
2014-01-17,SKU015,Product B5,East,20,1201.6,60.08,0
2014-01-17,SKU015,Product B5,West,9,540.72,60.08,0
2014-01-17,SKU016,Product B6,North,40,2295.6,57.39,0
2014-01-17,SKU016,Product B6,South,51,2926.89,57.39,0
2014-01-17,SKU017,Product B7,North,36,11009.88,305.83,0
2014-01-17,SKU017,Product B7,South,26,7951.58,305.83,0
2014-01-17,SKU018,Product B8,South,25,9189.25,367.57,0
2014-01-17,SKU018,Product B8,East,37,13600.09,367.57,0
2014-01-17,SKU018,Product B8,West,28,10291.96,367.57,0
2014-01-17,SKU019,Product B9,North,32,2277.12,71.16,0
2014-01-17,SKU019,Product B9,South,18,1280.88,71.16,0
2014-01-17,SKU019,Product B9,West,18,1280.88,71.16,0
2014-01-17,SKU020,Product C0,North,27,1312.47,48.61,0
2014-01-17,SKU020,Product C0,South,35,1701.35,48.61,0
2014-01-17,SKU020,Product C0,West,22,1069.42,48.61,0
2014-01-17,SKU021,Product C1,North,29,12075.89,416.41,0
2014-01-17,SKU021,Product C1,South,15,5673.6,378.24,1
2014-01-17,SKU021,Product C1,East,38,15823.58,416.41,0
2014-01-17,SKU022,Product C2,North,6,2663.22,443.87,0
2014-01-17,SKU022,Product C2,South,15,6658.05,443.87,0
2014-01-17,SKU022,Product C2,West,16,7101.92,443.87,0
2014-01-17,SKU023,Product C3,North,31,7291.2,235.2,1
2014-01-17,SKU023,Product C3,South,36,8883.36,246.76,1
2014-01-17,SKU023,Product C3,East,35,10251.5,292.9,0
2014-01-17,SKU023,Product C3,West,34,9072.9,266.85,1
2014-01-17,SKU024,Product C4,North,7,227.15,32.45,0
2014-01-17,SKU024,Product C4,East,35,1135.75,32.45,0
2014-01-17,SKU025,Product C5,South,44,17107.2,388.8,0
2014-01-17,SKU025,Product C5,East,4,1555.2,388.8,0
2014-01-17,SKU025,Product C5,West,41,15940.8,388.8,0
2014-01-17,SKU026,Product C6,North,20,8582.2,429.11,0
2014-01-17,SKU026,Product C6,South,42,18022.62,429.11,0
2014-01-17,SKU026,Product C6,East,35,15018.85,429.11,0
2014-01-17,SKU027,Product C7,South,45,8831.7,196.26,0
2014-01-17,SKU027,Product C7,East,28,4652.2,166.15,1
2014-01-17,SKU027,Product C7,West,6,1177.56,196.26,0
2014-01-17,SKU028,Product C8,South,12,3857.88,321.49,0
2014-01-17,SKU028,Product C8,West,52,14611.48,280.99,1
2014-01-17,SKU029,Product C9,East,43,3857.1,89.7,0
2014-01-17,SKU029,Product C9,West,34,3049.8,89.7,0
2014-01-17,SKU030,Product D0,North,27,3041.82,112.66,0
2014-01-17,SKU030,Product D0,South,42,4731.72,112.66,0
2014-01-17,SKU031,Product D1,South,7,2477.23,353.89,0
2014-01-17,SKU031,Product D1,East,8,2831.12,353.89,0
2014-01-17,SKU032,Product D2,North,27,8328.69,308.47,0
2014-01-17,SKU032,Product D2,South,12,3701.64,308.47,0
2014-01-17,SKU032,Product D2,East,15,4627.05,308.47,0
2014-01-17,SKU033,Product D3,South,22,5978.06,271.73,0
2014-01-17,SKU033,Product D3,East,10,2717.3,271.73,0
2014-01-17,SKU034,Product D4,South,31,2792.17,90.07,0
2014-01-17,SKU035,Product D5,East,36,5121.72,142.27,0
2014-01-17,SKU035,Product D5,West,12,1616.04,134.67,1
2014-01-17,SKU036,Product D6,North,31,3645.91,117.61,0
2014-01-17,SKU036,Product D6,South,37,4351.57,117.61,0
2014-01-17,SKU036,Product D6,East,42,4939.62,117.61,0
2014-01-17,SKU036,Product D6,West,12,1411.32,117.61,0
2014-01-17,SKU037,Product D7,South,18,7614.0,423.0,0
2014-01-17,SKU037,Product D7,West,61,21232.27,348.07,1
2014-01-17,SKU038,Product D8,North,25,2684.0,107.36,1
2014-01-17,SKU038,Product D8,South,40,4889.2,122.23,0
2014-01-17,SKU038,Product D8,East,41,5011.43,122.23,0
2014-01-17,SKU038,Product D8,West,26,2925.26,112.51,1
2014-01-17,SKU039,Product D9,North,3,1213.41,404.47,0
2014-01-17,SKU039,Product D9,South,37,14965.39,404.47,0
2014-01-17,SKU039,Product D9,East,26,9296.56,357.56,1
2014-01-17,SKU039,Product D9,West,27,10920.69,404.47,0
2014-01-17,SKU040,Product E0,North,10,1411.9,141.19,0
2014-01-17,SKU041,Product E1,East,34,15552.96,457.44,0
2014-01-17,SKU041,Product E1,West,29,13265.76,457.44,0
2014-01-17,SKU042,Product E2,West,22,9667.24,439.42,0
2014-01-17,SKU043,Product E3,East,17,1941.23,114.19,0
2014-01-17,SKU043,Product E3,West,29,2803.43,96.67,1
2014-01-17,SKU044,Product E4,North,25,4286.0,171.44,1
2014-01-17,SKU044,Product E4,South,18,3669.48,203.86,0
2014-01-17,SKU044,Product E4,East,28,5708.08,203.86,0
2014-01-17,SKU044,Product E4,West,53,10804.58,203.86,0
2014-01-17,SKU045,Product E5,North,24,1920.24,80.01,0
2014-01-17,SKU045,Product E5,South,57,3667.95,64.35,1
2014-01-17,SKU045,Product E5,East,23,1587.92,69.04,1
2014-01-17,SKU045,Product E5,West,43,3440.43,80.01,0
2014-01-17,SKU046,Product E6,South,15,1962.75,130.85,0
2014-01-17,SKU046,Product E6,East,49,6411.65,130.85,0
2014-01-17,SKU047,Product E7,South,24,6578.4,274.1,0
2014-01-17,SKU047,Product E7,East,59,14938.8,253.2,1
2014-01-17,SKU048,Product E8,North,20,4398.6,219.93,0
2014-01-17,SKU048,Product E8,South,21,4618.53,219.93,0
2014-01-17,SKU048,Product E8,West,27,5165.91,191.33,1
2014-01-17,SKU049,Product E9,North,21,4319.91,205.71,0
2014-01-17,SKU049,Product E9,South,6,1234.26,205.71,0
2014-01-18,SKU000,Product A0,South,26,8406.32,323.32,0
2014-01-18,SKU000,Product A0,West,51,16489.32,323.32,0
2014-01-18,SKU001,Product A1,North,11,4106.96,373.36,0
2014-01-18,SKU001,Product A1,South,17,6347.12,373.36,0
2014-01-18,SKU001,Product A1,East,14,5227.04,373.36,0
2014-01-18,SKU002,Product A2,North,27,3222.99,119.37,0
2014-01-18,SKU002,Product A2,South,30,3581.1,119.37,0
2014-01-18,SKU002,Product A2,West,10,1193.7,119.37,0
2014-01-18,SKU003,Product A3,North,40,13663.2,341.58,0
2014-01-18,SKU003,Product A3,South,53,18103.74,341.58,0
2014-01-18,SKU003,Product A3,East,61,20836.38,341.58,0
2014-01-18,SKU004,Product A4,North,42,2209.2,52.6,0
2014-01-18,SKU004,Product A4,South,8,420.8,52.6,0
2014-01-18,SKU004,Product A4,East,27,1420.2,52.6,0
2014-01-18,SKU004,Product A4,West,31,1630.6,52.6,0
2014-01-18,SKU005,Product A5,North,11,281.27,25.57,0
2014-01-18,SKU005,Product A5,South,30,767.1,25.57,0
2014-01-18,SKU005,Product A5,West,23,588.11,25.57,0
2014-01-18,SKU006,Product A6,North,5,585.65,117.13,0
2014-01-18,SKU006,Product A6,South,46,5387.98,117.13,0
2014-01-18,SKU006,Product A6,West,29,3396.77,117.13,0
2014-01-18,SKU007,Product A7,North,8,2439.92,304.99,0
2014-01-18,SKU007,Product A7,West,29,8844.71,304.99,0
2014-01-18,SKU008,Product A8,North,29,3115.47,107.43,0
2014-01-18,SKU009,Product A9,South,68,12458.96,183.22,1
2014-01-18,SKU009,Product A9,West,16,3448.96,215.56,0
2014-01-18,SKU010,Product B0,North,5,1493.7,298.74,0
2014-01-18,SKU010,Product B0,South,17,5078.58,298.74,0
2014-01-18,SKU010,Product B0,East,11,3286.14,298.74,0
2014-01-18,SKU010,Product B0,West,19,5676.06,298.74,0
2014-01-18,SKU011,Product B1,North,43,16418.26,381.82,0
2014-01-18,SKU011,Product B1,East,37,14127.34,381.82,0
2014-01-18,SKU011,Product B1,West,11,4200.02,381.82,0
2014-01-18,SKU012,Product B2,North,30,10562.7,352.09,0
2014-01-18,SKU012,Product B2,East,30,10562.7,352.09,0
2014-01-18,SKU012,Product B2,West,29,10210.61,352.09,0
2014-01-18,SKU013,Product B3,North,18,2630.88,146.16,0
2014-01-18,SKU013,Product B3,East,36,5261.76,146.16,0
2014-01-18,SKU013,Product B3,West,12,1753.92,146.16,0
2014-01-18,SKU014,Product B4,North,31,14849.93,479.03,0
2014-01-18,SKU014,Product B4,South,31,14849.93,479.03,0
2014-01-18,SKU014,Product B4,East,24,11496.72,479.03,0
2014-01-18,SKU014,Product B4,West,12,5190.24,432.52,1
2014-01-18,SKU015,Product B5,East,19,1141.52,60.08,0
2014-01-18,SKU015,Product B5,West,4,240.32,60.08,0
2014-01-18,SKU016,Product B6,North,6,344.34,57.39,0
2014-01-18,SKU016,Product B6,South,50,2869.5,57.39,0
2014-01-18,SKU016,Product B6,East,38,2180.82,57.39,0
2014-01-18,SKU017,Product B7,North,20,6116.6,305.83,0
2014-01-18,SKU017,Product B7,South,49,14119.84,288.16,1
2014-01-18,SKU017,Product B7,East,43,13150.69,305.83,0
2014-01-18,SKU017,Product B7,West,9,2560.32,284.48,1
2014-01-18,SKU018,Product B8,North,47,17275.79,367.57,0
2014-01-18,SKU018,Product B8,South,33,10190.07,308.79,1
2014-01-18,SKU018,Product B8,East,29,10659.53,367.57,0
2014-01-18,SKU018,Product B8,West,30,11027.1,367.57,0
2014-01-18,SKU019,Product B9,North,15,970.35,64.69,1
2014-01-18,SKU019,Product B9,South,19,1352.04,71.16,0
2014-01-18,SKU019,Product B9,East,47,2839.27,60.41,1
2014-01-18,SKU019,Product B9,West,73,4555.2,62.4,1
2014-01-18,SKU020,Product C0,North,51,2479.11,48.61,0
2014-01-18,SKU020,Product C0,South,23,1118.03,48.61,0
2014-01-18,SKU020,Product C0,East,40,1944.4,48.61,0
2014-01-18,SKU020,Product C0,West,25,1215.25,48.61,0
2014-01-18,SKU021,Product C1,South,7,2914.87,416.41,0
2014-01-18,SKU021,Product C1,West,56,23318.96,416.41,0
2014-01-18,SKU022,Product C2,North,39,17310.93,443.87,0
2014-01-18,SKU022,Product C2,South,4,1530.72,382.68,1
2014-01-18,SKU022,Product C2,East,49,21749.63,443.87,0
2014-01-18,SKU022,Product C2,West,13,5770.31,443.87,0
2014-01-18,SKU023,Product C3,North,25,7322.5,292.9,0
2014-01-18,SKU023,Product C3,South,33,9665.7,292.9,0
2014-01-18,SKU023,Product C3,East,27,7908.3,292.9,0
2014-01-18,SKU023,Product C3,West,25,7322.5,292.9,0
2014-01-18,SKU024,Product C4,North,43,1395.35,32.45,0
2014-01-18,SKU024,Product C4,South,7,227.15,32.45,0
2014-01-18,SKU024,Product C4,East,36,1168.2,32.45,0
2014-01-18,SKU024,Product C4,West,34,1103.3,32.45,0
2014-01-18,SKU025,Product C5,North,46,17884.8,388.8,0
2014-01-18,SKU025,Product C5,South,39,15163.2,388.8,0
2014-01-18,SKU025,Product C5,West,23,8942.4,388.8,0
2014-01-18,SKU026,Product C6,North,29,12444.19,429.11,0
2014-01-18,SKU026,Product C6,East,20,7238.2,361.91,1
2014-01-18,SKU027,Product C7,East,30,5887.8,196.26,0
2014-01-18,SKU027,Product C7,West,28,5495.28,196.26,0
2014-01-18,SKU028,Product C8,North,60,19289.4,321.49,0
2014-01-18,SKU028,Product C8,South,39,12538.11,321.49,0
2014-01-18,SKU028,Product C8,East,29,9323.21,321.49,0
2014-01-18,SKU028,Product C8,West,20,5944.2,297.21,1
2014-01-18,SKU029,Product C9,North,58,5202.6,89.7,0
2014-01-18,SKU029,Product C9,South,28,2511.6,89.7,0
2014-01-18,SKU029,Product C9,East,13,1166.1,89.7,0
2014-01-18,SKU029,Product C9,West,46,4126.2,89.7,0
2014-01-18,SKU030,Product D0,North,15,1689.9,112.66,0
2014-01-18,SKU030,Product D0,South,19,2140.54,112.66,0
2014-01-18,SKU030,Product D0,West,44,4957.04,112.66,0
2014-01-18,SKU031,Product D1,North,31,10970.59,353.89,0
2014-01-18,SKU031,Product D1,South,61,21587.29,353.89,0
2014-01-18,SKU031,Product D1,East,4,1415.56,353.89,0
2014-01-18,SKU031,Product D1,West,40,14155.6,353.89,0
2014-01-18,SKU032,Product D2,North,42,11538.24,274.72,1
2014-01-18,SKU032,Product D2,East,53,14914.73,281.41,1
2014-01-18,SKU032,Product D2,West,48,14806.56,308.47,0
2014-01-18,SKU033,Product D3,North,38,10325.74,271.73,0
2014-01-18,SKU033,Product D3,South,57,15488.61,271.73,0
2014-01-18,SKU033,Product D3,East,5,1358.65,271.73,0
2014-01-18,SKU033,Product D3,West,35,9510.55,271.73,0
2014-01-18,SKU034,Product D4,North,33,2972.31,90.07,0
2014-01-18,SKU034,Product D4,South,52,4342.0,83.5,1
2014-01-18,SKU034,Product D4,East,13,1170.91,90.07,0
2014-01-18,SKU034,Product D4,West,17,1531.19,90.07,0
2014-01-18,SKU035,Product D5,North,9,1280.43,142.27,0
2014-01-18,SKU035,Product D5,South,49,6971.23,142.27,0
2014-01-18,SKU035,Product D5,East,25,3556.75,142.27,0
2014-01-18,SKU035,Product D5,West,21,2987.67,142.27,0
2014-01-18,SKU036,Product D6,South,16,1881.76,117.61,0
2014-01-18,SKU036,Product D6,East,43,5057.23,117.61,0
2014-01-18,SKU036,Product D6,West,39,4586.79,117.61,0
2014-01-18,SKU037,Product D7,North,15,6345.0,423.0,0
2014-01-18,SKU037,Product D7,South,27,11421.0,423.0,0
2014-01-18,SKU037,Product D7,East,23,7800.91,339.17,1
2014-01-18,SKU037,Product D7,West,35,14805.0,423.0,0
2014-01-18,SKU038,Product D8,North,28,3422.44,122.23,0
2014-01-18,SKU038,Product D8,South,34,4155.82,122.23,0
2014-01-18,SKU038,Product D8,East,18,2200.14,122.23,0
2014-01-18,SKU038,Product D8,West,20,2444.6,122.23,0
2014-01-18,SKU039,Product D9,North,19,7684.93,404.47,0
2014-01-18,SKU039,Product D9,South,12,4853.64,404.47,0
2014-01-18,SKU039,Product D9,East,55,22245.85,404.47,0
2014-01-18,SKU040,Product E0,South,21,2964.99,141.19,0
2014-01-18,SKU040,Product E0,East,33,4659.27,141.19,0
2014-01-18,SKU040,Product E0,West,50,7059.5,141.19,0
2014-01-18,SKU041,Product E1,North,15,6072.6,404.84,1
2014-01-18,SKU041,Product E1,South,17,7776.48,457.44,0
2014-01-18,SKU041,Product E1,East,54,24701.76,457.44,0
2014-01-18,SKU042,Product E2,North,16,7030.72,439.42,0
2014-01-18,SKU042,Product E2,East,16,5864.64,366.54,1
2014-01-18,SKU042,Product E2,West,25,10985.5,439.42,0
2014-01-18,SKU043,Product E3,North,33,3768.27,114.19,0
2014-01-18,SKU043,Product E3,South,28,3197.32,114.19,0
2014-01-18,SKU043,Product E3,East,45,4441.95,98.71,1
2014-01-18,SKU044,Product E4,North,37,7542.82,203.86,0
2014-01-18,SKU044,Product E4,South,43,8765.98,203.86,0
2014-01-18,SKU044,Product E4,East,21,4281.06,203.86,0
2014-01-18,SKU044,Product E4,West,31,6319.66,203.86,0
2014-01-18,SKU045,Product E5,North,32,2560.32,80.01,0
2014-01-18,SKU045,Product E5,South,31,2265.79,73.09,1
2014-01-18,SKU045,Product E5,East,35,2800.35,80.01,0
2014-01-18,SKU045,Product E5,West,44,3271.4,74.35,1
2014-01-18,SKU046,Product E6,North,15,1638.45,109.23,1
2014-01-18,SKU046,Product E6,South,36,4710.6,130.85,0
2014-01-18,SKU046,Product E6,West,37,4841.45,130.85,0
2014-01-18,SKU047,Product E7,West,13,3563.3,274.1,0
2014-01-18,SKU048,Product E8,North,49,10776.57,219.93,0
2014-01-18,SKU048,Product E8,South,20,4398.6,219.93,0
2014-01-18,SKU048,Product E8,East,12,2639.16,219.93,0
2014-01-18,SKU049,Product E9,North,22,4525.62,205.71,0
2014-01-18,SKU049,Product E9,South,21,4319.91,205.71,0
2014-01-18,SKU049,Product E9,East,16,3291.36,205.71,0
2014-01-18,SKU049,Product E9,West,40,8228.4,205.71,0
2014-01-19,SKU000,Product A0,North,19,6143.08,323.32,0
2014-01-19,SKU000,Product A0,South,40,12932.8,323.32,0
2014-01-19,SKU000,Product A0,East,35,11316.2,323.32,0
2014-01-19,SKU000,Product A0,West,13,4203.16,323.32,0
2014-01-19,SKU001,Product A1,South,8,2986.88,373.36,0
2014-01-19,SKU002,Product A2,North,57,5500.5,96.5,1
2014-01-19,SKU002,Product A2,South,56,5482.4,97.9,1
2014-01-19,SKU002,Product A2,East,36,4297.32,119.37,0
2014-01-19,SKU002,Product A2,West,45,4495.05,99.89,1
2014-01-19,SKU003,Product A3,South,44,15029.52,341.58,0
2014-01-19,SKU003,Product A3,East,10,3415.8,341.58,0
2014-01-19,SKU004,Product A4,South,37,1946.2,52.6,0
2014-01-19,SKU004,Product A4,East,18,946.8,52.6,0
2014-01-19,SKU004,Product A4,West,42,2209.2,52.6,0
2014-01-19,SKU005,Product A5,South,42,1073.94,25.57,0
2014-01-19,SKU005,Product A5,East,11,266.75,24.25,1
2014-01-19,SKU005,Product A5,West,8,204.56,25.57,0
2014-01-19,SKU006,Product A6,North,38,4450.94,117.13,0
2014-01-19,SKU006,Product A6,South,9,1054.17,117.13,0
2014-01-19,SKU006,Product A6,West,60,6594.6,109.91,1
2014-01-19,SKU007,Product A7,West,21,6404.79,304.99,0
2014-01-19,SKU008,Product A8,South,19,2041.17,107.43,0
2014-01-19,SKU008,Product A8,East,43,4619.49,107.43,0
2014-01-19,SKU009,Product A9,South,15,3233.4,215.56,0
2014-01-19,SKU009,Product A9,East,16,3448.96,215.56,0
2014-01-19,SKU010,Product B0,North,25,7468.5,298.74,0
2014-01-19,SKU010,Product B0,South,50,14937.0,298.74,0
2014-01-19,SKU010,Product B0,West,19,5676.06,298.74,0
2014-01-19,SKU011,Product B1,North,6,2290.92,381.82,0
2014-01-19,SKU011,Product B1,South,13,4963.66,381.82,0
2014-01-19,SKU011,Product B1,East,31,11836.42,381.82,0
2014-01-19,SKU011,Product B1,West,14,5345.48,381.82,0
2014-01-19,SKU012,Product B2,South,19,6689.71,352.09,0
2014-01-19,SKU012,Product B2,West,20,7041.8,352.09,0
2014-01-19,SKU013,Product B3,South,7,1023.12,146.16,0
2014-01-19,SKU013,Product B3,East,40,5527.2,138.18,1
2014-01-19,SKU013,Product B3,West,28,4092.48,146.16,0
2014-01-19,SKU014,Product B4,North,40,19161.2,479.03,0
2014-01-19,SKU014,Product B4,East,22,10538.66,479.03,0
2014-01-19,SKU014,Product B4,West,20,9580.6,479.03,0
2014-01-19,SKU015,Product B5,North,33,1982.64,60.08,0
2014-01-19,SKU015,Product B5,East,28,1682.24,60.08,0
2014-01-19,SKU016,Product B6,North,36,2066.04,57.39,0
2014-01-19,SKU016,Product B6,South,24,1377.36,57.39,0
2014-01-19,SKU017,Product B7,North,18,4832.28,268.46,1
2014-01-19,SKU017,Product B7,South,5,1529.15,305.83,0
2014-01-19,SKU017,Product B7,West,29,8869.07,305.83,0
2014-01-19,SKU018,Product B8,North,19,6983.83,367.57,0
2014-01-19,SKU018,Product B8,West,17,5190.27,305.31,1
2014-01-19,SKU019,Product B9,North,26,1487.2,57.2,1
2014-01-19,SKU019,Product B9,South,23,1401.85,60.95,1
2014-01-19,SKU019,Product B9,East,11,782.76,71.16,0
2014-01-19,SKU019,Product B9,West,58,3596.58,62.01,1
2014-01-19,SKU020,Product C0,South,15,729.15,48.61,0
2014-01-19,SKU020,Product C0,East,33,1604.13,48.61,0
2014-01-19,SKU020,Product C0,West,47,2284.67,48.61,0
2014-01-19,SKU021,Product C1,North,10,4164.1,416.41,0
2014-01-19,SKU021,Product C1,East,18,7495.38,416.41,0
2014-01-19,SKU021,Product C1,West,49,17559.15,358.35,1
2014-01-19,SKU022,Product C2,North,15,6658.05,443.87,0
2014-01-19,SKU022,Product C2,South,63,27963.81,443.87,0
2014-01-19,SKU022,Product C2,East,52,23081.24,443.87,0
2014-01-19,SKU023,Product C3,North,30,8787.0,292.9,0
2014-01-19,SKU023,Product C3,East,30,8787.0,292.9,0
2014-01-19,SKU024,Product C4,North,31,1005.95,32.45,0
2014-01-19,SKU024,Product C4,South,17,551.65,32.45,0
2014-01-19,SKU024,Product C4,West,38,1233.1,32.45,0
2014-01-19,SKU025,Product C5,North,30,9819.9,327.33,1
2014-01-19,SKU025,Product C5,East,13,5054.4,388.8,0
2014-01-19,SKU025,Product C5,West,54,19492.38,360.97,1
2014-01-19,SKU026,Product C6,North,31,11726.06,378.26,1
2014-01-19,SKU026,Product C6,West,43,18451.73,429.11,0
2014-01-19,SKU027,Product C7,North,32,6280.32,196.26,0
2014-01-19,SKU027,Product C7,West,29,5691.54,196.26,0
2014-01-19,SKU028,Product C8,North,4,1285.96,321.49,0
2014-01-19,SKU028,Product C8,South,14,4500.86,321.49,0
2014-01-19,SKU028,Product C8,East,35,11252.15,321.49,0
2014-01-19,SKU029,Product C9,North,21,1883.7,89.7,0
2014-01-19,SKU029,Product C9,South,36,3229.2,89.7,0
2014-01-19,SKU029,Product C9,West,41,3677.7,89.7,0
2014-01-19,SKU030,Product D0,North,25,2816.5,112.66,0
2014-01-19,SKU030,Product D0,West,14,1577.24,112.66,0
2014-01-19,SKU031,Product D1,North,50,17694.5,353.89,0
2014-01-19,SKU031,Product D1,East,6,2123.34,353.89,0
2014-01-19,SKU031,Product D1,West,17,6016.13,353.89,0
2014-01-19,SKU032,Product D2,South,16,4935.52,308.47,0
2014-01-19,SKU032,Product D2,East,19,5860.93,308.47,0
2014-01-19,SKU032,Product D2,West,22,6786.34,308.47,0
2014-01-19,SKU033,Product D3,South,25,6793.25,271.73,0
2014-01-19,SKU033,Product D3,East,34,9238.82,271.73,0
2014-01-19,SKU033,Product D3,West,47,12771.31,271.73,0
2014-01-19,SKU034,Product D4,North,12,1080.84,90.07,0
2014-01-19,SKU034,Product D4,South,31,2792.17,90.07,0
2014-01-19,SKU034,Product D4,East,15,1351.05,90.07,0
2014-01-19,SKU034,Product D4,West,55,4953.85,90.07,0
2014-01-19,SKU035,Product D5,South,8,1138.16,142.27,0
2014-01-19,SKU036,Product D6,North,46,5410.06,117.61,0
2014-01-19,SKU036,Product D6,South,8,940.88,117.61,0
2014-01-19,SKU036,Product D6,East,26,3057.86,117.61,0
2014-01-19,SKU036,Product D6,West,55,6468.55,117.61,0
2014-01-19,SKU037,Product D7,North,12,5076.0,423.0,0
2014-01-19,SKU037,Product D7,South,19,8037.0,423.0,0
2014-01-19,SKU037,Product D7,East,48,20304.0,423.0,0
2014-01-19,SKU037,Product D7,West,42,17766.0,423.0,0
2014-01-19,SKU038,Product D8,North,32,3911.36,122.23,0
2014-01-19,SKU038,Product D8,South,14,1565.06,111.79,1
2014-01-19,SKU038,Product D8,East,40,4889.2,122.23,0
2014-01-19,SKU039,Product D9,North,39,15774.33,404.47,0
2014-01-19,SKU039,Product D9,South,35,14156.45,404.47,0
2014-01-19,SKU039,Product D9,West,4,1617.88,404.47,0
2014-01-19,SKU040,Product E0,North,19,2682.61,141.19,0
2014-01-19,SKU041,Product E1,North,42,19212.48,457.44,0
2014-01-19,SKU041,Product E1,South,38,17382.72,457.44,0
2014-01-19,SKU041,Product E1,East,38,17382.72,457.44,0
2014-01-19,SKU041,Product E1,West,42,19212.48,457.44,0
2014-01-19,SKU042,Product E2,East,43,18895.06,439.42,0
2014-01-19,SKU042,Product E2,West,16,7030.72,439.42,0
2014-01-19,SKU043,Product E3,South,26,2968.94,114.19,0
2014-01-19,SKU043,Product E3,East,23,2626.37,114.19,0
2014-01-19,SKU043,Product E3,West,30,3425.7,114.19,0
2014-01-19,SKU044,Product E4,East,9,1834.74,203.86,0
2014-01-19,SKU044,Product E4,West,47,9581.42,203.86,0
2014-01-19,SKU045,Product E5,North,43,2800.59,65.13,1
2014-01-19,SKU045,Product E5,East,16,1280.16,80.01,0
2014-01-19,SKU045,Product E5,West,23,1736.04,75.48,1
2014-01-19,SKU046,Product E6,South,51,6673.35,130.85,0
2014-01-19,SKU046,Product E6,East,5,654.25,130.85,0
2014-01-19,SKU047,Product E7,North,22,6030.2,274.1,0
2014-01-19,SKU047,Product E7,South,18,4933.8,274.1,0
2014-01-19,SKU047,Product E7,East,27,6600.15,244.45,1
2014-01-19,SKU047,Product E7,West,51,13979.1,274.1,0
2014-01-19,SKU048,Product E8,North,39,8577.27,219.93,0
2014-01-19,SKU049,Product E9,West,25,5142.75,205.71,0
2014-01-20,SKU000,Product A0,North,30,9699.6,323.32,0
2014-01-20,SKU000,Product A0,South,35,11316.2,323.32,0
2014-01-20,SKU000,Product A0,East,35,11316.2,323.32,0
2014-01-20,SKU000,Product A0,West,30,9699.6,323.32,0
2014-01-20,SKU001,Product A1,West,25,8333.5,333.34,1
2014-01-20,SKU002,Product A2,North,9,1074.33,119.37,0
2014-01-20,SKU002,Product A2,South,22,2626.14,119.37,0
2014-01-20,SKU002,Product A2,East,17,2029.29,119.37,0
2014-01-20,SKU002,Product A2,West,5,596.85,119.37,0
2014-01-20,SKU003,Product A3,West,25,8539.5,341.58,0
2014-01-20,SKU004,Product A4,North,16,841.6,52.6,0
2014-01-20,SKU004,Product A4,East,43,2261.8,52.6,0
2014-01-20,SKU005,Product A5,South,24,613.68,25.57,0
2014-01-20,SKU005,Product A5,East,7,178.99,25.57,0
2014-01-20,SKU006,Product A6,North,42,4919.46,117.13,0
2014-01-20,SKU006,Product A6,East,35,4099.55,117.13,0
2014-01-20,SKU006,Product A6,West,26,3045.38,117.13,0
2014-01-20,SKU007,Product A7,North,24,7319.76,304.99,0
2014-01-20,SKU007,Product A7,East,18,5489.82,304.99,0
2014-01-20,SKU008,Product A8,North,11,1181.73,107.43,0
2014-01-20,SKU008,Product A8,South,42,4512.06,107.43,0
2014-01-20,SKU008,Product A8,West,8,759.36,94.92,1
2014-01-20,SKU009,Product A9,North,5,1077.8,215.56,0
2014-01-20,SKU009,Product A9,South,22,4742.32,215.56,0
2014-01-20,SKU009,Product A9,East,29,6251.24,215.56,0
2014-01-20,SKU009,Product A9,West,37,7975.72,215.56,0
2014-01-20,SKU010,Product B0,South,51,15235.74,298.74,0
2014-01-20,SKU010,Product B0,East,31,9260.94,298.74,0
2014-01-20,SKU010,Product B0,West,14,4182.36,298.74,0
2014-01-20,SKU011,Product B1,North,41,15654.62,381.82,0
2014-01-20,SKU011,Product B1,South,34,11715.72,344.58,1
2014-01-20,SKU011,Product B1,East,9,3436.38,381.82,0
2014-01-20,SKU012,Product B2,West,29,10210.61,352.09,0
2014-01-20,SKU013,Product B3,North,6,876.96,146.16,0
2014-01-20,SKU013,Product B3,South,25,3654.0,146.16,0
2014-01-20,SKU013,Product B3,East,35,5115.6,146.16,0
2014-01-20,SKU014,Product B4,South,24,11496.72,479.03,0
2014-01-20,SKU014,Product B4,West,42,20119.26,479.03,0
2014-01-20,SKU015,Product B5,North,15,824.1,54.94,1
2014-01-20,SKU015,Product B5,South,29,1400.12,48.28,1
2014-01-20,SKU015,Product B5,East,35,2102.8,60.08,0
2014-01-20,SKU016,Product B6,North,46,2639.94,57.39,0
2014-01-20,SKU016,Product B6,South,7,401.73,57.39,0
2014-01-20,SKU016,Product B6,West,52,2399.8,46.15,1
2014-01-20,SKU017,Product B7,North,42,11866.26,282.53,1
2014-01-20,SKU017,Product B7,East,13,3975.79,305.83,0
2014-01-20,SKU017,Product B7,West,11,3364.13,305.83,0
2014-01-20,SKU018,Product B8,East,15,5513.55,367.57,0
2014-01-20,SKU018,Product B8,West,7,2572.99,367.57,0
2014-01-20,SKU019,Product B9,North,13,925.08,71.16,0
2014-01-20,SKU020,Product C0,East,25,1017.0,40.68,1
2014-01-20,SKU021,Product C1,North,39,16239.99,416.41,0
2014-01-20,SKU021,Product C1,South,45,18738.45,416.41,0
2014-01-20,SKU021,Product C1,East,31,12908.71,416.41,0
2014-01-20,SKU022,Product C2,North,31,12437.2,401.2,1
2014-01-20,SKU022,Product C2,East,35,15535.45,443.87,0
2014-01-20,SKU022,Product C2,West,22,9765.14,443.87,0
2014-01-20,SKU023,Product C3,North,22,6443.8,292.9,0
2014-01-20,SKU023,Product C3,South,20,5858.0,292.9,0
2014-01-20,SKU023,Product C3,East,10,2929.0,292.9,0
2014-01-20,SKU024,Product C4,North,8,259.6,32.45,0
2014-01-20,SKU024,Product C4,South,7,189.49,27.07,1
2014-01-20,SKU024,Product C4,East,49,1590.05,32.45,0
2014-01-20,SKU024,Product C4,West,32,1038.4,32.45,0
2014-01-20,SKU025,Product C5,South,36,13996.8,388.8,0
2014-01-20,SKU025,Product C5,East,21,6718.95,319.95,1
2014-01-20,SKU025,Product C5,West,12,4665.6,388.8,0
2014-01-20,SKU026,Product C6,North,23,9869.53,429.11,0
2014-01-20,SKU026,Product C6,South,13,5578.43,429.11,0
2014-01-20,SKU026,Product C6,East,20,8582.2,429.11,0
2014-01-20,SKU027,Product C7,North,24,4449.36,185.39,1
2014-01-20,SKU027,Product C7,South,36,6415.92,178.22,1
2014-01-20,SKU027,Product C7,East,5,819.45,163.89,1
2014-01-20,SKU027,Product C7,West,38,6217.56,163.62,1
2014-01-20,SKU028,Product C8,North,5,1607.45,321.49,0
2014-01-20,SKU028,Product C8,South,38,12216.62,321.49,0
2014-01-20,SKU028,Product C8,East,35,11252.15,321.49,0
2014-01-20,SKU028,Product C8,West,16,5143.84,321.49,0
2014-01-20,SKU029,Product C9,North,11,986.7,89.7,0
2014-01-20,SKU029,Product C9,South,21,1883.7,89.7,0
2014-01-20,SKU030,Product D0,South,4,450.64,112.66,0
2014-01-20,SKU030,Product D0,East,29,3267.14,112.66,0
2014-01-20,SKU030,Product D0,West,19,2140.54,112.66,0
2014-01-20,SKU031,Product D1,North,24,8493.36,353.89,0
2014-01-20,SKU031,Product D1,East,24,8493.36,353.89,0
2014-01-20,SKU031,Product D1,West,12,4246.68,353.89,0
2014-01-20,SKU032,Product D2,North,15,4627.05,308.47,0
2014-01-20,SKU032,Product D2,West,30,9254.1,308.47,0
2014-01-20,SKU033,Product D3,North,34,9238.82,271.73,0
2014-01-20,SKU033,Product D3,South,36,9782.28,271.73,0
2014-01-20,SKU034,Product D4,North,5,450.35,90.07,0
2014-01-20,SKU034,Product D4,East,31,2792.17,90.07,0
2014-01-20,SKU034,Product D4,West,14,1260.98,90.07,0
2014-01-20,SKU035,Product D5,North,42,5975.34,142.27,0
2014-01-20,SKU035,Product D5,South,11,1564.97,142.27,0
2014-01-20,SKU035,Product D5,East,12,1707.24,142.27,0
2014-01-20,SKU035,Product D5,West,38,5406.26,142.27,0
2014-01-20,SKU036,Product D6,North,16,1507.84,94.24,1
2014-01-20,SKU036,Product D6,South,7,823.27,117.61,0
2014-01-20,SKU036,Product D6,East,15,1764.15,117.61,0
2014-01-20,SKU036,Product D6,West,47,5527.67,117.61,0
2014-01-20,SKU037,Product D7,South,34,14382.0,423.0,0
2014-01-20,SKU037,Product D7,West,11,4357.65,396.15,1
2014-01-20,SKU038,Product D8,North,37,4522.51,122.23,0
2014-01-20,SKU038,Product D8,South,22,2689.06,122.23,0
2014-01-20,SKU038,Product D8,East,28,3189.76,113.92,1
2014-01-20,SKU038,Product D8,West,5,611.15,122.23,0
2014-01-20,SKU039,Product D9,North,29,11729.63,404.47,0
2014-01-20,SKU040,Product E0,North,28,3953.32,141.19,0
2014-01-20,SKU040,Product E0,South,11,1553.09,141.19,0
2014-01-20,SKU040,Product E0,West,33,4659.27,141.19,0
2014-01-20,SKU041,Product E1,North,7,3202.08,457.44,0
2014-01-20,SKU041,Product E1,South,46,21042.24,457.44,0
2014-01-20,SKU041,Product E1,East,14,6404.16,457.44,0
2014-01-20,SKU041,Product E1,West,5,2287.2,457.44,0
2014-01-20,SKU042,Product E2,North,19,8348.98,439.42,0
2014-01-20,SKU042,Product E2,East,21,9227.82,439.42,0
2014-01-20,SKU042,Product E2,West,10,4090.1,409.01,1
2014-01-20,SKU043,Product E3,North,25,2854.75,114.19,0
2014-01-20,SKU043,Product E3,East,6,685.14,114.19,0
2014-01-20,SKU043,Product E3,West,28,3197.32,114.19,0
2014-01-20,SKU044,Product E4,South,17,3465.62,203.86,0
2014-01-20,SKU044,Product E4,East,14,2854.04,203.86,0
2014-01-20,SKU045,Product E5,South,50,4000.5,80.01,0
2014-01-20,SKU045,Product E5,West,17,1103.3,64.9,1
2014-01-20,SKU046,Product E6,North,20,2617.0,130.85,0
2014-01-20,SKU046,Product E6,South,4,523.4,130.85,0
2014-01-20,SKU046,Product E6,West,38,4972.3,130.85,0
2014-01-20,SKU047,Product E7,North,36,8074.8,224.3,1
2014-01-20,SKU047,Product E7,South,6,1644.6,274.1,0
2014-01-20,SKU047,Product E7,East,32,8771.2,274.1,0
2014-01-20,SKU047,Product E7,West,8,2192.8,274.1,0
2014-01-20,SKU048,Product E8,North,16,3518.88,219.93,0
2014-01-20,SKU048,Product E8,East,43,9456.99,219.93,0
2014-01-20,SKU048,Product E8,West,22,4838.46,219.93,0
2014-01-20,SKU049,Product E9,North,14,2879.94,205.71,0
2014-01-20,SKU049,Product E9,South,14,2384.76,170.34,1
2014-01-20,SKU049,Product E9,West,46,9462.66,205.71,0
2014-01-21,SKU000,Product A0,North,33,10669.56,323.32,0
2014-01-21,SKU000,Product A0,West,48,15519.36,323.32,0
2014-01-21,SKU001,Product A1,North,12,3815.64,317.97,1
2014-01-21,SKU001,Product A1,South,20,7467.2,373.36,0
2014-01-21,SKU001,Product A1,West,31,11574.16,373.36,0
2014-01-21,SKU002,Product A2,South,43,5132.91,119.37,0
2014-01-21,SKU002,Product A2,East,20,2387.4,119.37,0
2014-01-21,SKU002,Product A2,West,27,3222.99,119.37,0
2014-01-21,SKU003,Product A3,North,12,4098.96,341.58,0
2014-01-21,SKU003,Product A3,South,26,8881.08,341.58,0
2014-01-21,SKU004,Product A4,South,37,1776.0,48.0,1
2014-01-21,SKU004,Product A4,East,13,683.8,52.6,0
2014-01-21,SKU005,Product A5,North,17,434.69,25.57,0
2014-01-21,SKU005,Product A5,South,10,255.7,25.57,0
2014-01-21,SKU005,Product A5,East,4,87.0,21.75,1
2014-01-21,SKU005,Product A5,West,24,613.68,25.57,0
2014-01-21,SKU006,Product A6,North,14,1639.82,117.13,0
2014-01-21,SKU006,Product A6,South,12,1405.56,117.13,0
2014-01-21,SKU006,Product A6,East,6,702.78,117.13,0
2014-01-21,SKU006,Product A6,West,15,1756.95,117.13,0
2014-01-21,SKU007,Product A7,North,17,4387.36,258.08,1
2014-01-21,SKU007,Product A7,South,44,13419.56,304.99,0
2014-01-21,SKU007,Product A7,East,28,8539.72,304.99,0
2014-01-21,SKU008,Product A8,South,22,2363.46,107.43,0
2014-01-21,SKU008,Product A8,East,19,2041.17,107.43,0
2014-01-21,SKU009,Product A9,South,35,7544.6,215.56,0
2014-01-21,SKU009,Product A9,East,24,5173.44,215.56,0
2014-01-21,SKU010,Product B0,South,18,5377.32,298.74,0
2014-01-21,SKU010,Product B0,West,41,10737.49,261.89,1
2014-01-21,SKU011,Product B1,South,8,3054.56,381.82,0
2014-01-21,SKU012,Product B2,South,29,10210.61,352.09,0
2014-01-21,SKU012,Product B2,East,11,3872.99,352.09,0
2014-01-21,SKU012,Product B2,West,17,5985.53,352.09,0
2014-01-21,SKU013,Product B3,South,14,2046.24,146.16,0
2014-01-21,SKU013,Product B3,East,22,3215.52,146.16,0
2014-01-21,SKU014,Product B4,North,39,18682.17,479.03,0
2014-01-21,SKU014,Product B4,South,14,6706.42,479.03,0
2014-01-21,SKU014,Product B4,East,23,11017.69,479.03,0
2014-01-21,SKU014,Product B4,West,14,6706.42,479.03,0
2014-01-21,SKU015,Product B5,North,66,3448.5,52.25,1
2014-01-21,SKU015,Product B5,South,35,2102.8,60.08,0
2014-01-21,SKU015,Product B5,East,16,961.28,60.08,0
2014-01-21,SKU015,Product B5,West,45,2703.6,60.08,0
2014-01-21,SKU016,Product B6,North,36,1921.68,53.38,1
2014-01-21,SKU016,Product B6,South,25,1434.75,57.39,0
2014-01-21,SKU016,Product B6,East,29,1664.31,57.39,0
2014-01-21,SKU016,Product B6,West,6,344.34,57.39,0
2014-01-21,SKU017,Product B7,South,23,7034.09,305.83,0
2014-01-21,SKU017,Product B7,East,11,2742.85,249.35,1
2014-01-21,SKU018,Product B8,North,30,11027.1,367.57,0
2014-01-21,SKU018,Product B8,South,7,2572.99,367.57,0
2014-01-21,SKU018,Product B8,East,46,16908.22,367.57,0
2014-01-21,SKU018,Product B8,West,10,3675.7,367.57,0
2014-01-21,SKU019,Product B9,North,18,1155.96,64.22,1
2014-01-21,SKU019,Product B9,South,44,2607.88,59.27,1
2014-01-21,SKU019,Product B9,East,11,782.76,71.16,0
2014-01-21,SKU020,Product C0,North,5,243.05,48.61,0
2014-01-21,SKU020,Product C0,South,48,2333.28,48.61,0
2014-01-21,SKU020,Product C0,East,26,1263.86,48.61,0
2014-01-21,SKU020,Product C0,West,25,1215.25,48.61,0
2014-01-21,SKU021,Product C1,North,12,4996.92,416.41,0
2014-01-21,SKU021,Product C1,South,44,18322.04,416.41,0
2014-01-21,SKU021,Product C1,East,29,12075.89,416.41,0
2014-01-21,SKU022,Product C2,North,13,5770.31,443.87,0
2014-01-21,SKU022,Product C2,South,19,8433.53,443.87,0
2014-01-21,SKU022,Product C2,West,25,9522.25,380.89,1
2014-01-21,SKU023,Product C3,South,40,11716.0,292.9,0
2014-01-21,SKU023,Product C3,East,19,5565.1,292.9,0
2014-01-21,SKU023,Product C3,West,7,2050.3,292.9,0
2014-01-21,SKU024,Product C4,East,4,129.8,32.45,0
2014-01-21,SKU024,Product C4,West,18,584.1,32.45,0
2014-01-21,SKU025,Product C5,North,20,7776.0,388.8,0
2014-01-21,SKU025,Product C5,West,32,12441.6,388.8,0
2014-01-21,SKU026,Product C6,South,34,11740.2,345.3,1
2014-01-21,SKU026,Product C6,East,23,9869.53,429.11,0
2014-01-21,SKU026,Product C6,West,61,22385.78,366.98,1
2014-01-21,SKU027,Product C7,East,24,4312.56,179.69,1
2014-01-21,SKU027,Product C7,West,17,3336.42,196.26,0
2014-01-21,SKU028,Product C8,East,44,14145.56,321.49,0
2014-01-21,SKU028,Product C8,West,32,9348.48,292.14,1
2014-01-21,SKU029,Product C9,South,16,1435.2,89.7,0
2014-01-21,SKU029,Product C9,East,39,3154.32,80.88,1
2014-01-21,SKU029,Product C9,West,27,2421.9,89.7,0
2014-01-21,SKU030,Product D0,North,6,675.96,112.66,0
2014-01-21,SKU031,Product D1,North,13,4600.57,353.89,0
2014-01-21,SKU031,Product D1,East,33,11678.37,353.89,0
2014-01-21,SKU031,Product D1,West,42,14863.38,353.89,0
2014-01-21,SKU032,Product D2,South,18,5552.46,308.47,0
2014-01-21,SKU032,Product D2,East,9,2776.23,308.47,0
2014-01-21,SKU032,Product D2,West,11,3393.17,308.47,0
2014-01-21,SKU033,Product D3,South,24,6521.52,271.73,0
2014-01-21,SKU033,Product D3,East,23,6249.79,271.73,0
2014-01-21,SKU034,Product D4,North,47,4233.29,90.07,0
2014-01-21,SKU034,Product D4,South,37,2792.76,75.48,1
2014-01-21,SKU034,Product D4,West,32,2882.24,90.07,0
2014-01-21,SKU035,Product D5,North,5,711.35,142.27,0
2014-01-21,SKU035,Product D5,East,22,3129.94,142.27,0
2014-01-21,SKU035,Product D5,West,27,3841.29,142.27,0
2014-01-21,SKU036,Product D6,North,39,4586.79,117.61,0
2014-01-21,SKU036,Product D6,West,33,3648.81,110.57,1
2014-01-21,SKU037,Product D7,North,18,7614.0,423.0,0
2014-01-21,SKU037,Product D7,South,24,10152.0,423.0,0
2014-01-21,SKU037,Product D7,East,26,10998.0,423.0,0
2014-01-21,SKU037,Product D7,West,26,10998.0,423.0,0
2014-01-21,SKU038,Product D8,South,38,4644.74,122.23,0
2014-01-21,SKU038,Product D8,West,5,611.15,122.23,0
2014-01-21,SKU039,Product D9,South,8,3235.76,404.47,0
2014-01-21,SKU039,Product D9,West,18,6713.82,372.99,1
2014-01-21,SKU040,Product E0,North,8,1129.52,141.19,0
2014-01-21,SKU040,Product E0,South,6,847.14,141.19,0
2014-01-21,SKU040,Product E0,East,32,4019.52,125.61,1
2014-01-21,SKU040,Product E0,West,19,2682.61,141.19,0
2014-01-21,SKU041,Product E1,North,39,17840.16,457.44,0
2014-01-21,SKU041,Product E1,East,16,7319.04,457.44,0
2014-01-21,SKU042,Product E2,North,38,16697.96,439.42,0
2014-01-21,SKU042,Product E2,South,29,12743.18,439.42,0
2014-01-21,SKU042,Product E2,West,42,15462.72,368.16,1
2014-01-21,SKU043,Product E3,North,59,5773.74,97.86,1
2014-01-21,SKU043,Product E3,South,21,2397.99,114.19,0
2014-01-21,SKU044,Product E4,North,20,4077.2,203.86,0
2014-01-21,SKU044,Product E4,South,48,9785.28,203.86,0
2014-01-21,SKU044,Product E4,East,25,5096.5,203.86,0
2014-01-21,SKU044,Product E4,West,50,9050.0,181.0,1
2014-01-21,SKU045,Product E5,North,24,1920.24,80.01,0
2014-01-21,SKU045,Product E5,South,21,1680.21,80.01,0
2014-01-21,SKU045,Product E5,West,41,3006.12,73.32,1
2014-01-21,SKU046,Product E6,East,11,1439.35,130.85,0
2014-01-21,SKU046,Product E6,West,25,3271.25,130.85,0
2014-01-21,SKU047,Product E7,East,8,2192.8,274.1,0
2014-01-21,SKU047,Product E7,West,4,1096.4,274.1,0
2014-01-21,SKU048,Product E8,North,5,1099.65,219.93,0
2014-01-21,SKU048,Product E8,South,25,5498.25,219.93,0
2014-01-21,SKU048,Product E8,East,55,9835.1,178.82,1
2014-01-21,SKU048,Product E8,West,28,6158.04,219.93,0
2014-01-21,SKU049,Product E9,East,9,1851.39,205.71,0
2014-01-21,SKU049,Product E9,West,52,10696.92,205.71,0
2014-01-22,SKU000,Product A0,North,9,2909.88,323.32,0
2014-01-22,SKU000,Product A0,South,10,3233.2,323.32,0
2014-01-22,SKU000,Product A0,East,12,3879.84,323.32,0
2014-01-22,SKU000,Product A0,West,50,14547.5,290.95,1
2014-01-22,SKU001,Product A1,North,9,3360.24,373.36,0
2014-01-22,SKU001,Product A1,South,12,4480.32,373.36,0
2014-01-22,SKU001,Product A1,East,7,2613.52,373.36,0
2014-01-22,SKU001,Product A1,West,8,2617.92,327.24,1
2014-01-22,SKU002,Product A2,North,56,5513.2,98.45,1
2014-01-22,SKU002,Product A2,South,35,4177.95,119.37,0
2014-01-22,SKU002,Product A2,East,9,911.07,101.23,1
2014-01-22,SKU002,Product A2,West,22,2626.14,119.37,0
2014-01-22,SKU003,Product A3,East,48,16395.84,341.58,0
2014-01-22,SKU003,Product A3,West,30,10247.4,341.58,0
2014-01-22,SKU004,Product A4,North,8,340.8,42.6,1
2014-01-22,SKU004,Product A4,East,28,1472.8,52.6,0
2014-01-22,SKU004,Product A4,West,46,2419.6,52.6,0
2014-01-22,SKU005,Product A5,North,35,894.95,25.57,0
2014-01-22,SKU005,Product A5,East,28,715.96,25.57,0
2014-01-22,SKU005,Product A5,West,43,1099.51,25.57,0
2014-01-22,SKU006,Product A6,North,27,3162.51,117.13,0
2014-01-22,SKU006,Product A6,South,22,2576.86,117.13,0
2014-01-22,SKU006,Product A6,East,33,3865.29,117.13,0
2014-01-22,SKU006,Product A6,West,26,3045.38,117.13,0
2014-01-22,SKU007,Product A7,North,17,5184.83,304.99,0
2014-01-22,SKU007,Product A7,South,22,6709.78,304.99,0
2014-01-22,SKU007,Product A7,East,30,9149.7,304.99,0
2014-01-22,SKU007,Product A7,West,13,3964.87,304.99,0
2014-01-22,SKU008,Product A8,North,37,3974.91,107.43,0
2014-01-22,SKU008,Product A8,South,30,3222.9,107.43,0
2014-01-22,SKU009,Product A9,North,16,3448.96,215.56,0
2014-01-22,SKU009,Product A9,South,46,9915.76,215.56,0
2014-01-22,SKU009,Product A9,East,37,7975.72,215.56,0
2014-01-22,SKU009,Product A9,West,13,2294.11,176.47,1
2014-01-22,SKU010,Product B0,North,18,5377.32,298.74,0
2014-01-22,SKU010,Product B0,West,36,10754.64,298.74,0
2014-01-22,SKU011,Product B1,North,12,4581.84,381.82,0
2014-01-22,SKU011,Product B1,South,32,12218.24,381.82,0
2014-01-22,SKU011,Product B1,East,11,3838.89,348.99,1
2014-01-22,SKU011,Product B1,West,6,2290.92,381.82,0
2014-01-22,SKU012,Product B2,North,11,3872.99,352.09,0
2014-01-22,SKU012,Product B2,South,58,17371.0,299.5,1
2014-01-22,SKU012,Product B2,East,23,8098.07,352.09,0
2014-01-22,SKU012,Product B2,West,23,8098.07,352.09,0
2014-01-22,SKU013,Product B3,North,5,730.8,146.16,0
2014-01-22,SKU013,Product B3,South,20,2923.2,146.16,0
2014-01-22,SKU013,Product B3,West,48,7015.68,146.16,0
2014-01-22,SKU014,Product B4,North,8,3832.24,479.03,0
2014-01-22,SKU014,Product B4,South,30,14370.9,479.03,0
2014-01-22,SKU014,Product B4,East,6,2874.18,479.03,0
2014-01-22,SKU014,Product B4,West,44,21077.32,479.03,0
2014-01-22,SKU015,Product B5,North,8,480.64,60.08,0
2014-01-22,SKU015,Product B5,South,30,1802.4,60.08,0
2014-01-22,SKU015,Product B5,East,15,901.2,60.08,0
2014-01-22,SKU015,Product B5,West,38,2000.32,52.64,1
2014-01-22,SKU016,Product B6,North,14,803.46,57.39,0
2014-01-22,SKU016,Product B6,South,46,2639.94,57.39,0
2014-01-22,SKU016,Product B6,East,13,746.07,57.39,0
2014-01-22,SKU016,Product B6,West,24,1377.36,57.39,0
2014-01-22,SKU017,Product B7,East,29,8869.07,305.83,0
2014-01-22,SKU017,Product B7,West,4,1223.32,305.83,0
2014-01-22,SKU018,Product B8,North,29,10659.53,367.57,0
2014-01-22,SKU018,Product B8,South,23,8454.11,367.57,0
2014-01-22,SKU018,Product B8,East,17,6248.69,367.57,0
2014-01-22,SKU019,Product B9,North,37,2632.92,71.16,0
2014-01-22,SKU019,Product B9,South,22,1565.52,71.16,0
2014-01-22,SKU019,Product B9,East,9,640.44,71.16,0
2014-01-22,SKU019,Product B9,West,8,569.28,71.16,0
2014-01-22,SKU020,Product C0,North,14,680.54,48.61,0
2014-01-22,SKU020,Product C0,East,22,995.28,45.24,1
2014-01-22,SKU020,Product C0,West,12,583.32,48.61,0
2014-01-22,SKU021,Product C1,North,10,4164.1,416.41,0
2014-01-22,SKU021,Product C1,South,32,13325.12,416.41,0
2014-01-22,SKU021,Product C1,East,14,5829.74,416.41,0
2014-01-22,SKU021,Product C1,West,27,11243.07,416.41,0
2014-01-22,SKU022,Product C2,South,3,1331.61,443.87,0
2014-01-22,SKU022,Product C2,East,5,2219.35,443.87,0
2014-01-22,SKU022,Product C2,West,9,3994.83,443.87,0
2014-01-22,SKU023,Product C3,North,44,12887.6,292.9,0
2014-01-22,SKU023,Product C3,South,16,4686.4,292.9,0
2014-01-22,SKU023,Product C3,West,50,12545.0,250.9,1
2014-01-22,SKU024,Product C4,North,34,1103.3,32.45,0
2014-01-22,SKU024,Product C4,South,31,1005.95,32.45,0
2014-01-22,SKU024,Product C4,East,29,941.05,32.45,0
2014-01-22,SKU025,Product C5,East,21,8164.8,388.8,0
2014-01-22,SKU025,Product C5,West,4,1555.2,388.8,0
2014-01-22,SKU026,Product C6,North,15,6436.65,429.11,0
2014-01-22,SKU026,Product C6,South,19,8153.09,429.11,0
2014-01-22,SKU026,Product C6,East,4,1716.44,429.11,0
2014-01-22,SKU027,Product C7,North,42,8242.92,196.26,0
2014-01-22,SKU027,Product C7,South,27,4955.04,183.52,1
2014-01-22,SKU027,Product C7,East,25,4906.5,196.26,0
2014-01-22,SKU028,Product C8,North,33,10609.17,321.49,0
2014-01-22,SKU028,Product C8,South,48,15431.52,321.49,0
2014-01-22,SKU028,Product C8,East,36,11573.64,321.49,0
2014-01-22,SKU029,Product C9,North,18,1614.6,89.7,0
2014-01-22,SKU029,Product C9,South,22,1973.4,89.7,0
2014-01-22,SKU029,Product C9,East,25,2242.5,89.7,0
2014-01-22,SKU029,Product C9,West,61,4795.82,78.62,1
2014-01-22,SKU030,Product D0,North,26,2929.16,112.66,0
2014-01-22,SKU030,Product D0,South,33,3717.78,112.66,0
2014-01-22,SKU030,Product D0,West,32,3605.12,112.66,0
2014-01-22,SKU031,Product D1,North,47,16632.83,353.89,0
2014-01-22,SKU031,Product D1,South,10,3538.9,353.89,0
2014-01-22,SKU031,Product D1,West,41,14509.49,353.89,0
2014-01-22,SKU032,Product D2,North,13,4010.11,308.47,0
2014-01-22,SKU032,Product D2,South,25,6519.75,260.79,1
2014-01-22,SKU032,Product D2,East,28,8637.16,308.47,0
2014-01-22,SKU033,Product D3,North,30,8151.9,271.73,0
2014-01-22,SKU033,Product D3,South,8,1976.24,247.03,1
2014-01-22,SKU033,Product D3,East,16,4347.68,271.73,0
2014-01-22,SKU033,Product D3,West,34,9238.82,271.73,0
2014-01-22,SKU034,Product D4,South,38,3422.66,90.07,0
2014-01-22,SKU034,Product D4,East,24,2161.68,90.07,0
2014-01-22,SKU034,Product D4,West,49,4413.43,90.07,0
2014-01-22,SKU035,Product D5,North,43,6117.61,142.27,0
2014-01-22,SKU035,Product D5,East,16,2276.32,142.27,0
2014-01-22,SKU035,Product D5,West,18,2560.86,142.27,0
2014-01-22,SKU036,Product D6,South,12,1411.32,117.61,0
2014-01-22,SKU036,Product D6,East,16,1881.76,117.61,0
2014-01-22,SKU036,Product D6,West,33,3881.13,117.61,0
2014-01-22,SKU037,Product D7,North,41,14297.11,348.71,1
2014-01-22,SKU037,Product D7,East,34,12381.44,364.16,1
2014-01-22,SKU037,Product D7,West,4,1692.0,423.0,0
2014-01-22,SKU038,Product D8,North,37,4522.51,122.23,0
2014-01-22,SKU038,Product D8,East,24,2933.52,122.23,0
2014-01-22,SKU038,Product D8,West,11,1344.53,122.23,0
2014-01-22,SKU039,Product D9,North,7,2578.24,368.32,1
2014-01-22,SKU039,Product D9,South,10,4044.7,404.47,0
2014-01-22,SKU039,Product D9,East,18,6018.3,334.35,1
2014-01-22,SKU040,Product E0,North,51,7200.69,141.19,0
2014-01-22,SKU040,Product E0,South,6,847.14,141.19,0
2014-01-22,SKU040,Product E0,East,8,910.32,113.79,1
2014-01-22,SKU041,Product E1,West,19,8691.36,457.44,0
2014-01-22,SKU042,Product E2,North,40,15659.6,391.49,1
2014-01-22,SKU042,Product E2,South,42,18455.64,439.42,0
2014-01-22,SKU042,Product E2,East,14,6151.88,439.42,0
2014-01-22,SKU042,Product E2,West,41,18016.22,439.42,0
2014-01-22,SKU043,Product E3,South,44,5024.36,114.19,0
2014-01-22,SKU043,Product E3,West,22,2512.18,114.19,0
2014-01-22,SKU044,Product E4,North,42,7604.52,181.06,1
2014-01-22,SKU044,Product E4,South,21,4281.06,203.86,0
2014-01-22,SKU044,Product E4,East,24,4892.64,203.86,0
2014-01-22,SKU045,Product E5,North,12,960.12,80.01,0
2014-01-22,SKU045,Product E5,South,31,2480.31,80.01,0
2014-01-22,SKU045,Product E5,West,19,1520.19,80.01,0
2014-01-22,SKU046,Product E6,North,7,915.95,130.85,0
2014-01-22,SKU046,Product E6,South,30,3925.5,130.85,0
2014-01-22,SKU047,Product E7,North,24,6578.4,274.1,0
2014-01-22,SKU047,Product E7,South,43,11786.3,274.1,0
2014-01-22,SKU047,Product E7,West,17,4659.7,274.1,0
2014-01-22,SKU048,Product E8,South,9,1979.37,219.93,0
2014-01-22,SKU049,Product E9,South,4,822.84,205.71,0
2014-01-22,SKU049,Product E9,West,3,617.13,205.71,0
2014-01-23,SKU000,Product A0,South,10,3233.2,323.32,0
2014-01-23,SKU000,Product A0,West,30,9699.6,323.32,0
2014-01-23,SKU001,Product A1,North,30,11200.8,373.36,0
2014-01-23,SKU001,Product A1,East,37,13814.32,373.36,0
2014-01-23,SKU002,Product A2,North,15,1790.55,119.37,0
2014-01-23,SKU002,Product A2,East,33,3939.21,119.37,0
2014-01-23,SKU002,Product A2,West,20,2387.4,119.37,0
2014-01-23,SKU003,Product A3,North,15,5123.7,341.58,0
2014-01-23,SKU003,Product A3,South,17,5806.86,341.58,0
2014-01-23,SKU003,Product A3,East,5,1610.2,322.04,1
2014-01-23,SKU003,Product A3,West,27,8489.34,314.42,1
2014-01-23,SKU004,Product A4,East,45,2367.0,52.6,0
2014-01-23,SKU004,Product A4,West,40,2104.0,52.6,0
2014-01-23,SKU005,Product A5,North,23,588.11,25.57,0
2014-01-23,SKU005,Product A5,East,18,460.26,25.57,0
2014-01-23,SKU005,Product A5,West,20,511.4,25.57,0
2014-01-23,SKU006,Product A6,South,14,1639.82,117.13,0
2014-01-23,SKU006,Product A6,East,21,2459.73,117.13,0
2014-01-23,SKU007,Product A7,North,11,3354.89,304.99,0
2014-01-23,SKU007,Product A7,South,37,11284.63,304.99,0
2014-01-23,SKU007,Product A7,East,14,4269.86,304.99,0
2014-01-23,SKU007,Product A7,West,12,3659.88,304.99,0
2014-01-23,SKU008,Product A8,South,10,1074.3,107.43,0
2014-01-23,SKU008,Product A8,East,41,3965.11,96.71,1
2014-01-23,SKU008,Product A8,West,7,752.01,107.43,0
2014-01-23,SKU009,Product A9,North,20,4311.2,215.56,0
2014-01-23,SKU009,Product A9,South,11,2371.16,215.56,0
2014-01-23,SKU009,Product A9,East,38,8191.28,215.56,0
2014-01-23,SKU009,Product A9,West,35,7544.6,215.56,0
2014-01-23,SKU010,Product B0,North,20,5974.8,298.74,0
2014-01-23,SKU010,Product B0,East,15,4481.1,298.74,0
2014-01-23,SKU010,Product B0,West,31,9260.94,298.74,0
2014-01-23,SKU011,Product B1,North,50,19091.0,381.82,0
2014-01-23,SKU011,Product B1,South,27,10309.14,381.82,0
2014-01-23,SKU011,Product B1,East,4,1527.28,381.82,0
2014-01-23,SKU011,Product B1,West,6,2290.92,381.82,0
2014-01-23,SKU012,Product B2,North,40,11932.8,298.32,1
2014-01-23,SKU012,Product B2,South,9,3168.81,352.09,0
2014-01-23,SKU012,Product B2,East,10,3520.9,352.09,0
2014-01-23,SKU012,Product B2,West,17,5985.53,352.09,0
2014-01-23,SKU013,Product B3,South,15,2192.4,146.16,0
2014-01-23,SKU013,Product B3,East,6,876.96,146.16,0
2014-01-23,SKU014,Product B4,North,21,10059.63,479.03,0
2014-01-23,SKU014,Product B4,South,34,16287.02,479.03,0
2014-01-23,SKU014,Product B4,East,27,12933.81,479.03,0
2014-01-23,SKU014,Product B4,West,17,8143.51,479.03,0
2014-01-23,SKU015,Product B5,East,10,504.4,50.44,1
2014-01-23,SKU016,Product B6,North,20,926.6,46.33,1
2014-01-23,SKU017,Product B7,North,44,13456.52,305.83,0
2014-01-23,SKU017,Product B7,South,25,7645.75,305.83,0
2014-01-23,SKU017,Product B7,East,38,10899.16,286.82,1
2014-01-23,SKU017,Product B7,West,31,7718.69,248.99,1
2014-01-23,SKU018,Product B8,North,21,7718.97,367.57,0
2014-01-23,SKU018,Product B8,South,8,2940.56,367.57,0
2014-01-23,SKU018,Product B8,East,12,4410.84,367.57,0
2014-01-23,SKU018,Product B8,West,52,17619.68,338.84,1
2014-01-23,SKU019,Product B9,South,41,2917.56,71.16,0
2014-01-23,SKU019,Product B9,East,40,2846.4,71.16,0
2014-01-23,SKU020,Product C0,South,12,583.32,48.61,0
2014-01-23,SKU020,Product C0,East,17,826.37,48.61,0
2014-01-23,SKU020,Product C0,West,34,1652.74,48.61,0
2014-01-23,SKU021,Product C1,North,62,22281.56,359.38,1
2014-01-23,SKU021,Product C1,South,9,3747.69,416.41,0
2014-01-23,SKU021,Product C1,East,11,4580.51,416.41,0
2014-01-23,SKU021,Product C1,West,34,14157.94,416.41,0
2014-01-23,SKU022,Product C2,North,19,8433.53,443.87,0
2014-01-23,SKU022,Product C2,South,14,6214.18,443.87,0
2014-01-23,SKU022,Product C2,East,4,1775.48,443.87,0
2014-01-23,SKU023,Product C3,North,8,2343.2,292.9,0
2014-01-23,SKU023,Product C3,South,46,13473.4,292.9,0
2014-01-23,SKU023,Product C3,East,24,7029.6,292.9,0
2014-01-23,SKU023,Product C3,West,33,9665.7,292.9,0
2014-01-23,SKU024,Product C4,North,18,584.1,32.45,0
2014-01-23,SKU024,Product C4,East,39,1265.55,32.45,0
2014-01-23,SKU024,Product C4,West,31,938.99,30.29,1
2014-01-23,SKU025,Product C5,North,20,6555.8,327.79,1
2014-01-23,SKU025,Product C5,South,4,1555.2,388.8,0
2014-01-23,SKU025,Product C5,East,26,10108.8,388.8,0
2014-01-23,SKU025,Product C5,West,51,19828.8,388.8,0
2014-01-23,SKU026,Product C6,South,25,10727.75,429.11,0
2014-01-23,SKU026,Product C6,East,18,7723.98,429.11,0
2014-01-23,SKU027,Product C7,North,66,11763.84,178.24,1
2014-01-23,SKU027,Product C7,South,23,4513.98,196.26,0
2014-01-23,SKU027,Product C7,East,18,3532.68,196.26,0
2014-01-23,SKU028,Product C8,North,16,5143.84,321.49,0
2014-01-23,SKU029,Product C9,North,40,3588.0,89.7,0
2014-01-23,SKU029,Product C9,East,4,358.8,89.7,0
2014-01-23,SKU029,Product C9,West,31,2780.7,89.7,0
2014-01-23,SKU030,Product D0,North,23,2591.18,112.66,0
2014-01-23,SKU030,Product D0,South,19,2140.54,112.66,0
2014-01-23,SKU030,Product D0,East,38,4281.08,112.66,0
2014-01-23,SKU030,Product D0,West,30,3379.8,112.66,0
2014-01-23,SKU031,Product D1,North,20,7077.8,353.89,0
2014-01-23,SKU031,Product D1,South,25,8847.25,353.89,0
2014-01-23,SKU031,Product D1,East,5,1769.45,353.89,0
2014-01-23,SKU031,Product D1,West,4,1415.56,353.89,0
2014-01-23,SKU032,Product D2,South,53,16348.91,308.47,0
2014-01-23,SKU032,Product D2,West,17,4396.88,258.64,1
2014-01-23,SKU033,Product D3,North,20,5434.6,271.73,0
2014-01-23,SKU033,Product D3,East,24,5462.16,227.59,1
2014-01-23,SKU034,Product D4,South,33,2972.31,90.07,0
2014-01-23,SKU034,Product D4,East,47,4233.29,90.07,0
2014-01-23,SKU034,Product D4,West,18,1621.26,90.07,0
2014-01-23,SKU035,Product D5,North,33,4694.91,142.27,0
2014-01-23,SKU035,Product D5,South,30,4268.1,142.27,0
2014-01-23,SKU035,Product D5,West,10,1272.0,127.2,1
2014-01-23,SKU036,Product D6,North,16,1881.76,117.61,0
2014-01-23,SKU036,Product D6,South,11,1293.71,117.61,0
2014-01-23,SKU036,Product D6,East,21,2469.81,117.61,0
2014-01-23,SKU036,Product D6,West,4,470.44,117.61,0
2014-01-23,SKU037,Product D7,North,44,18612.0,423.0,0
2014-01-23,SKU037,Product D7,East,31,13113.0,423.0,0
2014-01-23,SKU037,Product D7,West,4,1398.04,349.51,1
2014-01-23,SKU038,Product D8,North,9,1100.07,122.23,0
2014-01-23,SKU038,Product D8,South,9,1100.07,122.23,0
2014-01-23,SKU038,Product D8,East,43,5255.89,122.23,0
2014-01-23,SKU038,Product D8,West,44,5378.12,122.23,0
2014-01-23,SKU039,Product D9,East,37,14965.39,404.47,0
2014-01-23,SKU040,Product E0,North,45,6353.55,141.19,0
2014-01-23,SKU040,Product E0,South,30,4235.7,141.19,0
2014-01-23,SKU040,Product E0,West,22,3106.18,141.19,0
2014-01-23,SKU041,Product E1,North,14,5790.54,413.61,1
2014-01-23,SKU041,Product E1,South,42,19212.48,457.44,0
2014-01-23,SKU041,Product E1,East,32,14638.08,457.44,0
2014-01-23,SKU042,Product E2,North,26,11424.92,439.42,0
2014-01-23,SKU042,Product E2,East,6,2636.52,439.42,0
2014-01-23,SKU043,Product E3,North,25,2854.75,114.19,0
2014-01-23,SKU043,Product E3,South,21,1982.61,94.41,1
2014-01-23,SKU043,Product E3,West,23,2159.24,93.88,1
2014-01-23,SKU044,Product E4,North,39,7950.54,203.86,0
2014-01-23,SKU044,Product E4,South,14,2854.04,203.86,0
2014-01-23,SKU044,Product E4,East,6,1223.16,203.86,0
2014-01-23,SKU045,Product E5,North,3,240.03,80.01,0
2014-01-23,SKU045,Product E5,East,6,480.06,80.01,0
2014-01-23,SKU046,Product E6,North,53,6204.18,117.06,1
2014-01-23,SKU046,Product E6,South,15,1962.75,130.85,0
2014-01-23,SKU046,Product E6,East,34,4448.9,130.85,0
2014-01-23,SKU046,Product E6,West,10,1177.9,117.79,1
2014-01-23,SKU047,Product E7,North,57,12910.5,226.5,1
2014-01-23,SKU047,Product E7,South,5,1370.5,274.1,0
2014-01-23,SKU047,Product E7,East,20,5482.0,274.1,0
2014-01-23,SKU047,Product E7,West,22,6030.2,274.1,0
2014-01-23,SKU048,Product E8,North,7,1539.51,219.93,0
2014-01-23,SKU048,Product E8,South,33,6255.81,189.57,1
2014-01-23,SKU048,Product E8,East,23,4281.91,186.17,1
2014-01-23,SKU048,Product E8,West,7,1340.08,191.44,1
2014-01-23,SKU049,Product E9,North,44,9051.24,205.71,0
2014-01-23,SKU049,Product E9,South,6,1234.26,205.71,0
2014-01-24,SKU000,Product A0,North,8,2586.56,323.32,0
2014-01-24,SKU000,Product A0,South,12,3879.84,323.32,0
2014-01-24,SKU000,Product A0,East,42,13579.44,323.32,0
2014-01-24,SKU000,Product A0,West,23,7436.36,323.32,0
2014-01-24,SKU001,Product A1,North,30,11200.8,373.36,0
2014-01-24,SKU001,Product A1,South,28,10454.08,373.36,0
2014-01-24,SKU001,Product A1,East,22,8213.92,373.36,0
2014-01-24,SKU001,Product A1,West,39,14561.04,373.36,0
2014-01-24,SKU002,Product A2,South,43,5132.91,119.37,0
2014-01-24,SKU002,Product A2,East,9,1074.33,119.37,0
2014-01-24,SKU003,Product A3,North,39,12577.11,322.49,1
2014-01-24,SKU003,Product A3,South,7,2391.06,341.58,0
2014-01-24,SKU003,Product A3,West,29,9905.82,341.58,0
2014-01-24,SKU004,Product A4,North,4,210.4,52.6,0
2014-01-24,SKU004,Product A4,East,37,1946.2,52.6,0
2014-01-24,SKU005,Product A5,South,8,204.56,25.57,0
2014-01-24,SKU006,Product A6,North,32,3748.16,117.13,0
2014-01-24,SKU006,Product A6,West,38,4450.94,117.13,0
2014-01-24,SKU007,Product A7,South,10,3049.9,304.99,0
2014-01-24,SKU007,Product A7,East,38,11589.62,304.99,0
2014-01-24,SKU007,Product A7,West,16,4879.84,304.99,0
2014-01-24,SKU008,Product A8,North,18,1933.74,107.43,0
2014-01-24,SKU008,Product A8,South,33,3545.19,107.43,0
2014-01-24,SKU009,Product A9,North,45,9700.2,215.56,0
2014-01-24,SKU009,Product A9,West,47,10131.32,215.56,0
2014-01-24,SKU010,Product B0,North,33,9858.42,298.74,0
2014-01-24,SKU010,Product B0,South,32,8230.72,257.21,1
2014-01-24,SKU010,Product B0,East,10,2987.4,298.74,0
2014-01-24,SKU010,Product B0,West,39,10999.56,282.04,1
2014-01-24,SKU011,Product B1,East,3,1145.46,381.82,0
2014-01-24,SKU012,Product B2,South,8,2816.72,352.09,0
2014-01-24,SKU012,Product B2,East,48,15265.44,318.03,1
2014-01-24,SKU012,Product B2,West,26,9154.34,352.09,0
2014-01-24,SKU013,Product B3,South,33,4823.28,146.16,0
2014-01-24,SKU013,Product B3,East,23,3361.68,146.16,0
2014-01-24,SKU013,Product B3,West,5,730.8,146.16,0
2014-01-24,SKU014,Product B4,East,30,14370.9,479.03,0
2014-01-24,SKU014,Product B4,West,26,12454.78,479.03,0
2014-01-24,SKU015,Product B5,North,12,720.96,60.08,0
2014-01-24,SKU015,Product B5,South,16,961.28,60.08,0
2014-01-24,SKU015,Product B5,East,6,360.48,60.08,0
2014-01-24,SKU015,Product B5,West,5,300.4,60.08,0
2014-01-24,SKU016,Product B6,North,15,860.85,57.39,0
2014-01-24,SKU016,Product B6,East,25,1434.75,57.39,0
2014-01-24,SKU016,Product B6,West,39,2238.21,57.39,0
2014-01-24,SKU017,Product B7,East,8,2243.68,280.46,1
2014-01-24,SKU017,Product B7,West,22,6275.72,285.26,1
2014-01-24,SKU018,Product B8,North,27,9924.39,367.57,0
2014-01-24,SKU018,Product B8,South,16,5534.4,345.9,1
2014-01-24,SKU019,Product B9,North,20,1423.2,71.16,0
2014-01-24,SKU019,Product B9,South,17,1081.37,63.61,1
2014-01-24,SKU019,Product B9,West,12,853.92,71.16,0
2014-01-24,SKU020,Product C0,South,4,194.44,48.61,0
2014-01-24,SKU020,Product C0,East,42,2041.62,48.61,0
2014-01-24,SKU020,Product C0,West,16,777.76,48.61,0
2014-01-24,SKU021,Product C1,North,32,11127.36,347.73,1
2014-01-24,SKU021,Product C1,East,37,15407.17,416.41,0
2014-01-24,SKU021,Product C1,West,6,2498.46,416.41,0
2014-01-24,SKU022,Product C2,North,9,3994.83,443.87,0
2014-01-24,SKU022,Product C2,South,5,2219.35,443.87,0
2014-01-24,SKU022,Product C2,East,12,5326.44,443.87,0
2014-01-24,SKU022,Product C2,West,36,15979.32,443.87,0
2014-01-24,SKU023,Product C3,East,37,10837.3,292.9,0
2014-01-24,SKU024,Product C4,North,22,713.9,32.45,0
2014-01-24,SKU024,Product C4,South,25,811.25,32.45,0
2014-01-24,SKU024,Product C4,East,13,338.78,26.06,1
2014-01-24,SKU024,Product C4,West,44,1427.8,32.45,0
2014-01-24,SKU025,Product C5,East,18,6616.08,367.56,1
2014-01-24,SKU025,Product C5,West,6,2332.8,388.8,0
2014-01-24,SKU026,Product C6,South,27,11585.97,429.11,0
2014-01-24,SKU026,Product C6,East,5,2145.55,429.11,0
2014-01-24,SKU026,Product C6,West,43,18451.73,429.11,0
2014-01-24,SKU027,Product C7,North,14,2747.64,196.26,0
2014-01-24,SKU027,Product C7,East,25,4906.5,196.26,0
2014-01-24,SKU029,Product C9,East,14,1255.8,89.7,0
2014-01-24,SKU029,Product C9,West,5,448.5,89.7,0
2014-01-24,SKU030,Product D0,North,41,4619.06,112.66,0
2014-01-24,SKU030,Product D0,South,34,3830.44,112.66,0
2014-01-24,SKU030,Product D0,East,22,2478.52,112.66,0
2014-01-24,SKU031,Product D1,North,34,12032.26,353.89,0
2014-01-24,SKU031,Product D1,South,50,17694.5,353.89,0
2014-01-24,SKU031,Product D1,West,28,9908.92,353.89,0
2014-01-24,SKU032,Product D2,North,17,5243.99,308.47,0
2014-01-24,SKU032,Product D2,South,42,12955.74,308.47,0
2014-01-24,SKU032,Product D2,East,47,14498.09,308.47,0
2014-01-24,SKU033,Product D3,North,11,2989.03,271.73,0
2014-01-24,SKU033,Product D3,South,34,9238.82,271.73,0
2014-01-24,SKU033,Product D3,East,5,1358.65,271.73,0
2014-01-24,SKU033,Product D3,West,10,2717.3,271.73,0
2014-01-24,SKU034,Product D4,South,4,316.76,79.19,1
2014-01-24,SKU034,Product D4,East,25,2050.5,82.02,1
2014-01-24,SKU034,Product D4,West,16,1441.12,90.07,0
2014-01-24,SKU035,Product D5,East,30,4268.1,142.27,0
2014-01-24,SKU035,Product D5,West,16,2276.32,142.27,0
2014-01-24,SKU036,Product D6,North,32,3763.52,117.61,0
2014-01-24,SKU036,Product D6,East,12,1411.32,117.61,0
2014-01-24,SKU036,Product D6,West,11,1293.71,117.61,0
2014-01-24,SKU037,Product D7,North,9,3807.0,423.0,0
2014-01-24,SKU037,Product D7,South,37,15651.0,423.0,0
2014-01-24,SKU037,Product D7,West,27,11421.0,423.0,0
2014-01-24,SKU038,Product D8,North,36,4400.28,122.23,0
2014-01-24,SKU038,Product D8,East,24,2933.52,122.23,0
2014-01-24,SKU039,Product D9,North,54,21841.38,404.47,0
2014-01-24,SKU039,Product D9,East,43,13941.46,324.22,1
2014-01-24,SKU040,Product E0,North,7,988.33,141.19,0
2014-01-24,SKU040,Product E0,South,18,2541.42,141.19,0
2014-01-24,SKU040,Product E0,East,36,5082.84,141.19,0
2014-01-24,SKU040,Product E0,West,21,2964.99,141.19,0
2014-01-24,SKU041,Product E1,North,41,18755.04,457.44,0
2014-01-24,SKU041,Product E1,South,15,6861.6,457.44,0
2014-01-24,SKU041,Product E1,East,29,12239.16,422.04,1
2014-01-24,SKU041,Product E1,West,5,2287.2,457.44,0
2014-01-24,SKU042,Product E2,North,8,3515.36,439.42,0
2014-01-24,SKU043,Product E3,North,25,2854.75,114.19,0
2014-01-24,SKU043,Product E3,South,13,1484.47,114.19,0
2014-01-24,SKU043,Product E3,West,10,1141.9,114.19,0
2014-01-24,SKU044,Product E4,North,21,4281.06,203.86,0
2014-01-24,SKU044,Product E4,East,43,8765.98,203.86,0
2014-01-24,SKU044,Product E4,West,20,4077.2,203.86,0
2014-01-24,SKU045,Product E5,East,53,4240.53,80.01,0
2014-01-24,SKU045,Product E5,West,40,3200.4,80.01,0
2014-01-24,SKU046,Product E6,North,44,5757.4,130.85,0
2014-01-24,SKU046,Product E6,South,62,7072.34,114.07,1
2014-01-24,SKU046,Product E6,West,26,3402.1,130.85,0
2014-01-24,SKU047,Product E7,South,3,739.11,246.37,1
2014-01-24,SKU047,Product E7,East,20,5482.0,274.1,0
2014-01-24,SKU048,Product E8,North,37,8137.41,219.93,0
2014-01-24,SKU048,Product E8,South,35,7697.55,219.93,0
2014-01-24,SKU048,Product E8,East,13,2859.09,219.93,0
2014-01-24,SKU049,Product E9,North,27,5554.17,205.71,0
2014-01-25,SKU000,Product A0,North,44,14226.08,323.32,0
2014-01-25,SKU000,Product A0,South,43,13902.76,323.32,0
2014-01-25,SKU001,Product A1,North,8,2986.88,373.36,0
2014-01-25,SKU001,Product A1,East,20,7467.2,373.36,0
2014-01-25,SKU002,Product A2,North,41,4894.17,119.37,0
2014-01-25,SKU002,Product A2,South,29,3461.73,119.37,0
2014-01-25,SKU002,Product A2,West,44,4475.24,101.71,1
2014-01-25,SKU003,Product A3,North,7,2391.06,341.58,0
2014-01-25,SKU003,Product A3,South,13,4440.54,341.58,0
2014-01-25,SKU003,Product A3,East,28,9564.24,341.58,0
2014-01-25,SKU003,Product A3,West,7,2391.06,341.58,0
2014-01-25,SKU004,Product A4,North,16,752.48,47.03,1
2014-01-25,SKU004,Product A4,South,38,1998.8,52.6,0
2014-01-25,SKU004,Product A4,West,31,1630.6,52.6,0
2014-01-25,SKU005,Product A5,North,11,281.27,25.57,0
2014-01-25,SKU005,Product A5,South,8,204.56,25.57,0
2014-01-25,SKU005,Product A5,East,4,102.28,25.57,0
2014-01-25,SKU005,Product A5,West,18,460.26,25.57,0
2014-01-25,SKU006,Product A6,South,31,3631.03,117.13,0
2014-01-25,SKU006,Product A6,West,44,4219.6,95.9,1
2014-01-25,SKU007,Product A7,North,31,9454.69,304.99,0
2014-01-25,SKU007,Product A7,South,35,10674.65,304.99,0
2014-01-25,SKU007,Product A7,East,31,9454.69,304.99,0
2014-01-25,SKU007,Product A7,West,28,7514.08,268.36,1
2014-01-25,SKU008,Product A8,North,35,3760.05,107.43,0
2014-01-25,SKU008,Product A8,East,51,5478.93,107.43,0
2014-01-25,SKU008,Product A8,West,10,1074.3,107.43,0
2014-01-25,SKU009,Product A9,North,29,6251.24,215.56,0
2014-01-25,SKU009,Product A9,South,24,5173.44,215.56,0
2014-01-25,SKU009,Product A9,East,34,7329.04,215.56,0
2014-01-25,SKU009,Product A9,West,49,10562.44,215.56,0
2014-01-25,SKU010,Product B0,North,27,8065.98,298.74,0
2014-01-25,SKU010,Product B0,South,7,2091.18,298.74,0
2014-01-25,SKU010,Product B0,East,36,10754.64,298.74,0
2014-01-25,SKU010,Product B0,West,28,8364.72,298.74,0
2014-01-25,SKU011,Product B1,North,17,6490.94,381.82,0
2014-01-25,SKU011,Product B1,South,14,5345.48,381.82,0
2014-01-25,SKU011,Product B1,West,14,5345.48,381.82,0
2014-01-25,SKU012,Product B2,North,17,5985.53,352.09,0
2014-01-25,SKU012,Product B2,South,32,9629.12,300.91,1
2014-01-25,SKU012,Product B2,East,22,7745.98,352.09,0
2014-01-25,SKU012,Product B2,West,9,3168.81,352.09,0
2014-01-25,SKU013,Product B3,North,21,3069.36,146.16,0
2014-01-25,SKU013,Product B3,East,23,3361.68,146.16,0
2014-01-25,SKU013,Product B3,West,7,1023.12,146.16,0
2014-01-25,SKU014,Product B4,South,53,25388.59,479.03,0
2014-01-25,SKU014,Product B4,West,21,10059.63,479.03,0
2014-01-25,SKU015,Product B5,North,13,781.04,60.08,0
2014-01-25,SKU015,Product B5,South,61,3194.57,52.37,1
2014-01-25,SKU015,Product B5,East,37,2222.96,60.08,0
2014-01-25,SKU015,Product B5,West,18,1081.44,60.08,0
2014-01-25,SKU016,Product B6,North,30,1721.7,57.39,0
2014-01-25,SKU016,Product B6,East,36,2066.04,57.39,0
2014-01-25,SKU016,Product B6,West,37,1923.63,51.99,1
2014-01-25,SKU017,Product B7,East,40,12233.2,305.83,0
2014-01-25,SKU018,Product B8,South,59,21686.63,367.57,0
2014-01-25,SKU018,Product B8,East,30,11027.1,367.57,0
2014-01-25,SKU019,Product B9,South,18,1280.88,71.16,0
2014-01-25,SKU019,Product B9,East,5,355.8,71.16,0
2014-01-25,SKU019,Product B9,West,19,1352.04,71.16,0
2014-01-25,SKU020,Product C0,North,15,729.15,48.61,0
2014-01-25,SKU021,Product C1,South,4,1665.64,416.41,0
2014-01-25,SKU021,Product C1,East,48,19987.68,416.41,0
2014-01-25,SKU021,Product C1,West,9,3747.69,416.41,0
2014-01-25,SKU022,Product C2,North,40,17754.8,443.87,0
2014-01-25,SKU022,Product C2,East,45,19974.15,443.87,0
2014-01-25,SKU023,Product C3,North,52,15230.8,292.9,0
2014-01-25,SKU023,Product C3,South,32,8013.12,250.41,1
2014-01-25,SKU023,Product C3,West,24,7029.6,292.9,0
2014-01-25,SKU024,Product C4,North,21,681.45,32.45,0
2014-01-25,SKU024,Product C4,South,12,389.4,32.45,0
2014-01-25,SKU024,Product C4,East,17,551.65,32.45,0
2014-01-25,SKU024,Product C4,West,46,1278.8,27.8,1
2014-01-25,SKU025,Product C5,North,18,6998.4,388.8,0
2014-01-25,SKU025,Product C5,South,50,16033.5,320.67,1
2014-01-25,SKU025,Product C5,East,10,3888.0,388.8,0
2014-01-25,SKU025,Product C5,West,26,10108.8,388.8,0
2014-01-25,SKU026,Product C6,South,52,18369.0,353.25,1
2014-01-25,SKU026,Product C6,East,14,6007.54,429.11,0
2014-01-25,SKU027,Product C7,North,31,6084.06,196.26,0
2014-01-25,SKU027,Product C7,South,10,1962.6,196.26,0
2014-01-25,SKU027,Product C7,East,41,8046.66,196.26,0
2014-01-25,SKU027,Product C7,West,37,7261.62,196.26,0
2014-01-25,SKU028,Product C8,West,20,6429.8,321.49,0
2014-01-25,SKU029,Product C9,North,12,1076.4,89.7,0
2014-01-25,SKU029,Product C9,East,37,3318.9,89.7,0
2014-01-25,SKU030,Product D0,South,30,3379.8,112.66,0
2014-01-25,SKU030,Product D0,East,11,1239.26,112.66,0
2014-01-25,SKU030,Product D0,West,62,6984.92,112.66,0
2014-01-25,SKU031,Product D1,South,25,8847.25,353.89,0
2014-01-25,SKU031,Product D1,East,40,14155.6,353.89,0
2014-01-25,SKU032,Product D2,North,17,5243.99,308.47,0
2014-01-25,SKU032,Product D2,East,25,7711.75,308.47,0
2014-01-25,SKU033,Product D3,North,56,15216.88,271.73,0
2014-01-25,SKU033,Product D3,South,40,10869.2,271.73,0
2014-01-25,SKU033,Product D3,East,7,1902.11,271.73,0
2014-01-25,SKU033,Product D3,West,41,11140.93,271.73,0
2014-01-25,SKU034,Product D4,North,9,810.63,90.07,0
2014-01-25,SKU034,Product D4,East,50,4503.5,90.07,0
2014-01-25,SKU034,Product D4,West,7,630.49,90.07,0
2014-01-25,SKU035,Product D5,North,26,3699.02,142.27,0
2014-01-25,SKU035,Product D5,East,14,1820.84,130.06,1
2014-01-25,SKU036,Product D6,North,34,3998.74,117.61,0
2014-01-25,SKU036,Product D6,South,29,3410.69,117.61,0
2014-01-25,SKU037,Product D7,North,21,8883.0,423.0,0
2014-01-25,SKU037,Product D7,South,9,3807.0,423.0,0
2014-01-25,SKU038,Product D8,North,5,611.15,122.23,0
2014-01-25,SKU038,Product D8,East,49,5989.27,122.23,0
2014-01-25,SKU038,Product D8,West,8,977.84,122.23,0
2014-01-25,SKU039,Product D9,East,10,3585.9,358.59,1
2014-01-25,SKU040,Product E0,North,37,4334.92,117.16,1
2014-01-25,SKU040,Product E0,East,8,1129.52,141.19,0
2014-01-25,SKU040,Product E0,West,52,6630.0,127.5,1
2014-01-25,SKU041,Product E1,North,11,4139.41,376.31,1
2014-01-25,SKU041,Product E1,South,14,6404.16,457.44,0
2014-01-25,SKU041,Product E1,West,50,20944.0,418.88,1
2014-01-25,SKU042,Product E2,North,33,11993.85,363.45,1
2014-01-25,SKU042,Product E2,East,28,12303.76,439.42,0
2014-01-25,SKU043,Product E3,South,49,5595.31,114.19,0
2014-01-25,SKU043,Product E3,East,16,1827.04,114.19,0
2014-01-25,SKU043,Product E3,West,37,4225.03,114.19,0
2014-01-25,SKU044,Product E4,North,34,6339.64,186.46,1
2014-01-25,SKU044,Product E4,South,16,3261.76,203.86,0
2014-01-25,SKU044,Product E4,East,29,5911.94,203.86,0
2014-01-25,SKU044,Product E4,West,53,9609.96,181.32,1
2014-01-25,SKU045,Product E5,North,33,2640.33,80.01,0
2014-01-25,SKU045,Product E5,East,47,3426.77,72.91,1
2014-01-25,SKU046,Product E6,North,48,6280.8,130.85,0
2014-01-25,SKU046,Product E6,East,6,785.1,130.85,0
2014-01-25,SKU046,Product E6,West,11,1439.35,130.85,0
2014-01-25,SKU047,Product E7,North,25,6852.5,274.1,0
2014-01-25,SKU047,Product E7,East,6,1498.86,249.81,1
2014-01-25,SKU047,Product E7,West,43,11786.3,274.1,0
2014-01-25,SKU048,Product E8,North,14,3079.02,219.93,0
2014-01-25,SKU048,Product E8,South,22,4392.52,199.66,1
2014-01-25,SKU048,Product E8,East,29,6377.97,219.93,0
2014-01-25,SKU048,Product E8,West,23,5058.39,219.93,0
2014-01-25,SKU049,Product E9,North,21,4319.91,205.71,0
2014-01-25,SKU049,Product E9,East,32,6582.72,205.71,0
2014-01-26,SKU000,Product A0,North,6,1939.92,323.32,0
2014-01-26,SKU000,Product A0,East,37,11962.84,323.32,0
2014-01-26,SKU000,Product A0,West,39,12609.48,323.32,0
2014-01-26,SKU001,Product A1,North,34,12694.24,373.36,0
2014-01-26,SKU001,Product A1,South,21,7840.56,373.36,0
2014-01-26,SKU001,Product A1,East,54,18579.24,344.06,1
2014-01-26,SKU001,Product A1,West,7,2613.52,373.36,0
2014-01-26,SKU002,Product A2,South,5,596.85,119.37,0
2014-01-26,SKU002,Product A2,West,14,1671.18,119.37,0
2014-01-26,SKU003,Product A3,South,17,4656.98,273.94,1
2014-01-26,SKU003,Product A3,West,11,3411.54,310.14,1
2014-01-26,SKU004,Product A4,South,16,841.6,52.6,0
2014-01-26,SKU004,Product A4,East,7,368.2,52.6,0
2014-01-26,SKU004,Product A4,West,9,473.4,52.6,0
2014-01-26,SKU005,Product A5,East,19,485.83,25.57,0
2014-01-26,SKU006,Product A6,North,39,4568.07,117.13,0
2014-01-26,SKU006,Product A6,East,31,3631.03,117.13,0
2014-01-26,SKU006,Product A6,West,4,468.52,117.13,0
2014-01-26,SKU007,Product A7,North,55,16774.45,304.99,0
2014-01-26,SKU007,Product A7,South,17,5184.83,304.99,0
2014-01-26,SKU007,Product A7,East,25,7624.75,304.99,0
2014-01-26,SKU007,Product A7,West,10,3049.9,304.99,0
2014-01-26,SKU008,Product A8,North,14,1504.02,107.43,0
2014-01-26,SKU008,Product A8,South,20,2148.6,107.43,0
2014-01-26,SKU008,Product A8,East,33,2872.32,87.04,1
2014-01-26,SKU008,Product A8,West,47,4230.47,90.01,1
2014-01-26,SKU009,Product A9,North,34,7329.04,215.56,0
2014-01-26,SKU009,Product A9,South,51,10993.56,215.56,0
2014-01-26,SKU009,Product A9,West,28,6035.68,215.56,0
2014-01-26,SKU010,Product B0,South,11,3286.14,298.74,0
2014-01-26,SKU010,Product B0,East,36,10754.64,298.74,0
2014-01-26,SKU011,Product B1,South,43,16418.26,381.82,0
2014-01-26,SKU011,Product B1,East,7,2672.74,381.82,0
2014-01-26,SKU011,Product B1,West,28,10690.96,381.82,0
2014-01-26,SKU012,Product B2,North,38,13379.42,352.09,0
2014-01-26,SKU012,Product B2,South,39,11973.78,307.02,1
2014-01-26,SKU012,Product B2,East,18,6337.62,352.09,0
2014-01-26,SKU012,Product B2,West,62,21829.58,352.09,0
2014-01-26,SKU013,Product B3,North,62,8079.22,130.31,1
2014-01-26,SKU013,Product B3,South,16,2338.56,146.16,0
2014-01-26,SKU013,Product B3,West,5,635.15,127.03,1
2014-01-26,SKU014,Product B4,South,22,10538.66,479.03,0
2014-01-26,SKU014,Product B4,East,6,2874.18,479.03,0
2014-01-26,SKU014,Product B4,West,48,22993.44,479.03,0
2014-01-26,SKU015,Product B5,North,53,3184.24,60.08,0
2014-01-26,SKU015,Product B5,South,45,2703.6,60.08,0
2014-01-26,SKU015,Product B5,East,20,1041.4,52.07,1
2014-01-26,SKU016,Product B6,North,53,3041.67,57.39,0
2014-01-26,SKU016,Product B6,South,11,631.29,57.39,0
2014-01-26,SKU016,Product B6,West,14,756.84,54.06,1
2014-01-26,SKU017,Product B7,North,19,5810.77,305.83,0
2014-01-26,SKU017,Product B7,South,41,12539.03,305.83,0
2014-01-26,SKU017,Product B7,East,6,1598.52,266.42,1
2014-01-26,SKU017,Product B7,West,19,5810.77,305.83,0
2014-01-26,SKU018,Product B8,North,40,14702.8,367.57,0
2014-01-26,SKU018,Product B8,South,14,5145.98,367.57,0
2014-01-26,SKU018,Product B8,West,15,5513.55,367.57,0
2014-01-26,SKU019,Product B9,South,31,2205.96,71.16,0
2014-01-26,SKU019,Product B9,West,45,2731.95,60.71,1
2014-01-26,SKU020,Product C0,North,11,534.71,48.61,0
2014-01-26,SKU020,Product C0,South,6,291.66,48.61,0
2014-01-26,SKU020,Product C0,East,31,1506.91,48.61,0
2014-01-26,SKU020,Product C0,West,33,1604.13,48.61,0
2014-01-26,SKU021,Product C1,North,35,14574.35,416.41,0
2014-01-26,SKU021,Product C1,South,42,17489.22,416.41,0
2014-01-26,SKU021,Product C1,East,53,22069.73,416.41,0
2014-01-26,SKU021,Product C1,West,40,16656.4,416.41,0
2014-01-26,SKU022,Product C2,East,21,9321.27,443.87,0
2014-01-26,SKU022,Product C2,West,3,1331.61,443.87,0
2014-01-26,SKU023,Product C3,North,19,5565.1,292.9,0
2014-01-26,SKU023,Product C3,West,58,16056.14,276.83,1
2014-01-26,SKU024,Product C4,South,30,973.5,32.45,0
2014-01-26,SKU024,Product C4,East,24,778.8,32.45,0
2014-01-26,SKU024,Product C4,West,36,1168.2,32.45,0
2014-01-26,SKU025,Product C5,North,77,24281.95,315.35,1
2014-01-26,SKU025,Product C5,South,18,6998.4,388.8,0
2014-01-26,SKU025,Product C5,East,19,7387.2,388.8,0
2014-01-26,SKU026,Product C6,North,17,7294.87,429.11,0
2014-01-26,SKU026,Product C6,South,27,9711.09,359.67,1
2014-01-26,SKU026,Product C6,East,30,12873.3,429.11,0
2014-01-26,SKU027,Product C7,North,25,4906.5,196.26,0
2014-01-26,SKU027,Product C7,South,33,6476.58,196.26,0
2014-01-26,SKU027,Product C7,East,18,3532.68,196.26,0
2014-01-26,SKU028,Product C8,North,8,2571.92,321.49,0
2014-01-26,SKU028,Product C8,West,29,9323.21,321.49,0
2014-01-26,SKU029,Product C9,North,41,3677.7,89.7,0
2014-01-26,SKU030,Product D0,North,31,3492.46,112.66,0
2014-01-26,SKU030,Product D0,South,31,3492.46,112.66,0
2014-01-26,SKU031,Product D1,North,31,10970.59,353.89,0
2014-01-26,SKU031,Product D1,South,47,16632.83,353.89,0
2014-01-26,SKU031,Product D1,West,38,13447.82,353.89,0
2014-01-26,SKU032,Product D2,North,34,10487.98,308.47,0
2014-01-26,SKU032,Product D2,East,27,8328.69,308.47,0
2014-01-26,SKU033,Product D3,North,12,3260.76,271.73,0
2014-01-26,SKU033,Product D3,South,9,2445.57,271.73,0
2014-01-26,SKU033,Product D3,West,46,10212.46,222.01,1
2014-01-26,SKU034,Product D4,North,6,540.42,90.07,0
2014-01-26,SKU034,Product D4,East,24,2161.68,90.07,0
2014-01-26,SKU034,Product D4,West,68,5431.84,79.88,1
2014-01-26,SKU035,Product D5,North,39,4933.11,126.49,1
2014-01-26,SKU035,Product D5,South,11,1564.97,142.27,0
2014-01-26,SKU035,Product D5,East,6,853.62,142.27,0
2014-01-26,SKU035,Product D5,West,25,3556.75,142.27,0
2014-01-26,SKU036,Product D6,North,30,3528.3,117.61,0
2014-01-26,SKU036,Product D6,South,34,3673.02,108.03,1
2014-01-26,SKU036,Product D6,East,27,3175.47,117.61,0
2014-01-26,SKU036,Product D6,West,6,705.66,117.61,0
2014-01-26,SKU037,Product D7,North,31,13113.0,423.0,0
2014-01-26,SKU037,Product D7,South,39,15318.42,392.78,1
2014-01-26,SKU038,Product D8,East,27,3300.21,122.23,0
2014-01-26,SKU038,Product D8,West,40,4889.2,122.23,0
2014-01-26,SKU039,Product D9,North,5,2022.35,404.47,0
2014-01-26,SKU039,Product D9,South,12,4853.64,404.47,0
2014-01-26,SKU039,Product D9,East,31,12538.57,404.47,0
2014-01-26,SKU039,Product D9,West,36,12339.0,342.75,1
2014-01-26,SKU040,Product E0,North,7,988.33,141.19,0
2014-01-26,SKU040,Product E0,South,34,4800.46,141.19,0
2014-01-26,SKU040,Product E0,West,40,5647.6,141.19,0
2014-01-26,SKU041,Product E1,North,27,12350.88,457.44,0
2014-01-26,SKU041,Product E1,South,29,13265.76,457.44,0
2014-01-26,SKU041,Product E1,East,20,9148.8,457.44,0
2014-01-26,SKU041,Product E1,West,25,11436.0,457.44,0
2014-01-26,SKU042,Product E2,North,21,9227.82,439.42,0
2014-01-26,SKU042,Product E2,South,25,10985.5,439.42,0
2014-01-26,SKU042,Product E2,East,15,6591.3,439.42,0
2014-01-26,SKU042,Product E2,West,32,14061.44,439.42,0
2014-01-26,SKU043,Product E3,South,28,3197.32,114.19,0
2014-01-26,SKU043,Product E3,East,28,3197.32,114.19,0
2014-01-26,SKU044,Product E4,North,35,7135.1,203.86,0
2014-01-26,SKU044,Product E4,South,9,1834.74,203.86,0
2014-01-26,SKU044,Product E4,West,19,3873.34,203.86,0
2014-01-26,SKU045,Product E5,South,60,4800.6,80.01,0
2014-01-26,SKU045,Product E5,East,24,1920.24,80.01,0
2014-01-26,SKU045,Product E5,West,25,1642.25,65.69,1
2014-01-26,SKU046,Product E6,East,41,5364.85,130.85,0
2014-01-26,SKU047,Product E7,North,49,13430.9,274.1,0
2014-01-26,SKU047,Product E7,South,34,9319.4,274.1,0
2014-01-26,SKU047,Product E7,East,50,13705.0,274.1,0
2014-01-26,SKU047,Product E7,West,20,5482.0,274.1,0
2014-01-26,SKU048,Product E8,North,17,3738.81,219.93,0
2014-01-26,SKU048,Product E8,South,6,1223.28,203.88,1
2014-01-26,SKU048,Product E8,East,23,5058.39,219.93,0
2014-01-26,SKU049,Product E9,North,30,6171.3,205.71,0
2014-01-26,SKU049,Product E9,South,48,8823.84,183.83,1
2014-01-27,SKU000,Product A0,North,49,15842.68,323.32,0
2014-01-27,SKU000,Product A0,South,52,16812.64,323.32,0
2014-01-27,SKU000,Product A0,East,39,12609.48,323.32,0
2014-01-27,SKU000,Product A0,West,11,3556.52,323.32,0
2014-01-27,SKU001,Product A1,North,20,7467.2,373.36,0
2014-01-27,SKU001,Product A1,East,41,15307.76,373.36,0
2014-01-27,SKU001,Product A1,West,31,11574.16,373.36,0
2014-01-27,SKU002,Product A2,North,4,477.48,119.37,0
2014-01-27,SKU002,Product A2,West,55,5701.85,103.67,1
2014-01-27,SKU003,Product A3,North,38,12980.04,341.58,0
2014-01-27,SKU003,Product A3,South,35,11955.3,341.58,0
2014-01-27,SKU004,Product A4,South,26,1367.6,52.6,0
2014-01-27,SKU004,Product A4,East,18,876.78,48.71,1
2014-01-27,SKU004,Product A4,West,15,717.45,47.83,1
2014-01-27,SKU005,Product A5,South,19,403.56,21.24,1
2014-01-27,SKU005,Product A5,East,22,562.54,25.57,0
2014-01-27,SKU005,Product A5,West,9,206.37,22.93,1
2014-01-27,SKU006,Product A6,North,16,1874.08,117.13,0
2014-01-27,SKU006,Product A6,East,39,4568.07,117.13,0
2014-01-27,SKU006,Product A6,West,14,1512.56,108.04,1
2014-01-27,SKU007,Product A7,North,3,914.97,304.99,0
2014-01-27,SKU007,Product A7,South,36,8832.96,245.36,1
2014-01-27,SKU007,Product A7,East,43,13114.57,304.99,0
2014-01-27,SKU008,Product A8,North,25,2685.75,107.43,0
2014-01-27,SKU008,Product A8,South,7,752.01,107.43,0
2014-01-27,SKU008,Product A8,East,30,3222.9,107.43,0
2014-01-27,SKU008,Product A8,West,9,966.87,107.43,0
2014-01-27,SKU009,Product A9,South,37,7975.72,215.56,0
2014-01-27,SKU009,Product A9,East,32,6897.92,215.56,0
2014-01-27,SKU009,Product A9,West,3,646.68,215.56,0
2014-01-27,SKU010,Product B0,North,41,11300.42,275.62,1
2014-01-27,SKU010,Product B0,South,33,9858.42,298.74,0
2014-01-27,SKU010,Product B0,East,30,8962.2,298.74,0
2014-01-27,SKU011,Product B1,North,20,6850.6,342.53,1
2014-01-27,SKU011,Product B1,South,9,3436.38,381.82,0
2014-01-27,SKU012,Product B2,South,42,13192.62,314.11,1
2014-01-27,SKU012,Product B2,East,37,13027.33,352.09,0
2014-01-27,SKU012,Product B2,West,39,13731.51,352.09,0
2014-01-27,SKU013,Product B3,North,20,2923.2,146.16,0
2014-01-27,SKU013,Product B3,East,20,2923.2,146.16,0
2014-01-27,SKU014,Product B4,North,32,15328.96,479.03,0
2014-01-27,SKU014,Product B4,East,30,14370.9,479.03,0
2014-01-27,SKU014,Product B4,West,37,16313.67,440.91,1
2014-01-27,SKU015,Product B5,North,8,480.64,60.08,0
2014-01-27,SKU015,Product B5,South,41,2002.85,48.85,1
2014-01-27,SKU016,Product B6,North,39,2238.21,57.39,0
2014-01-27,SKU016,Product B6,East,26,1492.14,57.39,0
2014-01-27,SKU016,Product B6,West,42,1954.68,46.54,1
2014-01-27,SKU017,Product B7,North,34,9077.66,266.99,1
2014-01-27,SKU017,Product B7,South,11,3364.13,305.83,0
2014-01-27,SKU017,Product B7,East,5,1529.15,305.83,0
2014-01-27,SKU018,Product B8,North,14,5145.98,367.57,0
2014-01-27,SKU018,Product B8,South,10,3675.7,367.57,0
2014-01-27,SKU018,Product B8,East,27,9924.39,367.57,0
2014-01-27,SKU018,Product B8,West,52,19113.64,367.57,0
2014-01-27,SKU019,Product B9,North,26,1708.72,65.72,1
2014-01-27,SKU019,Product B9,South,50,3078.5,61.57,1
2014-01-27,SKU019,Product B9,East,27,1921.32,71.16,0
2014-01-27,SKU019,Product B9,West,4,259.08,64.77,1
2014-01-27,SKU020,Product C0,North,53,2576.33,48.61,0
2014-01-27,SKU020,Product C0,East,18,874.98,48.61,0
2014-01-27,SKU021,Product C1,South,36,14990.76,416.41,0
2014-01-27,SKU021,Product C1,West,5,2082.05,416.41,0
2014-01-27,SKU022,Product C2,East,36,15979.32,443.87,0
2014-01-27,SKU022,Product C2,West,19,8433.53,443.87,0
2014-01-27,SKU023,Product C3,North,23,6184.01,268.87,1
2014-01-27,SKU023,Product C3,South,5,1464.5,292.9,0
2014-01-27,SKU023,Product C3,West,44,11887.92,270.18,1
2014-01-27,SKU024,Product C4,North,13,360.49,27.73,1
2014-01-27,SKU024,Product C4,East,38,1071.98,28.21,1
2014-01-27,SKU024,Product C4,West,29,941.05,32.45,0
2014-01-27,SKU025,Product C5,North,50,19440.0,388.8,0
2014-01-27,SKU025,Product C5,East,21,8164.8,388.8,0
2014-01-27,SKU025,Product C5,West,31,12052.8,388.8,0
2014-01-27,SKU026,Product C6,North,37,15877.07,429.11,0
2014-01-27,SKU026,Product C6,East,31,13302.41,429.11,0
2014-01-27,SKU027,Product C7,North,10,1962.6,196.26,0
2014-01-27,SKU027,Product C7,South,15,2943.9,196.26,0
2014-01-27,SKU027,Product C7,East,25,4906.5,196.26,0
2014-01-27,SKU028,Product C8,North,16,5143.84,321.49,0
2014-01-27,SKU028,Product C8,East,21,6751.29,321.49,0
2014-01-27,SKU028,Product C8,West,16,5143.84,321.49,0
2014-01-27,SKU029,Product C9,South,18,1614.6,89.7,0
2014-01-27,SKU029,Product C9,East,16,1333.76,83.36,1
2014-01-27,SKU029,Product C9,West,26,2332.2,89.7,0
2014-01-27,SKU030,Product D0,North,55,6196.3,112.66,0
2014-01-27,SKU030,Product D0,East,30,3379.8,112.66,0
2014-01-27,SKU031,Product D1,North,49,17340.61,353.89,0
2014-01-27,SKU031,Product D1,East,20,7077.8,353.89,0
2014-01-27,SKU031,Product D1,West,21,7431.69,353.89,0
2014-01-27,SKU032,Product D2,North,20,6169.4,308.47,0
2014-01-27,SKU032,Product D2,South,16,4935.52,308.47,0
2014-01-27,SKU032,Product D2,East,6,1850.82,308.47,0
2014-01-27,SKU033,Product D3,North,33,8967.09,271.73,0
2014-01-27,SKU033,Product D3,South,28,7608.44,271.73,0
2014-01-27,SKU034,Product D4,North,48,4098.24,85.38,1
2014-01-27,SKU034,Product D4,South,22,1981.54,90.07,0
2014-01-27,SKU034,Product D4,East,46,4143.22,90.07,0
2014-01-27,SKU034,Product D4,West,46,4143.22,90.07,0
2014-01-27,SKU035,Product D5,North,25,2940.0,117.6,1
2014-01-27,SKU035,Product D5,South,9,1280.43,142.27,0
2014-01-27,SKU036,Product D6,North,4,470.44,117.61,0
2014-01-27,SKU036,Product D6,East,7,685.09,97.87,1
2014-01-27,SKU036,Product D6,West,29,3410.69,117.61,0
2014-01-27,SKU037,Product D7,North,17,7191.0,423.0,0
2014-01-27,SKU037,Product D7,South,24,10152.0,423.0,0
2014-01-27,SKU037,Product D7,East,31,13113.0,423.0,0
2014-01-27,SKU037,Product D7,West,25,10575.0,423.0,0
2014-01-27,SKU038,Product D8,South,28,3422.44,122.23,0
2014-01-27,SKU038,Product D8,West,5,611.15,122.23,0
2014-01-27,SKU039,Product D9,North,19,7684.93,404.47,0
2014-01-27,SKU039,Product D9,South,64,21786.24,340.41,1
2014-01-27,SKU039,Product D9,East,14,5662.58,404.47,0
2014-01-27,SKU039,Product D9,West,14,5662.58,404.47,0
2014-01-27,SKU040,Product E0,North,12,1694.28,141.19,0
2014-01-27,SKU040,Product E0,South,40,5647.6,141.19,0
2014-01-27,SKU040,Product E0,East,26,3670.94,141.19,0
2014-01-27,SKU040,Product E0,West,37,4483.29,121.17,1
2014-01-27,SKU041,Product E1,North,32,14638.08,457.44,0
2014-01-27,SKU041,Product E1,South,26,11893.44,457.44,0
2014-01-27,SKU041,Product E1,West,7,3202.08,457.44,0
2014-01-27,SKU042,Product E2,North,7,3075.94,439.42,0
2014-01-27,SKU042,Product E2,East,46,20213.32,439.42,0
2014-01-27,SKU043,Product E3,North,42,4795.98,114.19,0
2014-01-27,SKU043,Product E3,South,38,3727.04,98.08,1
2014-01-27,SKU044,Product E4,North,3,611.58,203.86,0
2014-01-27,SKU044,Product E4,East,20,4077.2,203.86,0
2014-01-27,SKU044,Product E4,West,25,4488.0,179.52,1
2014-01-27,SKU045,Product E5,North,15,1200.15,80.01,0
2014-01-27,SKU045,Product E5,East,14,1120.14,80.01,0
2014-01-27,SKU045,Product E5,West,6,480.06,80.01,0
2014-01-27,SKU046,Product E6,East,12,1570.2,130.85,0
2014-01-27,SKU046,Product E6,West,26,3402.1,130.85,0
2014-01-27,SKU047,Product E7,North,7,1918.7,274.1,0
2014-01-27,SKU047,Product E7,South,14,3585.82,256.13,1
2014-01-27,SKU048,Product E8,North,36,7917.48,219.93,0
2014-01-27,SKU048,Product E8,South,57,11144.64,195.52,1
2014-01-27,SKU048,Product E8,East,12,2639.16,219.93,0
2014-01-27,SKU049,Product E9,North,16,3291.36,205.71,0
2014-01-27,SKU049,Product E9,South,22,4525.62,205.71,0
2014-01-27,SKU049,Product E9,East,36,7405.56,205.71,0
2014-01-27,SKU049,Product E9,West,21,4319.91,205.71,0
2014-01-28,SKU000,Product A0,South,24,7759.68,323.32,0
2014-01-28,SKU000,Product A0,West,46,14872.72,323.32,0
2014-01-28,SKU001,Product A1,North,28,10454.08,373.36,0
2014-01-28,SKU001,Product A1,South,44,16427.84,373.36,0
2014-01-28,SKU001,Product A1,East,34,10368.64,304.96,1
2014-01-28,SKU001,Product A1,West,29,9617.85,331.65,1
2014-01-28,SKU002,Product A2,South,24,2864.88,119.37,0
2014-01-28,SKU002,Product A2,East,29,3284.83,113.27,1
2014-01-28,SKU002,Product A2,West,38,4536.06,119.37,0
2014-01-28,SKU003,Product A3,South,26,8881.08,341.58,0
2014-01-28,SKU003,Product A3,West,16,5465.28,341.58,0
2014-01-28,SKU004,Product A4,South,7,368.2,52.6,0
2014-01-28,SKU004,Product A4,East,33,1532.19,46.43,1
2014-01-28,SKU004,Product A4,West,48,2524.8,52.6,0
2014-01-28,SKU005,Product A5,North,11,236.83,21.53,1
2014-01-28,SKU005,Product A5,South,14,357.98,25.57,0
2014-01-28,SKU005,Product A5,West,25,639.25,25.57,0
2014-01-28,SKU006,Product A6,South,65,6814.6,104.84,1
2014-01-28,SKU006,Product A6,East,48,5622.24,117.13,0
2014-01-28,SKU006,Product A6,West,41,4802.33,117.13,0
2014-01-28,SKU007,Product A7,South,8,2439.92,304.99,0
2014-01-28,SKU007,Product A7,East,11,3354.89,304.99,0
2014-01-28,SKU008,Product A8,North,21,2256.03,107.43,0
2014-01-28,SKU008,Product A8,East,31,3330.33,107.43,0
2014-01-28,SKU008,Product A8,West,21,2256.03,107.43,0
2014-01-28,SKU009,Product A9,North,14,2424.66,173.19,1
2014-01-28,SKU009,Product A9,South,29,6251.24,215.56,0
2014-01-28,SKU009,Product A9,West,19,4095.64,215.56,0
2014-01-28,SKU010,Product B0,South,27,8065.98,298.74,0
2014-01-28,SKU010,Product B0,East,20,5974.8,298.74,0
2014-01-28,SKU011,Product B1,North,23,8781.86,381.82,0
2014-01-28,SKU011,Product B1,South,18,6872.76,381.82,0
2014-01-28,SKU011,Product B1,East,6,2290.92,381.82,0
2014-01-28,SKU011,Product B1,West,32,12218.24,381.82,0
2014-01-28,SKU012,Product B2,North,5,1760.45,352.09,0
2014-01-28,SKU012,Product B2,East,37,13027.33,352.09,0
2014-01-28,SKU012,Product B2,West,31,10914.79,352.09,0
2014-01-28,SKU013,Product B3,North,28,4092.48,146.16,0
2014-01-28,SKU013,Product B3,South,16,2338.56,146.16,0
2014-01-28,SKU013,Product B3,East,17,2484.72,146.16,0
2014-01-28,SKU013,Product B3,West,34,4969.44,146.16,0
2014-01-28,SKU014,Product B4,North,12,5748.36,479.03,0
2014-01-28,SKU014,Product B4,East,10,4790.3,479.03,0
2014-01-28,SKU014,Product B4,West,28,13412.84,479.03,0
2014-01-28,SKU015,Product B5,North,32,1922.56,60.08,0
2014-01-28,SKU015,Product B5,East,6,360.48,60.08,0
2014-01-28,SKU016,Product B6,South,60,2878.8,47.98,1
2014-01-28,SKU016,Product B6,West,38,2180.82,57.39,0
2014-01-28,SKU017,Product B7,North,31,9480.73,305.83,0
2014-01-28,SKU017,Product B7,South,25,7645.75,305.83,0
2014-01-28,SKU017,Product B7,East,26,7951.58,305.83,0
2014-01-28,SKU017,Product B7,West,14,4281.62,305.83,0
2014-01-28,SKU018,Product B8,East,9,3308.13,367.57,0
2014-01-28,SKU018,Product B8,West,29,10659.53,367.57,0
2014-01-28,SKU019,Product B9,South,34,2419.44,71.16,0
2014-01-28,SKU019,Product B9,East,35,2490.6,71.16,0
2014-01-28,SKU019,Product B9,West,40,2846.4,71.16,0
2014-01-28,SKU021,Product C1,North,13,5413.33,416.41,0
2014-01-28,SKU021,Product C1,South,39,16239.99,416.41,0
2014-01-28,SKU021,Product C1,East,43,17905.63,416.41,0
2014-01-28,SKU022,Product C2,North,14,6214.18,443.87,0
2014-01-28,SKU022,Product C2,South,5,2219.35,443.87,0
2014-01-28,SKU022,Product C2,East,47,20861.89,443.87,0
2014-01-28,SKU022,Product C2,West,18,7989.66,443.87,0
2014-01-28,SKU023,Product C3,North,25,7322.5,292.9,0
2014-01-28,SKU023,Product C3,East,12,3514.8,292.9,0
2014-01-28,SKU023,Product C3,West,15,4393.5,292.9,0
2014-01-28,SKU024,Product C4,South,19,616.55,32.45,0
2014-01-28,SKU024,Product C4,East,51,1654.95,32.45,0
2014-01-28,SKU024,Product C4,West,20,649.0,32.45,0
2014-01-28,SKU025,Product C5,North,9,3499.2,388.8,0
2014-01-28,SKU025,Product C5,South,51,19828.8,388.8,0
2014-01-28,SKU025,Product C5,East,47,18273.6,388.8,0
2014-01-28,SKU026,Product C6,North,3,1287.33,429.11,0
2014-01-28,SKU026,Product C6,East,39,16735.29,429.11,0
2014-01-28,SKU026,Product C6,West,7,3003.77,429.11,0
2014-01-28,SKU027,Product C7,North,29,5691.54,196.26,0
2014-01-28,SKU027,Product C7,South,35,6869.1,196.26,0
2014-01-28,SKU027,Product C7,East,37,7261.62,196.26,0
2014-01-28,SKU028,Product C8,North,61,16259.55,266.55,1
2014-01-28,SKU028,Product C8,West,42,13502.58,321.49,0
2014-01-28,SKU029,Product C9,East,37,2869.35,77.55,1
2014-01-28,SKU029,Product C9,West,19,1596.38,84.02,1
2014-01-28,SKU030,Product D0,North,43,4844.38,112.66,0
2014-01-28,SKU030,Product D0,West,21,2365.86,112.66,0
2014-01-28,SKU031,Product D1,South,11,3892.79,353.89,0
2014-01-28,SKU031,Product D1,West,12,4246.68,353.89,0
2014-01-28,SKU032,Product D2,South,5,1542.35,308.47,0
2014-01-28,SKU032,Product D2,East,12,3701.64,308.47,0
2014-01-28,SKU032,Product D2,West,43,13264.21,308.47,0
2014-01-28,SKU033,Product D3,North,4,1086.92,271.73,0
2014-01-28,SKU033,Product D3,South,26,7064.98,271.73,0
2014-01-28,SKU033,Product D3,East,5,1358.65,271.73,0
2014-01-28,SKU034,Product D4,East,30,2702.1,90.07,0
2014-01-28,SKU035,Product D5,North,26,3042.78,117.03,1
2014-01-28,SKU035,Product D5,East,30,4268.1,142.27,0
2014-01-28,SKU035,Product D5,West,3,426.81,142.27,0
2014-01-28,SKU036,Product D6,North,19,2234.59,117.61,0
2014-01-28,SKU036,Product D6,South,20,2352.2,117.61,0
2014-01-28,SKU036,Product D6,East,23,2560.13,111.31,1
2014-01-28,SKU036,Product D6,West,37,4351.57,117.61,0
2014-01-28,SKU037,Product D7,West,4,1692.0,423.0,0
2014-01-28,SKU038,Product D8,North,8,977.84,122.23,0
2014-01-28,SKU038,Product D8,East,38,4644.74,122.23,0
2014-01-28,SKU038,Product D8,West,11,1344.53,122.23,0
2014-01-28,SKU039,Product D9,South,49,19819.03,404.47,0
2014-01-28,SKU039,Product D9,East,25,10111.75,404.47,0
2014-01-28,SKU040,Product E0,North,19,2682.61,141.19,0
2014-01-28,SKU040,Product E0,West,16,2259.04,141.19,0
2014-01-28,SKU041,Product E1,North,32,14638.08,457.44,0
2014-01-28,SKU041,Product E1,South,49,22414.56,457.44,0
2014-01-28,SKU041,Product E1,West,44,20127.36,457.44,0
2014-01-28,SKU042,Product E2,South,6,2636.52,439.42,0
2014-01-28,SKU042,Product E2,East,18,7909.56,439.42,0
2014-01-28,SKU043,Product E3,North,45,5138.55,114.19,0
2014-01-28,SKU043,Product E3,East,43,4220.45,98.15,1
2014-01-28,SKU043,Product E3,West,12,1370.28,114.19,0
2014-01-28,SKU044,Product E4,North,43,8765.98,203.86,0
2014-01-28,SKU044,Product E4,South,17,3465.62,203.86,0
2014-01-28,SKU044,Product E4,East,20,4077.2,203.86,0
2014-01-28,SKU044,Product E4,West,21,4281.06,203.86,0
2014-01-28,SKU045,Product E5,South,22,1760.22,80.01,0
2014-01-28,SKU045,Product E5,East,21,1680.21,80.01,0
2014-01-28,SKU045,Product E5,West,17,1360.17,80.01,0
2014-01-28,SKU046,Product E6,North,35,4579.75,130.85,0
2014-01-28,SKU046,Product E6,South,37,4841.45,130.85,0
2014-01-28,SKU046,Product E6,East,30,3925.5,130.85,0
2014-01-28,SKU046,Product E6,West,16,2093.6,130.85,0
2014-01-28,SKU047,Product E7,North,10,2741.0,274.1,0
2014-01-28,SKU047,Product E7,East,12,3289.2,274.1,0
2014-01-28,SKU047,Product E7,West,46,12608.6,274.1,0
2014-01-28,SKU048,Product E8,North,30,6597.9,219.93,0
2014-01-28,SKU048,Product E8,East,41,9017.13,219.93,0
2014-01-28,SKU048,Product E8,West,34,7477.62,219.93,0
2014-01-28,SKU049,Product E9,North,46,8175.12,177.72,1
2014-01-28,SKU049,Product E9,South,47,9668.37,205.71,0
2014-01-28,SKU049,Product E9,East,38,7378.08,194.16,1
2014-01-29,SKU000,Product A0,North,32,10346.24,323.32,0
2014-01-29,SKU000,Product A0,South,48,15519.36,323.32,0
2014-01-29,SKU000,Product A0,East,47,15196.04,323.32,0
2014-01-29,SKU000,Product A0,West,45,14549.4,323.32,0
2014-01-29,SKU001,Product A1,North,35,13067.6,373.36,0
2014-01-29,SKU001,Product A1,South,15,4613.55,307.57,1
2014-01-29,SKU001,Product A1,East,6,2240.16,373.36,0
2014-01-29,SKU001,Product A1,West,20,7467.2,373.36,0
2014-01-29,SKU002,Product A2,South,41,4626.03,112.83,1
2014-01-29,SKU002,Product A2,East,36,4297.32,119.37,0
2014-01-29,SKU002,Product A2,West,34,4058.58,119.37,0
2014-01-29,SKU003,Product A3,North,8,2732.64,341.58,0
2014-01-29,SKU003,Product A3,East,5,1707.9,341.58,0
2014-01-29,SKU003,Product A3,West,15,5123.7,341.58,0
2014-01-29,SKU004,Product A4,North,6,315.6,52.6,0
2014-01-29,SKU004,Product A4,South,29,1525.4,52.6,0
2014-01-29,SKU004,Product A4,East,12,631.2,52.6,0
2014-01-29,SKU004,Product A4,West,39,2051.4,52.6,0
2014-01-29,SKU005,Product A5,North,38,971.66,25.57,0
2014-01-29,SKU005,Product A5,South,21,536.97,25.57,0
2014-01-29,SKU005,Product A5,East,29,741.53,25.57,0
2014-01-29,SKU005,Product A5,West,10,255.7,25.57,0
2014-01-29,SKU006,Product A6,South,41,4802.33,117.13,0
2014-01-29,SKU006,Product A6,East,29,3396.77,117.13,0
2014-01-29,SKU006,Product A6,West,26,3045.38,117.13,0
2014-01-29,SKU007,Product A7,East,14,4269.86,304.99,0
2014-01-29,SKU007,Product A7,West,22,6709.78,304.99,0
2014-01-29,SKU008,Product A8,South,31,3330.33,107.43,0
2014-01-29,SKU008,Product A8,West,24,2578.32,107.43,0
2014-01-29,SKU009,Product A9,North,22,4742.32,215.56,0
2014-01-29,SKU009,Product A9,South,45,9700.2,215.56,0
2014-01-29,SKU009,Product A9,East,32,6897.92,215.56,0
2014-01-29,SKU009,Product A9,West,34,7329.04,215.56,0
2014-01-29,SKU010,Product B0,North,36,10754.64,298.74,0
2014-01-29,SKU010,Product B0,South,14,4182.36,298.74,0
2014-01-29,SKU011,Product B1,South,8,2662.96,332.87,1
2014-01-29,SKU011,Product B1,East,29,11072.78,381.82,0
2014-01-29,SKU012,Product B2,North,22,7745.98,352.09,0
2014-01-29,SKU012,Product B2,East,12,4225.08,352.09,0
2014-01-29,SKU012,Product B2,West,24,7677.12,319.88,1
2014-01-29,SKU013,Product B3,North,4,584.64,146.16,0
2014-01-29,SKU013,Product B3,South,13,1900.08,146.16,0
2014-01-29,SKU013,Product B3,West,31,4530.96,146.16,0
2014-01-29,SKU014,Product B4,North,13,6227.39,479.03,0
2014-01-29,SKU014,Product B4,South,38,18203.14,479.03,0
2014-01-29,SKU014,Product B4,East,10,4790.3,479.03,0
2014-01-29,SKU015,Product B5,North,24,1441.92,60.08,0
2014-01-29,SKU015,Product B5,South,32,1602.24,50.07,1
2014-01-29,SKU015,Product B5,East,13,781.04,60.08,0
2014-01-29,SKU016,Product B6,North,59,2834.95,48.05,1
2014-01-29,SKU016,Product B6,South,17,975.63,57.39,0
2014-01-29,SKU016,Product B6,East,17,975.63,57.39,0
2014-01-29,SKU016,Product B6,West,46,2639.94,57.39,0
2014-01-29,SKU017,Product B7,South,3,917.49,305.83,0
2014-01-29,SKU017,Product B7,West,63,17900.19,284.13,1
2014-01-29,SKU018,Product B8,North,5,1837.85,367.57,0
2014-01-29,SKU018,Product B8,South,52,19113.64,367.57,0
2014-01-29,SKU018,Product B8,East,25,9189.25,367.57,0
2014-01-29,SKU018,Product B8,West,15,5513.55,367.57,0
2014-01-29,SKU019,Product B9,West,36,2561.76,71.16,0
2014-01-29,SKU020,Product C0,North,13,631.93,48.61,0
2014-01-29,SKU020,Product C0,West,11,534.71,48.61,0
2014-01-29,SKU021,Product C1,North,15,5306.25,353.75,1
2014-01-29,SKU021,Product C1,South,19,7911.79,416.41,0
2014-01-29,SKU021,Product C1,East,17,7078.97,416.41,0
2014-01-29,SKU022,Product C2,North,32,14203.84,443.87,0
2014-01-29,SKU022,Product C2,East,21,9321.27,443.87,0
2014-01-29,SKU022,Product C2,West,18,7989.66,443.87,0
2014-01-29,SKU023,Product C3,North,45,12406.05,275.69,1
2014-01-29,SKU023,Product C3,South,37,10837.3,292.9,0
2014-01-29,SKU023,Product C3,East,12,3514.8,292.9,0
2014-01-29,SKU024,Product C4,South,39,1196.91,30.69,1
2014-01-29,SKU025,Product C5,South,34,13219.2,388.8,0
2014-01-29,SKU025,Product C5,West,17,6609.6,388.8,0
2014-01-29,SKU026,Product C6,East,32,13731.52,429.11,0
2014-01-29,SKU026,Product C6,West,32,13731.52,429.11,0
2014-01-29,SKU027,Product C7,North,17,3336.42,196.26,0
2014-01-29,SKU027,Product C7,West,13,2551.38,196.26,0
2014-01-29,SKU028,Product C8,North,41,13181.09,321.49,0
2014-01-29,SKU028,Product C8,East,10,3214.9,321.49,0
2014-01-29,SKU028,Product C8,West,14,4245.92,303.28,1
2014-01-29,SKU029,Product C9,North,29,2601.3,89.7,0
2014-01-29,SKU029,Product C9,South,45,3379.05,75.09,1
2014-01-29,SKU029,Product C9,East,50,3713.5,74.27,1
2014-01-29,SKU029,Product C9,West,5,448.5,89.7,0
2014-01-29,SKU030,Product D0,North,19,2140.54,112.66,0
2014-01-29,SKU030,Product D0,South,27,3041.82,112.66,0
2014-01-29,SKU030,Product D0,West,8,901.28,112.66,0
2014-01-29,SKU031,Product D1,North,48,16986.72,353.89,0
2014-01-29,SKU031,Product D1,South,46,16278.94,353.89,0
2014-01-29,SKU031,Product D1,East,14,4954.46,353.89,0
2014-01-29,SKU032,Product D2,North,9,2425.95,269.55,1
2014-01-29,SKU032,Product D2,South,16,4935.52,308.47,0
2014-01-29,SKU032,Product D2,East,21,5353.53,254.93,1
2014-01-29,SKU032,Product D2,West,19,5860.93,308.47,0
2014-01-29,SKU033,Product D3,South,20,4787.6,239.38,1
2014-01-29,SKU033,Product D3,West,34,9238.82,271.73,0
2014-01-29,SKU034,Product D4,North,32,2882.24,90.07,0
2014-01-29,SKU034,Product D4,East,20,1801.4,90.07,0
2014-01-29,SKU035,Product D5,North,28,3983.56,142.27,0
2014-01-29,SKU035,Product D5,South,17,2418.59,142.27,0
2014-01-29,SKU035,Product D5,East,42,5975.34,142.27,0
2014-01-29,SKU035,Product D5,West,33,4694.91,142.27,0
2014-01-29,SKU036,Product D6,North,20,2352.2,117.61,0
2014-01-29,SKU036,Product D6,South,30,3528.3,117.61,0
2014-01-29,SKU036,Product D6,East,31,2960.81,95.51,1
2014-01-29,SKU036,Product D6,West,19,2006.97,105.63,1
2014-01-29,SKU037,Product D7,South,15,6345.0,423.0,0
2014-01-29,SKU038,Product D8,North,4,488.92,122.23,0
2014-01-29,SKU038,Product D8,West,23,2811.29,122.23,0
2014-01-29,SKU039,Product D9,South,16,6471.52,404.47,0
2014-01-29,SKU039,Product D9,East,10,4044.7,404.47,0
2014-01-29,SKU039,Product D9,West,24,8739.6,364.15,1
2014-01-29,SKU040,Product E0,North,7,988.33,141.19,0
2014-01-29,SKU040,Product E0,East,36,5082.84,141.19,0
2014-01-29,SKU041,Product E1,North,29,13265.76,457.44,0
2014-01-29,SKU041,Product E1,South,16,7319.04,457.44,0
2014-01-29,SKU041,Product E1,East,62,24273.62,391.51,1
2014-01-29,SKU041,Product E1,West,27,12350.88,457.44,0
2014-01-29,SKU042,Product E2,North,3,1318.26,439.42,0
2014-01-29,SKU042,Product E2,South,23,8554.16,371.92,1
2014-01-29,SKU042,Product E2,East,28,12303.76,439.42,0
2014-01-29,SKU042,Product E2,West,39,17137.38,439.42,0
2014-01-29,SKU043,Product E3,North,25,2854.75,114.19,0
2014-01-29,SKU043,Product E3,South,27,3083.13,114.19,0
2014-01-29,SKU044,Product E4,South,31,6319.66,203.86,0
2014-01-29,SKU044,Product E4,East,11,2242.46,203.86,0
2014-01-29,SKU044,Product E4,West,9,1834.74,203.86,0
2014-01-29,SKU045,Product E5,North,31,2480.31,80.01,0
2014-01-29,SKU045,Product E5,South,27,2160.27,80.01,0
2014-01-29,SKU045,Product E5,East,39,3120.39,80.01,0
2014-01-29,SKU045,Product E5,West,68,5056.48,74.36,1
2014-01-29,SKU046,Product E6,South,40,5234.0,130.85,0
2014-01-29,SKU046,Product E6,East,24,3140.4,130.85,0
2014-01-29,SKU046,Product E6,West,14,1525.86,108.99,1
2014-01-29,SKU047,Product E7,North,48,13156.8,274.1,0
2014-01-29,SKU047,Product E7,South,29,7948.9,274.1,0
2014-01-29,SKU047,Product E7,East,15,4111.5,274.1,0
2014-01-29,SKU047,Product E7,West,23,6304.3,274.1,0
2014-01-29,SKU048,Product E8,North,21,4618.53,219.93,0
2014-01-29,SKU048,Product E8,South,5,1099.65,219.93,0
2014-01-29,SKU048,Product E8,East,32,7037.76,219.93,0
2014-01-29,SKU048,Product E8,West,55,10495.65,190.83,1
2014-01-29,SKU049,Product E9,North,33,6788.43,205.71,0
2014-01-29,SKU049,Product E9,East,44,9051.24,205.71,0
2014-01-30,SKU000,Product A0,North,27,8729.64,323.32,0
2014-01-30,SKU000,Product A0,South,28,9052.96,323.32,0
2014-01-30,SKU000,Product A0,East,29,9376.28,323.32,0
2014-01-30,SKU000,Product A0,West,20,6466.4,323.32,0
2014-01-30,SKU001,Product A1,North,30,11200.8,373.36,0
2014-01-30,SKU001,Product A1,South,6,2240.16,373.36,0
2014-01-30,SKU001,Product A1,West,18,6720.48,373.36,0
2014-01-30,SKU002,Product A2,North,36,4297.32,119.37,0
2014-01-30,SKU002,Product A2,East,59,6137.77,104.03,1
2014-01-30,SKU003,Product A3,South,42,11570.58,275.49,1
2014-01-30,SKU004,Product A4,North,48,2524.8,52.6,0
2014-01-30,SKU004,Product A4,South,47,2472.2,52.6,0
2014-01-30,SKU004,Product A4,East,10,526.0,52.6,0
2014-01-30,SKU004,Product A4,West,36,1893.6,52.6,0
2014-01-30,SKU005,Product A5,North,34,869.38,25.57,0
2014-01-30,SKU005,Product A5,South,37,946.09,25.57,0
2014-01-30,SKU005,Product A5,East,29,741.53,25.57,0
2014-01-30,SKU006,Product A6,South,53,6207.89,117.13,0
2014-01-30,SKU006,Product A6,East,13,1522.69,117.13,0
2014-01-30,SKU007,Product A7,North,23,7014.77,304.99,0
2014-01-30,SKU007,Product A7,South,11,3354.89,304.99,0
2014-01-30,SKU007,Product A7,East,37,9779.84,264.32,1
2014-01-30,SKU007,Product A7,West,26,7929.74,304.99,0
2014-01-30,SKU008,Product A8,North,35,3760.05,107.43,0
2014-01-30,SKU008,Product A8,East,29,3115.47,107.43,0
2014-01-30,SKU008,Product A8,West,4,429.72,107.43,0
2014-01-30,SKU009,Product A9,North,41,8837.96,215.56,0
2014-01-30,SKU009,Product A9,South,30,6466.8,215.56,0
2014-01-30,SKU009,Product A9,West,43,9269.08,215.56,0
2014-01-30,SKU010,Product B0,North,24,7169.76,298.74,0
2014-01-30,SKU010,Product B0,South,35,10455.9,298.74,0
2014-01-30,SKU010,Product B0,East,25,7468.5,298.74,0
2014-01-30,SKU011,Product B1,North,20,6802.0,340.1,1
2014-01-30,SKU011,Product B1,South,31,11836.42,381.82,0
2014-01-30,SKU011,Product B1,East,5,1658.65,331.73,1
2014-01-30,SKU011,Product B1,West,58,19524.54,336.63,1
2014-01-30,SKU012,Product B2,South,15,4920.0,328.0,1
2014-01-30,SKU012,Product B2,East,47,16548.23,352.09,0
2014-01-30,SKU012,Product B2,West,34,11971.06,352.09,0
2014-01-30,SKU013,Product B3,South,9,1315.44,146.16,0
2014-01-30,SKU013,Product B3,West,33,4823.28,146.16,0
2014-01-30,SKU014,Product B4,North,11,5269.33,479.03,0
2014-01-30,SKU014,Product B4,South,39,18682.17,479.03,0
2014-01-30,SKU014,Product B4,West,32,15328.96,479.03,0
2014-01-30,SKU015,Product B5,South,9,540.72,60.08,0
2014-01-30,SKU015,Product B5,East,36,2162.88,60.08,0
2014-01-30,SKU016,Product B6,North,29,1664.31,57.39,0
2014-01-30,SKU016,Product B6,South,5,286.95,57.39,0
2014-01-30,SKU016,Product B6,East,58,2977.72,51.34,1
2014-01-30,SKU016,Product B6,West,32,1836.48,57.39,0
2014-01-30,SKU017,Product B7,South,14,4281.62,305.83,0
2014-01-30,SKU017,Product B7,East,26,7951.58,305.83,0
2014-01-30,SKU017,Product B7,West,30,9174.9,305.83,0
2014-01-30,SKU018,Product B8,North,5,1837.85,367.57,0
2014-01-30,SKU018,Product B8,South,26,9556.82,367.57,0
2014-01-30,SKU018,Product B8,East,23,8454.11,367.57,0
2014-01-30,SKU019,Product B9,North,14,832.3,59.45,1
2014-01-30,SKU019,Product B9,South,25,1556.25,62.25,1
2014-01-30,SKU019,Product B9,East,29,2063.64,71.16,0
2014-01-30,SKU019,Product B9,West,17,1209.72,71.16,0
2014-01-30,SKU020,Product C0,North,16,777.76,48.61,0
2014-01-30,SKU020,Product C0,South,11,534.71,48.61,0
2014-01-30,SKU020,Product C0,West,14,680.54,48.61,0
2014-01-30,SKU021,Product C1,North,4,1665.64,416.41,0
2014-01-30,SKU021,Product C1,South,13,4912.96,377.92,1
2014-01-30,SKU021,Product C1,West,49,20404.09,416.41,0
2014-01-30,SKU022,Product C2,North,19,8433.53,443.87,0
2014-01-30,SKU022,Product C2,South,24,10652.88,443.87,0
2014-01-30,SKU022,Product C2,East,17,7545.79,443.87,0
2014-01-30,SKU022,Product C2,West,60,24738.0,412.3,1
2014-01-30,SKU023,Product C3,North,28,8201.2,292.9,0
2014-01-30,SKU023,Product C3,South,5,1464.5,292.9,0
2014-01-30,SKU023,Product C3,East,28,8201.2,292.9,0
2014-01-30,SKU023,Product C3,West,27,7908.3,292.9,0
2014-01-30,SKU024,Product C4,North,26,843.7,32.45,0
2014-01-30,SKU024,Product C4,South,34,1103.3,32.45,0
2014-01-30,SKU024,Product C4,West,22,713.9,32.45,0
2014-01-30,SKU025,Product C5,East,15,5832.0,388.8,0
2014-01-30,SKU025,Product C5,West,18,6998.4,388.8,0
2014-01-30,SKU026,Product C6,North,11,4720.21,429.11,0
2014-01-30,SKU026,Product C6,South,8,3432.88,429.11,0
2014-01-30,SKU026,Product C6,East,47,20168.17,429.11,0
2014-01-30,SKU026,Product C6,West,30,12873.3,429.11,0
2014-01-30,SKU027,Product C7,South,27,5299.02,196.26,0
2014-01-30,SKU027,Product C7,East,3,588.78,196.26,0
2014-01-30,SKU027,Product C7,West,30,5887.8,196.26,0
2014-01-30,SKU028,Product C8,North,19,6108.31,321.49,0
2014-01-30,SKU028,Product C8,South,24,7715.76,321.49,0
2014-01-30,SKU028,Product C8,West,9,2893.41,321.49,0
2014-01-30,SKU029,Product C9,North,40,3588.0,89.7,0
2014-01-30,SKU029,Product C9,East,29,2601.3,89.7,0
2014-01-30,SKU029,Product C9,West,34,2581.96,75.94,1
2014-01-30,SKU030,Product D0,North,38,4281.08,112.66,0
2014-01-30,SKU030,Product D0,South,23,2591.18,112.66,0
2014-01-30,SKU030,Product D0,East,37,4168.42,112.66,0
2014-01-30,SKU030,Product D0,West,7,788.62,112.66,0
2014-01-30,SKU031,Product D1,North,17,6016.13,353.89,0
2014-01-30,SKU031,Product D1,South,46,16278.94,353.89,0
2014-01-30,SKU031,Product D1,West,29,10262.81,353.89,0
2014-01-30,SKU032,Product D2,North,34,10487.98,308.47,0
2014-01-30,SKU032,Product D2,West,43,13264.21,308.47,0
2014-01-30,SKU033,Product D3,North,13,3532.49,271.73,0
2014-01-30,SKU033,Product D3,West,44,11956.12,271.73,0
2014-01-30,SKU034,Product D4,North,37,3332.59,90.07,0
2014-01-30,SKU034,Product D4,South,8,720.56,90.07,0
2014-01-30,SKU034,Product D4,East,35,3152.45,90.07,0
2014-01-30,SKU035,Product D5,East,27,3841.29,142.27,0
2014-01-30,SKU036,Product D6,South,25,2940.25,117.61,0
2014-01-30,SKU036,Product D6,West,26,3057.86,117.61,0
2014-01-30,SKU037,Product D7,South,35,14805.0,423.0,0
2014-01-30,SKU038,Product D8,North,15,1833.45,122.23,0
2014-01-30,SKU038,Product D8,South,28,3422.44,122.23,0
2014-01-30,SKU038,Product D8,East,9,1100.07,122.23,0
2014-01-30,SKU039,Product D9,South,23,9302.81,404.47,0
2014-01-30,SKU039,Product D9,East,41,16583.27,404.47,0
2014-01-30,SKU040,Product E0,North,15,2117.85,141.19,0
2014-01-30,SKU040,Product E0,South,21,2964.99,141.19,0
2014-01-30,SKU040,Product E0,East,29,4094.51,141.19,0
2014-01-30,SKU041,Product E1,North,36,16467.84,457.44,0
2014-01-30,SKU041,Product E1,West,5,2287.2,457.44,0
2014-01-30,SKU042,Product E2,North,38,16697.96,439.42,0
2014-01-30,SKU042,Product E2,South,29,12743.18,439.42,0
2014-01-30,SKU042,Product E2,East,26,11424.92,439.42,0
2014-01-30,SKU042,Product E2,West,12,5273.04,439.42,0
2014-01-30,SKU043,Product E3,North,28,2812.6,100.45,1
2014-01-30,SKU044,Product E4,North,20,3391.6,169.58,1
2014-01-30,SKU044,Product E4,South,28,5708.08,203.86,0
2014-01-30,SKU044,Product E4,East,14,2854.04,203.86,0
2014-01-30,SKU045,Product E5,North,38,3040.38,80.01,0
2014-01-30,SKU045,Product E5,South,14,1120.14,80.01,0
2014-01-30,SKU045,Product E5,East,30,2400.3,80.01,0
2014-01-30,SKU045,Product E5,West,20,1600.2,80.01,0
2014-01-30,SKU046,Product E6,North,34,4448.9,130.85,0
2014-01-30,SKU046,Product E6,West,32,4187.2,130.85,0
2014-01-30,SKU047,Product E7,South,21,5756.1,274.1,0
2014-01-30,SKU047,Product E7,East,6,1644.6,274.1,0
2014-01-30,SKU048,Product E8,North,13,2859.09,219.93,0
2014-01-30,SKU048,Product E8,South,34,7477.62,219.93,0
2014-01-30,SKU048,Product E8,East,28,6158.04,219.93,0
2014-01-30,SKU048,Product E8,West,29,6377.97,219.93,0
2014-01-30,SKU049,Product E9,South,6,1172.4,195.4,1
2014-01-30,SKU049,Product E9,West,13,2674.23,205.71,0
2014-01-31,SKU000,Product A0,North,19,6143.08,323.32,0
2014-01-31,SKU000,Product A0,West,53,14969.32,282.44,1
2014-01-31,SKU001,Product A1,North,29,10827.44,373.36,0
2014-01-31,SKU001,Product A1,East,8,2986.88,373.36,0
2014-01-31,SKU001,Product A1,West,10,3733.6,373.36,0
2014-01-31,SKU002,Product A2,North,19,2268.03,119.37,0
2014-01-31,SKU002,Product A2,South,5,596.85,119.37,0
2014-01-31,SKU002,Product A2,East,49,5849.13,119.37,0
2014-01-31,SKU002,Product A2,West,4,477.48,119.37,0
2014-01-31,SKU003,Product A3,North,23,7856.34,341.58,0
2014-01-31,SKU004,Product A4,North,36,1893.6,52.6,0
2014-01-31,SKU004,Product A4,South,22,1157.2,52.6,0
2014-01-31,SKU004,Product A4,East,10,526.0,52.6,0
2014-01-31,SKU007,Product A7,North,26,7929.74,304.99,0
2014-01-31,SKU007,Product A7,West,15,4574.85,304.99,0
2014-01-31,SKU008,Product A8,East,13,1396.59,107.43,0
2014-01-31,SKU008,Product A8,West,6,585.06,97.51,1
2014-01-31,SKU009,Product A9,North,13,2802.28,215.56,0
2014-01-31,SKU009,Product A9,South,47,10131.32,215.56,0
2014-01-31,SKU009,Product A9,East,10,2155.6,215.56,0
2014-01-31,SKU010,Product B0,East,15,4481.1,298.74,0
2014-01-31,SKU010,Product B0,West,6,1792.44,298.74,0
2014-01-31,SKU011,Product B1,North,3,1145.46,381.82,0
2014-01-31,SKU011,Product B1,South,48,18327.36,381.82,0
2014-01-31,SKU011,Product B1,West,29,11072.78,381.82,0
2014-01-31,SKU012,Product B2,South,51,15665.67,307.17,1
2014-01-31,SKU012,Product B2,East,71,21037.3,296.3,1
2014-01-31,SKU012,Product B2,West,34,11971.06,352.09,0
2014-01-31,SKU013,Product B3,East,12,1753.92,146.16,0
2014-01-31,SKU014,Product B4,East,3,1437.09,479.03,0
2014-01-31,SKU014,Product B4,West,16,6744.96,421.56,1
2014-01-31,SKU015,Product B5,North,19,1141.52,60.08,0
2014-01-31,SKU015,Product B5,South,14,741.86,52.99,1
2014-01-31,SKU015,Product B5,East,8,480.64,60.08,0
2014-01-31,SKU015,Product B5,West,33,1982.64,60.08,0
2014-01-31,SKU016,Product B6,North,39,1911.39,49.01,1
2014-01-31,SKU016,Product B6,South,3,172.17,57.39,0
2014-01-31,SKU016,Product B6,East,3,172.17,57.39,0
2014-01-31,SKU016,Product B6,West,62,3092.56,49.88,1
2014-01-31,SKU017,Product B7,North,6,1834.98,305.83,0
2014-01-31,SKU017,Product B7,South,15,4587.45,305.83,0
2014-01-31,SKU017,Product B7,East,38,9976.9,262.55,1
2014-01-31,SKU017,Product B7,West,16,4893.28,305.83,0
2014-01-31,SKU019,Product B9,North,13,925.08,71.16,0
2014-01-31,SKU019,Product B9,South,4,284.64,71.16,0
2014-01-31,SKU019,Product B9,East,14,996.24,71.16,0
2014-01-31,SKU019,Product B9,West,10,638.4,63.84,1
2014-01-31,SKU020,Product C0,North,19,923.59,48.61,0
2014-01-31,SKU020,Product C0,South,46,2236.06,48.61,0
2014-01-31,SKU020,Product C0,East,33,1604.13,48.61,0
2014-01-31,SKU020,Product C0,West,27,1312.47,48.61,0
2014-01-31,SKU021,Product C1,North,46,17975.88,390.78,1
2014-01-31,SKU021,Product C1,South,31,12908.71,416.41,0
2014-01-31,SKU021,Product C1,East,32,13325.12,416.41,0
2014-01-31,SKU022,Product C2,North,30,13316.1,443.87,0
2014-01-31,SKU022,Product C2,South,12,5024.28,418.69,1
2014-01-31,SKU022,Product C2,West,28,12428.36,443.87,0
2014-01-31,SKU023,Product C3,South,43,12594.7,292.9,0
2014-01-31,SKU023,Product C3,East,33,9665.7,292.9,0
2014-01-31,SKU024,Product C4,North,9,292.05,32.45,0
2014-01-31,SKU024,Product C4,South,4,129.8,32.45,0
2014-01-31,SKU024,Product C4,East,5,162.25,32.45,0
2014-01-31,SKU025,Product C5,North,14,4381.16,312.94,1
2014-01-31,SKU025,Product C5,East,34,11708.24,344.36,1
2014-01-31,SKU025,Product C5,West,13,5054.4,388.8,0
2014-01-31,SKU026,Product C6,North,17,7294.87,429.11,0
2014-01-31,SKU026,Product C6,South,19,8153.09,429.11,0
2014-01-31,SKU026,Product C6,West,9,3861.99,429.11,0
2014-01-31,SKU027,Product C7,North,18,3532.68,196.26,0
2014-01-31,SKU027,Product C7,East,10,1962.6,196.26,0
2014-01-31,SKU028,Product C8,North,14,4500.86,321.49,0
2014-01-31,SKU028,Product C8,South,23,5938.37,258.19,1
2014-01-31,SKU028,Product C8,East,22,7072.78,321.49,0
2014-01-31,SKU028,Product C8,West,37,10436.96,282.08,1
2014-01-31,SKU029,Product C9,East,13,1034.28,79.56,1
2014-01-31,SKU029,Product C9,West,40,3588.0,89.7,0
2014-01-31,SKU030,Product D0,South,25,2816.5,112.66,0
2014-01-31,SKU030,Product D0,West,40,4506.4,112.66,0
2014-01-31,SKU031,Product D1,North,17,6016.13,353.89,0
2014-01-31,SKU031,Product D1,South,43,15217.27,353.89,0
2014-01-31,SKU032,Product D2,North,39,12030.33,308.47,0
2014-01-31,SKU032,Product D2,South,6,1850.82,308.47,0
2014-01-31,SKU032,Product D2,West,34,10487.98,308.47,0
2014-01-31,SKU033,Product D3,East,27,6840.45,253.35,1
2014-01-31,SKU033,Product D3,West,37,10054.01,271.73,0
2014-01-31,SKU034,Product D4,North,13,1170.91,90.07,0
2014-01-31,SKU034,Product D4,South,4,360.28,90.07,0
2014-01-31,SKU034,Product D4,West,19,1711.33,90.07,0
2014-01-31,SKU035,Product D5,North,19,2703.13,142.27,0
2014-01-31,SKU035,Product D5,East,15,2134.05,142.27,0
2014-01-31,SKU035,Product D5,West,29,3333.84,114.96,1
2014-01-31,SKU036,Product D6,North,44,5174.84,117.61,0
2014-01-31,SKU036,Product D6,East,9,1058.49,117.61,0
2014-01-31,SKU036,Product D6,West,16,1881.76,117.61,0
2014-01-31,SKU037,Product D7,East,20,8460.0,423.0,0
2014-01-31,SKU037,Product D7,West,7,2961.0,423.0,0
2014-01-31,SKU038,Product D8,South,25,3055.75,122.23,0
2014-01-31,SKU038,Product D8,East,14,1711.22,122.23,0
2014-01-31,SKU038,Product D8,West,8,895.44,111.93,1
2014-01-31,SKU039,Product D9,North,20,6979.6,348.98,1
2014-01-31,SKU039,Product D9,South,49,19819.03,404.47,0
2014-01-31,SKU039,Product D9,East,49,19819.03,404.47,0
2014-01-31,SKU040,Product E0,North,35,4269.3,121.98,1
2014-01-31,SKU040,Product E0,South,35,4017.65,114.79,1
2014-01-31,SKU041,Product E1,North,11,5031.84,457.44,0
2014-01-31,SKU041,Product E1,South,8,3287.12,410.89,1
2014-01-31,SKU041,Product E1,East,17,7776.48,457.44,0
2014-01-31,SKU041,Product E1,West,18,8233.92,457.44,0
2014-01-31,SKU042,Product E2,West,7,3075.94,439.42,0
2014-01-31,SKU043,Product E3,North,15,1712.85,114.19,0
2014-01-31,SKU043,Product E3,South,34,3882.46,114.19,0
2014-01-31,SKU043,Product E3,East,28,3197.32,114.19,0
2014-01-31,SKU043,Product E3,West,50,5709.5,114.19,0
2014-01-31,SKU044,Product E4,North,10,2038.6,203.86,0
2014-01-31,SKU044,Product E4,East,27,5504.22,203.86,0
2014-01-31,SKU044,Product E4,West,14,2479.68,177.12,1
2014-01-31,SKU045,Product E5,North,4,320.04,80.01,0
2014-01-31,SKU045,Product E5,East,29,2320.29,80.01,0
2014-01-31,SKU046,Product E6,South,9,1177.65,130.85,0
2014-01-31,SKU046,Product E6,East,32,4187.2,130.85,0
2014-01-31,SKU047,Product E7,North,33,9045.3,274.1,0
2014-01-31,SKU047,Product E7,South,13,3563.3,274.1,0
2014-01-31,SKU047,Product E7,East,5,1370.5,274.1,0
2014-01-31,SKU048,Product E8,North,35,7697.55,219.93,0
2014-01-31,SKU048,Product E8,South,15,3298.95,219.93,0
2014-01-31,SKU048,Product E8,East,6,1319.58,219.93,0
2014-01-31,SKU049,Product E9,North,15,3085.65,205.71,0
2014-01-31,SKU049,Product E9,South,37,7611.27,205.71,0
2014-01-31,SKU049,Product E9,West,19,3908.49,205.71,0
2014-02-01,SKU000,Product A0,North,30,9699.6,323.32,0
2014-02-01,SKU000,Product A0,South,13,3810.3,293.1,1
2014-02-01,SKU000,Product A0,East,39,10558.86,270.74,1
2014-02-01,SKU000,Product A0,West,18,5819.76,323.32,0
2014-02-01,SKU001,Product A1,South,40,14934.4,373.36,0
2014-02-01,SKU001,Product A1,East,21,7840.56,373.36,0
2014-02-01,SKU001,Product A1,West,26,9707.36,373.36,0
2014-02-01,SKU002,Product A2,North,12,1432.44,119.37,0
2014-02-01,SKU002,Product A2,South,16,1909.92,119.37,0
2014-02-01,SKU002,Product A2,East,15,1790.55,119.37,0
2014-02-01,SKU002,Product A2,West,4,477.48,119.37,0
2014-02-01,SKU003,Product A3,North,33,11272.14,341.58,0
2014-02-01,SKU003,Product A3,South,9,3074.22,341.58,0
2014-02-01,SKU003,Product A3,West,7,2163.49,309.07,1
2014-02-01,SKU004,Product A4,North,42,2209.2,52.6,0
2014-02-01,SKU004,Product A4,South,14,590.52,42.18,1
2014-02-01,SKU005,Product A5,North,64,1511.04,23.61,1
2014-02-01,SKU005,Product A5,South,9,205.83,22.87,1
2014-02-01,SKU006,Product A6,South,52,6090.76,117.13,0
2014-02-01,SKU006,Product A6,West,42,4919.46,117.13,0
2014-02-01,SKU007,Product A7,North,31,9454.69,304.99,0
2014-02-01,SKU007,Product A7,South,8,2439.92,304.99,0
2014-02-01,SKU007,Product A7,East,24,7319.76,304.99,0
2014-02-01,SKU007,Product A7,West,14,4269.86,304.99,0
2014-02-01,SKU008,Product A8,South,4,429.72,107.43,0
2014-02-01,SKU008,Product A8,East,8,859.44,107.43,0
2014-02-01,SKU009,Product A9,North,5,1077.8,215.56,0
2014-02-01,SKU009,Product A9,East,10,2155.6,215.56,0
2014-02-01,SKU009,Product A9,West,42,9053.52,215.56,0
2014-02-01,SKU010,Product B0,North,11,3286.14,298.74,0
2014-02-01,SKU010,Product B0,East,37,10339.65,279.45,1
2014-02-01,SKU010,Product B0,West,5,1493.7,298.74,0
2014-02-01,SKU011,Product B1,North,24,9163.68,381.82,0
2014-02-01,SKU011,Product B1,South,15,5727.3,381.82,0
2014-02-01,SKU011,Product B1,East,10,3818.2,381.82,0
2014-02-01,SKU011,Product B1,West,13,4710.55,362.35,1
2014-02-01,SKU012,Product B2,South,27,9506.43,352.09,0
2014-02-01,SKU012,Product B2,East,34,11971.06,352.09,0
2014-02-01,SKU012,Product B2,West,35,12323.15,352.09,0
2014-02-01,SKU013,Product B3,East,11,1314.06,119.46,1
2014-02-01,SKU013,Product B3,West,15,2059.05,137.27,1
2014-02-01,SKU014,Product B4,North,43,20598.29,479.03,0
2014-02-01,SKU014,Product B4,East,18,8622.54,479.03,0
2014-02-01,SKU014,Product B4,West,18,8622.54,479.03,0
2014-02-01,SKU015,Product B5,South,12,720.96,60.08,0
2014-02-01,SKU015,Product B5,East,31,1862.48,60.08,0
2014-02-01,SKU016,Product B6,North,15,806.4,53.76,1
2014-02-01,SKU017,Product B7,South,31,9480.73,305.83,0
2014-02-01,SKU017,Product B7,East,50,15291.5,305.83,0
2014-02-01,SKU017,Product B7,West,8,2000.8,250.1,1
2014-02-01,SKU018,Product B8,South,13,4778.41,367.57,0
2014-02-01,SKU018,Product B8,East,49,15685.39,320.11,1
2014-02-01,SKU018,Product B8,West,8,2940.56,367.57,0
2014-02-01,SKU019,Product B9,East,8,569.28,71.16,0
2014-02-01,SKU020,Product C0,North,9,437.49,48.61,0
2014-02-01,SKU020,Product C0,South,30,1458.3,48.61,0
2014-02-01,SKU020,Product C0,East,11,534.71,48.61,0
2014-02-01,SKU020,Product C0,West,20,972.2,48.61,0
2014-02-01,SKU021,Product C1,East,38,12812.46,337.17,1
2014-02-01,SKU021,Product C1,West,8,3331.28,416.41,0
2014-02-01,SKU022,Product C2,North,22,9765.14,443.87,0
2014-02-01,SKU022,Product C2,West,6,2663.22,443.87,0
2014-02-01,SKU023,Product C3,North,18,5272.2,292.9,0
2014-02-01,SKU023,Product C3,East,10,2929.0,292.9,0
2014-02-01,SKU023,Product C3,West,35,10251.5,292.9,0
2014-02-01,SKU024,Product C4,North,13,421.85,32.45,0
2014-02-01,SKU024,Product C4,South,45,1266.75,28.15,1
2014-02-01,SKU025,Product C5,North,32,11171.52,349.11,1
2014-02-01,SKU025,Product C5,South,41,15940.8,388.8,0
2014-02-01,SKU026,Product C6,North,47,20168.17,429.11,0
2014-02-01,SKU026,Product C6,South,14,5610.78,400.77,1
2014-02-01,SKU026,Product C6,East,34,14589.74,429.11,0
2014-02-01,SKU026,Product C6,West,6,2574.66,429.11,0
2014-02-01,SKU027,Product C7,East,14,2747.64,196.26,0
2014-02-01,SKU028,Product C8,South,29,9323.21,321.49,0
2014-02-01,SKU028,Product C8,West,12,3857.88,321.49,0
2014-02-01,SKU029,Product C9,East,29,2601.3,89.7,0
2014-02-01,SKU029,Product C9,West,17,1524.9,89.7,0
2014-02-01,SKU030,Product D0,North,8,901.28,112.66,0
2014-02-01,SKU030,Product D0,East,22,2478.52,112.66,0
2014-02-01,SKU031,Product D1,North,4,1415.56,353.89,0
2014-02-01,SKU031,Product D1,South,14,4954.46,353.89,0
2014-02-01,SKU031,Product D1,West,13,4600.57,353.89,0
2014-02-01,SKU032,Product D2,North,47,13254.47,282.01,1
2014-02-01,SKU032,Product D2,East,42,11320.26,269.53,1
2014-02-01,SKU032,Product D2,West,17,5243.99,308.47,0
2014-02-01,SKU033,Product D3,North,18,4891.14,271.73,0
2014-02-01,SKU033,Product D3,South,12,3260.76,271.73,0
2014-02-01,SKU033,Product D3,East,54,13025.34,241.21,1
2014-02-01,SKU033,Product D3,West,17,4619.41,271.73,0
2014-02-01,SKU034,Product D4,East,16,1441.12,90.07,0
2014-02-01,SKU034,Product D4,West,6,540.42,90.07,0
2014-02-01,SKU035,Product D5,South,7,995.89,142.27,0
2014-02-01,SKU035,Product D5,East,15,2134.05,142.27,0
2014-02-01,SKU036,Product D6,North,5,588.05,117.61,0
2014-02-01,SKU036,Product D6,South,25,2940.25,117.61,0
2014-02-01,SKU036,Product D6,East,21,2469.81,117.61,0
2014-02-01,SKU036,Product D6,West,33,3881.13,117.61,0
2014-02-01,SKU037,Product D7,East,32,11636.16,363.63,1
2014-02-01,SKU037,Product D7,West,17,7191.0,423.0,0
2014-02-01,SKU038,Product D8,North,33,4033.59,122.23,0
2014-02-01,SKU038,Product D8,South,33,4033.59,122.23,0
2014-02-01,SKU038,Product D8,East,27,3300.21,122.23,0
2014-02-01,SKU038,Product D8,West,29,3544.67,122.23,0
2014-02-01,SKU039,Product D9,North,6,2426.82,404.47,0
2014-02-01,SKU039,Product D9,East,33,13347.51,404.47,0
2014-02-01,SKU039,Product D9,West,13,5258.11,404.47,0
2014-02-01,SKU040,Product E0,North,32,4518.08,141.19,0
2014-02-01,SKU040,Product E0,South,59,7567.34,128.26,1
2014-02-01,SKU040,Product E0,East,26,3670.94,141.19,0
2014-02-01,SKU040,Product E0,West,30,4235.7,141.19,0
2014-02-01,SKU041,Product E1,North,6,2744.64,457.44,0
2014-02-01,SKU041,Product E1,East,14,6404.16,457.44,0
2014-02-01,SKU043,Product E3,North,5,570.95,114.19,0
2014-02-01,SKU043,Product E3,East,18,2055.42,114.19,0
2014-02-01,SKU043,Product E3,West,13,1484.47,114.19,0
2014-02-01,SKU044,Product E4,North,6,1223.16,203.86,0
2014-02-01,SKU044,Product E4,West,5,1019.3,203.86,0
2014-02-01,SKU045,Product E5,North,21,1680.21,80.01,0
2014-02-01,SKU045,Product E5,South,5,400.05,80.01,0
2014-02-01,SKU045,Product E5,East,44,3520.44,80.01,0
2014-02-01,SKU046,Product E6,North,15,1962.75,130.85,0
2014-02-01,SKU046,Product E6,East,16,1929.76,120.61,1
2014-02-01,SKU046,Product E6,West,47,6149.95,130.85,0
2014-02-01,SKU047,Product E7,North,27,6897.15,255.45,1
2014-02-01,SKU047,Product E7,West,53,11744.8,221.6,1
2014-02-01,SKU048,Product E8,South,8,1759.44,219.93,0
2014-02-01,SKU048,Product E8,East,14,2547.44,181.96,1
2014-02-01,SKU048,Product E8,West,9,1979.37,219.93,0
2014-02-01,SKU049,Product E9,North,10,2057.1,205.71,0
2014-02-01,SKU049,Product E9,South,38,7816.98,205.71,0
2014-02-01,SKU049,Product E9,East,21,4319.91,205.71,0
2014-02-02,SKU000,Product A0,North,14,4526.48,323.32,0
2014-02-02,SKU000,Product A0,East,16,4158.24,259.89,1
2014-02-02,SKU000,Product A0,West,12,3879.84,323.32,0
2014-02-02,SKU001,Product A1,North,45,16801.2,373.36,0
2014-02-02,SKU001,Product A1,South,6,2240.16,373.36,0
2014-02-02,SKU001,Product A1,East,38,14187.68,373.36,0
2014-02-02,SKU001,Product A1,West,8,2986.88,373.36,0
2014-02-02,SKU002,Product A2,North,42,5013.54,119.37,0
2014-02-02,SKU002,Product A2,South,7,835.59,119.37,0
2014-02-02,SKU002,Product A2,West,10,1193.7,119.37,0
2014-02-02,SKU003,Product A3,North,52,17762.16,341.58,0
2014-02-02,SKU003,Product A3,South,9,3074.22,341.58,0
2014-02-02,SKU003,Product A3,West,40,13663.2,341.58,0
2014-02-02,SKU004,Product A4,South,4,210.4,52.6,0
2014-02-02,SKU004,Product A4,East,29,1525.4,52.6,0
2014-02-02,SKU004,Product A4,West,20,1052.0,52.6,0
2014-02-02,SKU005,Product A5,North,51,1213.8,23.8,1
2014-02-02,SKU005,Product A5,South,35,894.95,25.57,0
2014-02-02,SKU005,Product A5,West,31,792.67,25.57,0
2014-02-02,SKU006,Product A6,East,29,3396.77,117.13,0
2014-02-02,SKU006,Product A6,West,65,6991.4,107.56,1
2014-02-02,SKU007,Product A7,North,27,8234.73,304.99,0
2014-02-02,SKU007,Product A7,East,20,6099.8,304.99,0
2014-02-02,SKU007,Product A7,West,19,5794.81,304.99,0
2014-02-02,SKU008,Product A8,North,11,1181.73,107.43,0
2014-02-02,SKU008,Product A8,South,10,1074.3,107.43,0
2014-02-02,SKU009,Product A9,North,21,4526.76,215.56,0
2014-02-02,SKU009,Product A9,South,24,5173.44,215.56,0
2014-02-02,SKU009,Product A9,East,16,3448.96,215.56,0
2014-02-02,SKU009,Product A9,West,22,4742.32,215.56,0
2014-02-02,SKU010,Product B0,North,4,1194.96,298.74,0
2014-02-02,SKU010,Product B0,South,56,14383.6,256.85,1
2014-02-02,SKU010,Product B0,West,9,2688.66,298.74,0
2014-02-02,SKU011,Product B1,North,8,3054.56,381.82,0
2014-02-02,SKU011,Product B1,South,47,16340.96,347.68,1
2014-02-02,SKU011,Product B1,East,30,11454.6,381.82,0
2014-02-02,SKU011,Product B1,West,12,4581.84,381.82,0
2014-02-02,SKU012,Product B2,North,32,11266.88,352.09,0
2014-02-02,SKU012,Product B2,South,37,13027.33,352.09,0
2014-02-02,SKU012,Product B2,East,36,12675.24,352.09,0
2014-02-02,SKU012,Product B2,West,14,4929.26,352.09,0
2014-02-02,SKU013,Product B3,South,36,5261.76,146.16,0
2014-02-02,SKU013,Product B3,East,40,5846.4,146.16,0
2014-02-02,SKU013,Product B3,West,19,2777.04,146.16,0
2014-02-02,SKU014,Product B4,North,9,4311.27,479.03,0
2014-02-02,SKU014,Product B4,South,19,9101.57,479.03,0
2014-02-02,SKU014,Product B4,West,22,10538.66,479.03,0
2014-02-02,SKU015,Product B5,South,35,2102.8,60.08,0
2014-02-02,SKU015,Product B5,East,17,1021.36,60.08,0
2014-02-02,SKU015,Product B5,West,16,961.28,60.08,0
2014-02-02,SKU016,Product B6,North,31,1779.09,57.39,0
2014-02-02,SKU016,Product B6,South,41,2352.99,57.39,0
2014-02-02,SKU016,Product B6,West,37,2123.43,57.39,0
2014-02-02,SKU017,Product B7,North,52,15903.16,305.83,0
2014-02-02,SKU017,Product B7,West,18,5504.94,305.83,0
2014-02-02,SKU018,Product B8,North,11,4043.27,367.57,0
2014-02-02,SKU018,Product B8,South,12,4410.84,367.57,0
2014-02-02,SKU018,Product B8,East,12,4410.84,367.57,0
2014-02-02,SKU018,Product B8,West,15,5513.55,367.57,0
2014-02-02,SKU019,Product B9,North,24,1707.84,71.16,0
2014-02-02,SKU019,Product B9,South,28,1992.48,71.16,0
2014-02-02,SKU019,Product B9,West,30,2134.8,71.16,0
2014-02-02,SKU020,Product C0,North,16,777.76,48.61,0
2014-02-02,SKU020,Product C0,South,27,1312.47,48.61,0
2014-02-02,SKU020,Product C0,East,34,1652.74,48.61,0
2014-02-02,SKU020,Product C0,West,8,330.88,41.36,1
2014-02-02,SKU021,Product C1,North,23,9577.43,416.41,0
2014-02-02,SKU021,Product C1,South,31,12908.71,416.41,0
2014-02-02,SKU021,Product C1,West,6,2498.46,416.41,0
2014-02-02,SKU022,Product C2,North,29,11241.56,387.64,1
2014-02-02,SKU022,Product C2,South,9,3994.83,443.87,0
2014-02-02,SKU022,Product C2,West,20,8071.0,403.55,1
2014-02-02,SKU023,Product C3,West,24,7029.6,292.9,0
2014-02-02,SKU024,Product C4,North,55,1784.75,32.45,0
2014-02-02,SKU024,Product C4,South,7,227.15,32.45,0
2014-02-02,SKU024,Product C4,East,32,1038.4,32.45,0
2014-02-02,SKU024,Product C4,West,11,310.97,28.27,1
2014-02-02,SKU025,Product C5,North,7,2721.6,388.8,0
2014-02-02,SKU025,Product C5,South,44,17107.2,388.8,0
2014-02-02,SKU025,Product C5,East,4,1555.2,388.8,0
2014-02-02,SKU025,Product C5,West,21,8164.8,388.8,0
2014-02-02,SKU026,Product C6,North,18,7723.98,429.11,0
2014-02-02,SKU026,Product C6,South,15,6436.65,429.11,0
2014-02-02,SKU026,Product C6,East,36,15447.96,429.11,0
2014-02-02,SKU026,Product C6,West,14,5468.26,390.59,1
2014-02-02,SKU027,Product C7,South,41,8046.66,196.26,0
2014-02-02,SKU027,Product C7,East,33,6476.58,196.26,0
2014-02-02,SKU027,Product C7,West,16,3140.16,196.26,0
2014-02-02,SKU028,Product C8,North,6,1928.94,321.49,0
2014-02-02,SKU028,Product C8,South,14,4500.86,321.49,0
2014-02-02,SKU028,Product C8,East,49,15753.01,321.49,0
2014-02-02,SKU029,Product C9,South,27,2421.9,89.7,0
2014-02-02,SKU030,Product D0,North,30,3379.8,112.66,0
2014-02-02,SKU030,Product D0,South,6,675.96,112.66,0
2014-02-02,SKU030,Product D0,East,53,5970.98,112.66,0
2014-02-02,SKU030,Product D0,West,22,2478.52,112.66,0
2014-02-02,SKU031,Product D1,North,8,2831.12,353.89,0
2014-02-02,SKU031,Product D1,South,79,23169.91,293.29,1
2014-02-02,SKU031,Product D1,East,59,19820.46,335.94,1
2014-02-02,SKU032,Product D2,North,29,8945.63,308.47,0
2014-02-02,SKU033,Product D3,North,9,2445.57,271.73,0
2014-02-02,SKU033,Product D3,South,35,9510.55,271.73,0
2014-02-02,SKU033,Product D3,East,29,7880.17,271.73,0
2014-02-02,SKU033,Product D3,West,48,13043.04,271.73,0
2014-02-02,SKU034,Product D4,North,10,900.7,90.07,0
2014-02-02,SKU034,Product D4,South,58,5224.06,90.07,0
2014-02-02,SKU034,Product D4,East,19,1711.33,90.07,0
2014-02-02,SKU035,Product D5,North,38,4600.66,121.07,1
2014-02-02,SKU035,Product D5,South,22,3129.94,142.27,0
2014-02-02,SKU035,Product D5,East,17,2418.59,142.27,0
2014-02-02,SKU036,Product D6,North,22,2587.42,117.61,0
2014-02-02,SKU036,Product D6,East,8,940.88,117.61,0
2014-02-02,SKU036,Product D6,West,62,6526.74,105.27,1
2014-02-02,SKU037,Product D7,North,19,8037.0,423.0,0
2014-02-02,SKU037,Product D7,South,47,19881.0,423.0,0
2014-02-02,SKU037,Product D7,West,52,21996.0,423.0,0
2014-02-02,SKU038,Product D8,North,34,4155.82,122.23,0
2014-02-02,SKU038,Product D8,South,17,2077.91,122.23,0
2014-02-02,SKU038,Product D8,West,9,1100.07,122.23,0
2014-02-02,SKU039,Product D9,North,16,6471.52,404.47,0
2014-02-02,SKU039,Product D9,South,54,19571.76,362.44,1
2014-02-02,SKU039,Product D9,West,22,8898.34,404.47,0
2014-02-02,SKU040,Product E0,South,52,7341.88,141.19,0
2014-02-02,SKU040,Product E0,East,31,4376.89,141.19,0
2014-02-02,SKU040,Product E0,West,5,705.95,141.19,0
2014-02-02,SKU041,Product E1,North,30,13723.2,457.44,0
2014-02-02,SKU041,Product E1,South,47,18940.53,402.99,1
2014-02-02,SKU041,Product E1,East,12,5489.28,457.44,0
2014-02-02,SKU041,Product E1,West,9,4116.96,457.44,0
2014-02-02,SKU042,Product E2,North,4,1757.68,439.42,0
2014-02-02,SKU042,Product E2,East,10,4394.2,439.42,0
2014-02-02,SKU043,Product E3,South,55,6280.45,114.19,0
2014-02-02,SKU043,Product E3,East,27,3083.13,114.19,0
2014-02-02,SKU043,Product E3,West,36,4110.84,114.19,0
2014-02-02,SKU044,Product E4,North,58,9478.36,163.42,1
2014-02-02,SKU044,Product E4,West,15,3057.9,203.86,0
2014-02-02,SKU045,Product E5,North,5,400.05,80.01,0
2014-02-02,SKU045,Product E5,South,17,1360.17,80.01,0
2014-02-02,SKU045,Product E5,East,21,1680.21,80.01,0
2014-02-02,SKU046,Product E6,South,29,3794.65,130.85,0
2014-02-02,SKU046,Product E6,East,18,2355.3,130.85,0
2014-02-02,SKU047,Product E7,South,23,6304.3,274.1,0
2014-02-02,SKU047,Product E7,East,39,10689.9,274.1,0
2014-02-02,SKU048,Product E8,East,7,1539.51,219.93,0
2014-02-02,SKU049,Product E9,North,47,9002.85,191.55,1
2014-02-02,SKU049,Product E9,East,22,4525.62,205.71,0
2014-02-02,SKU049,Product E9,West,20,4114.2,205.71,0
2014-02-03,SKU000,Product A0,North,28,9052.96,323.32,0
2014-02-03,SKU000,Product A0,South,29,9376.28,323.32,0
2014-02-03,SKU000,Product A0,East,30,9699.6,323.32,0
2014-02-03,SKU001,Product A1,South,13,4069.78,313.06,1
2014-02-03,SKU001,Product A1,East,15,5600.4,373.36,0
2014-02-03,SKU001,Product A1,West,32,10371.2,324.1,1
2014-02-03,SKU002,Product A2,North,10,1193.7,119.37,0
2014-02-03,SKU002,Product A2,South,42,5013.54,119.37,0
2014-02-03,SKU002,Product A2,East,11,1313.07,119.37,0
2014-02-03,SKU003,Product A3,South,23,7856.34,341.58,0
2014-02-03,SKU003,Product A3,West,29,9905.82,341.58,0
2014-02-03,SKU004,Product A4,North,28,1472.8,52.6,0
2014-02-03,SKU004,Product A4,South,13,683.8,52.6,0
2014-02-03,SKU004,Product A4,East,21,1104.6,52.6,0
2014-02-03,SKU004,Product A4,West,14,736.4,52.6,0
2014-02-03,SKU005,Product A5,South,14,357.98,25.57,0
2014-02-03,SKU005,Product A5,East,8,193.68,24.21,1
2014-02-03,SKU006,Product A6,North,40,4685.2,117.13,0
2014-02-03,SKU006,Product A6,East,41,4802.33,117.13,0
2014-02-03,SKU007,Product A7,South,16,4282.08,267.63,1
2014-02-03,SKU007,Product A7,East,44,13419.56,304.99,0
2014-02-03,SKU007,Product A7,West,36,10979.64,304.99,0
2014-02-03,SKU008,Product A8,South,13,1396.59,107.43,0
2014-02-03,SKU008,Product A8,East,23,2470.89,107.43,0
2014-02-03,SKU009,Product A9,North,6,1293.36,215.56,0
2014-02-03,SKU009,Product A9,East,37,7975.72,215.56,0
2014-02-03,SKU010,Product B0,North,17,5078.58,298.74,0
2014-02-03,SKU010,Product B0,South,42,12547.08,298.74,0
2014-02-03,SKU010,Product B0,East,6,1792.44,298.74,0
2014-02-03,SKU010,Product B0,West,15,4027.8,268.52,1
2014-02-03,SKU011,Product B1,South,23,8781.86,381.82,0
2014-02-03,SKU011,Product B1,East,27,10309.14,381.82,0
2014-02-03,SKU012,Product B2,South,32,9432.32,294.76,1
2014-02-03,SKU012,Product B2,East,10,3520.9,352.09,0
2014-02-03,SKU013,Product B3,North,31,4530.96,146.16,0
2014-02-03,SKU013,Product B3,South,2,292.32,146.16,0
2014-02-03,SKU013,Product B3,East,9,1315.44,146.16,0
2014-02-03,SKU013,Product B3,West,14,2046.24,146.16,0
2014-02-03,SKU014,Product B4,South,4,1916.12,479.03,0
2014-02-03,SKU014,Product B4,East,48,19078.56,397.47,1
2014-02-03,SKU014,Product B4,West,4,1916.12,479.03,0
2014-02-03,SKU015,Product B5,East,23,1381.84,60.08,0
2014-02-03,SKU016,Product B6,North,4,229.56,57.39,0
2014-02-03,SKU016,Product B6,South,12,688.68,57.39,0
2014-02-03,SKU016,Product B6,East,4,229.56,57.39,0
2014-02-03,SKU016,Product B6,West,25,1434.75,57.39,0
2014-02-03,SKU017,Product B7,North,41,12539.03,305.83,0
2014-02-03,SKU017,Product B7,South,31,9480.73,305.83,0
2014-02-03,SKU017,Product B7,East,41,10692.8,260.8,1
2014-02-03,SKU017,Product B7,West,41,12539.03,305.83,0
2014-02-03,SKU018,Product B8,North,3,1102.71,367.57,0
2014-02-03,SKU018,Product B8,South,7,2572.99,367.57,0
2014-02-03,SKU018,Product B8,East,48,17643.36,367.57,0
2014-02-03,SKU018,Product B8,West,38,13967.66,367.57,0
2014-02-03,SKU019,Product B9,North,46,2758.62,59.97,1
2014-02-03,SKU020,Product C0,North,15,729.15,48.61,0
2014-02-03,SKU020,Product C0,South,17,826.37,48.61,0
2014-02-03,SKU020,Product C0,East,9,437.49,48.61,0
2014-02-03,SKU020,Product C0,West,31,1506.91,48.61,0
2014-02-03,SKU021,Product C1,East,27,11243.07,416.41,0
2014-02-03,SKU021,Product C1,West,49,20404.09,416.41,0
2014-02-03,SKU022,Product C2,North,5,2219.35,443.87,0
2014-02-03,SKU022,Product C2,South,21,9321.27,443.87,0
2014-02-03,SKU022,Product C2,East,20,8877.4,443.87,0
2014-02-03,SKU022,Product C2,West,16,7101.92,443.87,0
2014-02-03,SKU023,Product C3,North,10,2929.0,292.9,0
2014-02-03,SKU023,Product C3,East,4,1171.6,292.9,0
2014-02-03,SKU023,Product C3,West,25,7322.5,292.9,0
2014-02-03,SKU024,Product C4,South,7,204.89,29.27,1
2014-02-03,SKU024,Product C4,East,8,259.6,32.45,0
2014-02-03,SKU024,Product C4,West,32,861.76,26.93,1
2014-02-03,SKU025,Product C5,North,28,9586.08,342.36,1
2014-02-03,SKU025,Product C5,South,16,6220.8,388.8,0
2014-02-03,SKU025,Product C5,East,7,2721.6,388.8,0
2014-02-03,SKU025,Product C5,West,32,12441.6,388.8,0
2014-02-03,SKU026,Product C6,North,4,1716.44,429.11,0
2014-02-03,SKU026,Product C6,South,4,1716.44,429.11,0
2014-02-03,SKU026,Product C6,East,15,6436.65,429.11,0
2014-02-03,SKU027,Product C7,North,35,6869.1,196.26,0
2014-02-03,SKU027,Product C7,South,57,10209.27,179.11,1
2014-02-03,SKU028,Product C8,North,17,5465.33,321.49,0
2014-02-03,SKU029,Product C9,North,20,1794.0,89.7,0
2014-02-03,SKU029,Product C9,East,3,269.1,89.7,0
2014-02-03,SKU029,Product C9,West,17,1524.9,89.7,0
2014-02-03,SKU030,Product D0,North,22,2478.52,112.66,0
2014-02-03,SKU030,Product D0,South,18,2027.88,112.66,0
2014-02-03,SKU030,Product D0,East,7,677.74,96.82,1
2014-02-03,SKU030,Product D0,West,4,450.64,112.66,0
2014-02-03,SKU031,Product D1,North,40,14155.6,353.89,0
2014-02-03,SKU031,Product D1,South,40,11784.0,294.6,1
2014-02-03,SKU031,Product D1,East,8,2831.12,353.89,0
2014-02-03,SKU031,Product D1,West,12,3564.48,297.04,1
2014-02-03,SKU032,Product D2,North,31,9562.57,308.47,0
2014-02-03,SKU032,Product D2,South,23,6366.86,276.82,1
2014-02-03,SKU032,Product D2,East,6,1850.82,308.47,0
2014-02-03,SKU032,Product D2,West,25,7711.75,308.47,0
2014-02-03,SKU033,Product D3,North,20,5434.6,271.73,0
2014-02-03,SKU033,Product D3,South,54,12441.06,230.39,1
2014-02-03,SKU033,Product D3,West,23,6249.79,271.73,0
2014-02-03,SKU034,Product D4,North,23,2071.61,90.07,0
2014-02-03,SKU034,Product D4,East,23,2071.61,90.07,0
2014-02-03,SKU034,Product D4,West,21,1891.47,90.07,0
2014-02-03,SKU035,Product D5,North,12,1707.24,142.27,0
2014-02-03,SKU035,Product D5,South,40,5149.6,128.74,1
2014-02-03,SKU035,Product D5,East,19,2703.13,142.27,0
2014-02-03,SKU035,Product D5,West,30,4268.1,142.27,0
2014-02-03,SKU036,Product D6,North,29,3410.69,117.61,0
2014-02-03,SKU036,Product D6,East,12,1411.32,117.61,0
2014-02-03,SKU036,Product D6,West,16,1881.76,117.61,0
2014-02-03,SKU037,Product D7,North,3,1269.0,423.0,0
2014-02-03,SKU037,Product D7,West,9,3346.29,371.81,1
2014-02-03,SKU038,Product D8,North,14,1431.92,102.28,1
2014-02-03,SKU038,Product D8,South,12,1466.76,122.23,0
2014-02-03,SKU038,Product D8,East,18,2200.14,122.23,0
2014-02-03,SKU038,Product D8,West,29,3544.67,122.23,0
2014-02-03,SKU039,Product D9,North,57,20667.63,362.59,1
2014-02-03,SKU039,Product D9,South,23,9302.81,404.47,0
2014-02-03,SKU039,Product D9,East,38,15369.86,404.47,0
2014-02-03,SKU039,Product D9,West,10,4044.7,404.47,0
2014-02-03,SKU040,Product E0,North,34,4800.46,141.19,0
2014-02-03,SKU040,Product E0,South,30,3824.7,127.49,1
2014-02-03,SKU040,Product E0,East,21,2964.99,141.19,0
2014-02-03,SKU041,Product E1,South,19,7790.57,410.03,1
2014-02-03,SKU041,Product E1,East,32,14638.08,457.44,0
2014-02-03,SKU041,Product E1,West,12,5489.28,457.44,0
2014-02-03,SKU042,Product E2,North,30,13182.6,439.42,0
2014-02-03,SKU042,Product E2,East,4,1757.68,439.42,0
2014-02-03,SKU042,Product E2,West,18,7909.56,439.42,0
2014-02-03,SKU043,Product E3,East,43,4910.17,114.19,0
2014-02-03,SKU043,Product E3,West,26,2968.94,114.19,0
2014-02-03,SKU044,Product E4,South,38,7746.68,203.86,0
2014-02-03,SKU044,Product E4,East,25,4149.0,165.96,1
2014-02-03,SKU044,Product E4,West,27,5504.22,203.86,0
2014-02-03,SKU045,Product E5,South,14,1120.14,80.01,0
2014-02-03,SKU045,Product E5,East,7,560.07,80.01,0
2014-02-03,SKU046,Product E6,North,38,4972.3,130.85,0
2014-02-03,SKU046,Product E6,East,28,3144.96,112.32,1
2014-02-03,SKU046,Product E6,West,27,3532.95,130.85,0
2014-02-03,SKU047,Product E7,North,59,12946.96,219.44,1
2014-02-03,SKU047,Product E7,West,9,2466.9,274.1,0
2014-02-03,SKU048,Product E8,East,10,2199.3,219.93,0
2014-02-03,SKU048,Product E8,West,6,1319.58,219.93,0
2014-02-03,SKU049,Product E9,North,7,1439.97,205.71,0
2014-02-03,SKU049,Product E9,South,20,4114.2,205.71,0
2014-02-03,SKU049,Product E9,East,29,5965.59,205.71,0
2014-02-04,SKU000,Product A0,North,16,5173.12,323.32,0
2014-02-04,SKU000,Product A0,South,31,10022.92,323.32,0
2014-02-04,SKU000,Product A0,East,33,10669.56,323.32,0
2014-02-04,SKU000,Product A0,West,25,8083.0,323.32,0
2014-02-04,SKU001,Product A1,South,22,8213.92,373.36,0
2014-02-04,SKU001,Product A1,East,33,11567.82,350.54,1
2014-02-04,SKU001,Product A1,West,4,1493.44,373.36,0
2014-02-04,SKU002,Product A2,South,23,2745.51,119.37,0
2014-02-04,SKU003,Product A3,West,23,7856.34,341.58,0
2014-02-04,SKU004,Product A4,North,11,578.6,52.6,0
2014-02-04,SKU004,Product A4,East,36,1893.6,52.6,0
2014-02-04,SKU005,Product A5,East,6,153.42,25.57,0
2014-02-04,SKU005,Product A5,West,6,153.42,25.57,0
2014-02-04,SKU006,Product A6,North,14,1639.82,117.13,0
2014-02-04,SKU006,Product A6,East,13,1522.69,117.13,0
2014-02-04,SKU006,Product A6,West,11,1288.43,117.13,0
2014-02-04,SKU007,Product A7,South,23,6368.01,276.87,1
2014-02-04,SKU007,Product A7,West,27,8234.73,304.99,0
2014-02-04,SKU008,Product A8,North,31,3330.33,107.43,0
2014-02-04,SKU008,Product A8,South,3,290.94,96.98,1
2014-02-04,SKU008,Product A8,East,9,966.87,107.43,0
2014-02-04,SKU008,Product A8,West,34,3652.62,107.43,0
2014-02-04,SKU009,Product A9,North,15,3233.4,215.56,0
2014-02-04,SKU009,Product A9,South,27,5820.12,215.56,0
2014-02-04,SKU009,Product A9,East,8,1724.48,215.56,0
2014-02-04,SKU009,Product A9,West,8,1724.48,215.56,0
2014-02-04,SKU010,Product B0,North,20,5974.8,298.74,0
2014-02-04,SKU010,Product B0,East,23,6871.02,298.74,0
2014-02-04,SKU010,Product B0,West,15,4481.1,298.74,0
2014-02-04,SKU011,Product B1,North,21,8018.22,381.82,0
2014-02-04,SKU011,Product B1,South,40,15272.8,381.82,0
2014-02-04,SKU011,Product B1,East,34,12981.88,381.82,0
2014-02-04,SKU011,Product B1,West,18,6872.76,381.82,0
2014-02-04,SKU012,Product B2,North,40,14083.6,352.09,0
2014-02-04,SKU012,Product B2,West,14,4564.0,326.0,1
2014-02-04,SKU013,Product B3,South,28,3531.08,126.11,1
2014-02-04,SKU013,Product B3,East,29,4238.64,146.16,0
2014-02-04,SKU013,Product B3,West,32,4677.12,146.16,0
2014-02-04,SKU014,Product B4,North,23,11017.69,479.03,0
2014-02-04,SKU014,Product B4,South,11,5269.33,479.03,0
2014-02-04,SKU014,Product B4,East,15,6312.9,420.86,1
2014-02-04,SKU015,Product B5,North,37,2222.96,60.08,0
2014-02-04,SKU015,Product B5,South,6,360.48,60.08,0
2014-02-04,SKU015,Product B5,East,9,540.72,60.08,0
2014-02-04,SKU015,Product B5,West,8,480.64,60.08,0
2014-02-04,SKU016,Product B6,North,13,746.07,57.39,0
2014-02-04,SKU016,Product B6,East,31,1779.09,57.39,0
2014-02-04,SKU016,Product B6,West,18,1033.02,57.39,0
2014-02-04,SKU017,Product B7,East,21,5737.41,273.21,1
2014-02-04,SKU017,Product B7,West,14,4281.62,305.83,0
2014-02-04,SKU018,Product B8,North,47,15405.19,327.77,1
2014-02-04,SKU018,Product B8,South,40,14702.8,367.57,0
2014-02-04,SKU018,Product B8,East,26,8749.52,336.52,1
2014-02-04,SKU019,Product B9,North,35,2490.6,71.16,0
2014-02-04,SKU019,Product B9,West,16,1138.56,71.16,0
2014-02-04,SKU020,Product C0,North,13,631.93,48.61,0
2014-02-04,SKU020,Product C0,South,24,969.12,40.38,1
2014-02-04,SKU020,Product C0,East,39,1895.79,48.61,0
2014-02-04,SKU021,Product C1,North,20,8328.2,416.41,0
2014-02-04,SKU021,Product C1,South,18,7495.38,416.41,0
2014-02-04,SKU021,Product C1,East,55,20582.1,374.22,1
2014-02-04,SKU021,Product C1,West,43,16666.37,387.59,1
2014-02-04,SKU022,Product C2,East,32,14203.84,443.87,0
2014-02-04,SKU022,Product C2,West,19,8433.53,443.87,0
2014-02-04,SKU023,Product C3,North,15,4393.5,292.9,0
2014-02-04,SKU023,Product C3,South,29,8494.1,292.9,0
2014-02-04,SKU023,Product C3,East,25,7322.5,292.9,0
2014-02-04,SKU024,Product C4,North,7,227.15,32.45,0
2014-02-04,SKU024,Product C4,South,39,1265.55,32.45,0
2014-02-04,SKU024,Product C4,East,50,1445.5,28.91,1
2014-02-04,SKU024,Product C4,West,27,876.15,32.45,0
2014-02-04,SKU025,Product C5,North,31,12052.8,388.8,0
2014-02-04,SKU025,Product C5,East,18,6998.4,388.8,0
2014-02-04,SKU026,Product C6,North,41,17593.51,429.11,0
2014-02-04,SKU026,Product C6,South,24,10298.64,429.11,0
2014-02-04,SKU026,Product C6,East,30,11076.6,369.22,1
2014-02-04,SKU026,Product C6,West,66,23049.18,349.23,1
2014-02-04,SKU027,Product C7,East,31,6084.06,196.26,0
2014-02-04,SKU027,Product C7,West,28,5495.28,196.26,0
2014-02-04,SKU028,Product C8,North,27,8680.23,321.49,0
2014-02-04,SKU028,Product C8,South,31,9966.19,321.49,0
2014-02-04,SKU028,Product C8,East,9,2893.41,321.49,0
2014-02-04,SKU028,Product C8,West,47,12431.5,264.5,1
2014-02-04,SKU029,Product C9,North,24,2152.8,89.7,0
2014-02-04,SKU029,Product C9,West,21,1883.7,89.7,0
2014-02-04,SKU030,Product D0,North,19,2140.54,112.66,0
2014-02-04,SKU030,Product D0,South,35,3943.1,112.66,0
2014-02-04,SKU030,Product D0,West,25,2816.5,112.66,0
2014-02-04,SKU031,Product D1,North,23,8139.47,353.89,0
2014-02-04,SKU031,Product D1,East,28,9908.92,353.89,0
2014-02-04,SKU031,Product D1,West,22,7785.58,353.89,0
2014-02-04,SKU032,Product D2,North,25,7711.75,308.47,0
2014-02-04,SKU032,Product D2,South,40,12338.8,308.47,0
2014-02-04,SKU032,Product D2,East,26,8020.22,308.47,0
2014-02-04,SKU032,Product D2,West,24,6095.28,253.97,1
2014-02-04,SKU033,Product D3,North,6,1630.38,271.73,0
2014-02-04,SKU033,Product D3,South,10,2717.3,271.73,0
2014-02-04,SKU033,Product D3,East,5,1358.65,271.73,0
2014-02-04,SKU033,Product D3,West,24,6521.52,271.73,0
2014-02-04,SKU034,Product D4,North,32,2882.24,90.07,0
2014-02-04,SKU034,Product D4,South,12,995.76,82.98,1
2014-02-04,SKU034,Product D4,East,22,1981.54,90.07,0
2014-02-04,SKU035,Product D5,North,7,995.89,142.27,0
2014-02-04,SKU035,Product D5,South,17,2135.54,125.62,1
2014-02-04,SKU035,Product D5,East,40,5690.8,142.27,0
2014-02-04,SKU035,Product D5,West,20,2845.4,142.27,0
2014-02-04,SKU036,Product D6,North,36,4233.96,117.61,0
2014-02-04,SKU036,Product D6,South,32,3763.52,117.61,0
2014-02-04,SKU037,Product D7,South,30,11078.7,369.29,1
2014-02-04,SKU037,Product D7,East,14,5922.0,423.0,0
2014-02-04,SKU038,Product D8,North,24,2718.24,113.26,1
2014-02-04,SKU038,Product D8,South,5,611.15,122.23,0
2014-02-04,SKU038,Product D8,East,38,4644.74,122.23,0
2014-02-04,SKU038,Product D8,West,20,2444.6,122.23,0
2014-02-04,SKU039,Product D9,North,29,11729.63,404.47,0
2014-02-04,SKU039,Product D9,South,6,2426.82,404.47,0
2014-02-04,SKU039,Product D9,East,7,2831.29,404.47,0
2014-02-04,SKU041,Product E1,North,54,22087.62,409.03,1
2014-02-04,SKU041,Product E1,East,8,3659.52,457.44,0
2014-02-04,SKU041,Product E1,West,28,12808.32,457.44,0
2014-02-04,SKU042,Product E2,South,47,20652.74,439.42,0
2014-02-04,SKU042,Product E2,East,21,9227.82,439.42,0
2014-02-04,SKU042,Product E2,West,29,12743.18,439.42,0
2014-02-04,SKU043,Product E3,West,33,3768.27,114.19,0
2014-02-04,SKU044,Product E4,North,18,3669.48,203.86,0
2014-02-04,SKU044,Product E4,South,29,5911.94,203.86,0
2014-02-04,SKU044,Product E4,East,43,8765.98,203.86,0
2014-02-04,SKU045,Product E5,North,44,3520.44,80.01,0
2014-02-04,SKU045,Product E5,South,28,2240.28,80.01,0
2014-02-04,SKU046,Product E6,North,7,915.95,130.85,0
2014-02-04,SKU046,Product E6,East,15,1962.75,130.85,0
2014-02-04,SKU046,Product E6,West,7,915.95,130.85,0
2014-02-04,SKU047,Product E7,North,29,7948.9,274.1,0
2014-02-04,SKU047,Product E7,South,32,8771.2,274.1,0
2014-02-04,SKU048,Product E8,North,28,6158.04,219.93,0
2014-02-04,SKU048,Product E8,South,8,1759.44,219.93,0
2014-02-04,SKU048,Product E8,East,20,4398.6,219.93,0
2014-02-04,SKU048,Product E8,West,32,5633.28,176.04,1
2014-02-04,SKU049,Product E9,North,9,1851.39,205.71,0
2014-02-04,SKU049,Product E9,South,24,4937.04,205.71,0
2014-02-04,SKU049,Product E9,East,7,1439.97,205.71,0
2014-02-05,SKU000,Product A0,North,37,10630.47,287.31,1
2014-02-05,SKU000,Product A0,South,34,10992.88,323.32,0
2014-02-05,SKU000,Product A0,West,10,3233.2,323.32,0
2014-02-05,SKU001,Product A1,North,20,7467.2,373.36,0
2014-02-05,SKU001,Product A1,South,10,3733.6,373.36,0
2014-02-05,SKU001,Product A1,East,5,1866.8,373.36,0
2014-02-05,SKU001,Product A1,West,10,3733.6,373.36,0
2014-02-05,SKU002,Product A2,North,26,3103.62,119.37,0
2014-02-05,SKU002,Product A2,South,23,2745.51,119.37,0
2014-02-05,SKU002,Product A2,East,23,2745.51,119.37,0
2014-02-05,SKU002,Product A2,West,4,477.48,119.37,0
2014-02-05,SKU003,Product A3,North,43,14687.94,341.58,0
2014-02-05,SKU003,Product A3,South,22,7514.76,341.58,0
2014-02-05,SKU003,Product A3,East,34,11613.72,341.58,0
2014-02-05,SKU004,Product A4,North,56,2738.4,48.9,1
2014-02-05,SKU004,Product A4,South,32,1683.2,52.6,0
2014-02-05,SKU004,Product A4,East,13,683.8,52.6,0
2014-02-05,SKU004,Product A4,West,16,841.6,52.6,0
2014-02-05,SKU005,Product A5,North,21,536.97,25.57,0
2014-02-05,SKU005,Product A5,East,4,102.28,25.57,0
2014-02-05,SKU005,Product A5,West,12,272.4,22.7,1
2014-02-05,SKU006,Product A6,South,38,4450.94,117.13,0
2014-02-05,SKU006,Product A6,West,32,3748.16,117.13,0
2014-02-05,SKU007,Product A7,East,4,1219.96,304.99,0
2014-02-05,SKU008,Product A8,South,5,537.15,107.43,0
2014-02-05,SKU008,Product A8,East,8,859.44,107.43,0
2014-02-05,SKU009,Product A9,South,23,4957.88,215.56,0
2014-02-05,SKU009,Product A9,East,22,4742.32,215.56,0
2014-02-05,SKU009,Product A9,West,23,4957.88,215.56,0
2014-02-05,SKU010,Product B0,North,11,3286.14,298.74,0
2014-02-05,SKU010,Product B0,South,29,8663.46,298.74,0
2014-02-05,SKU010,Product B0,East,14,3509.38,250.67,1
2014-02-05,SKU010,Product B0,West,30,8962.2,298.74,0
2014-02-05,SKU011,Product B1,North,15,4593.9,306.26,1
2014-02-05,SKU011,Product B1,South,31,11836.42,381.82,0
2014-02-05,SKU011,Product B1,East,7,2672.74,381.82,0
2014-02-05,SKU011,Product B1,West,4,1527.28,381.82,0
2014-02-05,SKU012,Product B2,North,12,4225.08,352.09,0
2014-02-05,SKU012,Product B2,South,10,3520.9,352.09,0
2014-02-05,SKU012,Product B2,East,30,10562.7,352.09,0
2014-02-05,SKU013,Product B3,North,24,3507.84,146.16,0
2014-02-05,SKU013,Product B3,South,36,5261.76,146.16,0
2014-02-05,SKU013,Product B3,East,9,1315.44,146.16,0
2014-02-05,SKU013,Product B3,West,38,5554.08,146.16,0
2014-02-05,SKU014,Product B4,North,31,14849.93,479.03,0
2014-02-05,SKU014,Product B4,South,6,2874.18,479.03,0
2014-02-05,SKU014,Product B4,West,17,8143.51,479.03,0
2014-02-05,SKU015,Product B5,North,28,1682.24,60.08,0
2014-02-05,SKU015,Product B5,South,37,1887.37,51.01,1
2014-02-05,SKU015,Product B5,East,6,360.48,60.08,0
2014-02-05,SKU015,Product B5,West,31,1510.94,48.74,1
2014-02-05,SKU016,Product B6,North,8,459.12,57.39,0
2014-02-05,SKU016,Product B6,South,13,746.07,57.39,0
2014-02-05,SKU016,Product B6,East,12,688.68,57.39,0
2014-02-05,SKU016,Product B6,West,17,975.63,57.39,0
2014-02-05,SKU017,Product B7,North,30,9174.9,305.83,0
2014-02-05,SKU017,Product B7,South,3,917.49,305.83,0
2014-02-05,SKU017,Product B7,East,8,2033.52,254.19,1
2014-02-05,SKU017,Product B7,West,25,7645.75,305.83,0
2014-02-05,SKU018,Product B8,North,13,4778.41,367.57,0
2014-02-05,SKU018,Product B8,South,11,4043.27,367.57,0
