Price,Close,High,Low,Open,Volume
Ticker,TATASTEEL.NS,TATASTEEL.NS,TATASTEEL.NS,TATASTEEL.NS,TATASTEEL.NS
Date,,,,,
1996-01-01,5.085219383239746,5.097980219808293,5.016310605662855,5.078838964955473,10242229
1996-01-02,4.990788459777832,5.0979801797288715,4.978027623309608,5.078838925026536,16954313
1996-01-03,4.992063999176025,5.104359864166345,4.978026907674445,4.990787742308186,13514114
1996-01-04,4.8338303565979,4.912947901058629,4.721534025560975,4.912947901058629,34785820
1996-01-05,4.73812198638916,4.798098257964838,4.689630726471266,4.775129101671627,30138033
1996-01-08,4.560745716094971,4.721532845804931,4.51991113034151,4.708772444173707,36752157
1996-01-09,4.539052963256836,4.577335910745016,4.4663158398917,4.4663158398917,36964108
1996-01-10,4.514807224273682,4.625826853741908,4.466315523128567,4.539052641334991,35923053
1996-01-11,4.620721817016602,4.643691406124845,4.502045534372146,4.517358449273921,27719296
1996-01-12,4.6028571128845215,4.693459660218489,4.574782925382559,4.620722544341337,31593194
1996-01-15,4.564574718475342,4.628379336995957,4.554365962171593,4.574783041267845,13352034
1996-01-16,4.555643081665039,4.593925599917589,4.519912644593727,4.564575582555036,19465667
1996-01-17,4.401235103607178,4.550538112140887,4.376989686419011,4.5173593286246465,25512510
1996-01-18,4.308080196380615,4.3706085545392845,4.2366193394881995,4.33998228722344,31930712
1996-01-19,4.271073818206787,4.323393419047582,4.236619214305615,4.255760468245729,20078367
1996-01-22,4.315738201141357,4.355296979377862,4.268522745339284,4.313186119789953,15288982
1996-01-23,4.144740581512451,4.333601915030301,4.083488479742156,4.2812827455997455,16752158
1996-01-24,4.088593482971191,4.693460551025678,4.019685125232472,4.144741435120625,20708877
1996-01-25,4.000542163848877,4.097525117160248,3.97502049374474,4.083488025198501,15920383
1996-01-26,4.000542163848877,4.000542163848877,4.000542163848877,4.000542163848877,0
1996-01-29,4.183024883270264,4.211098645927124,3.957156790503583,3.957156790503583,32353724
1996-01-30,4.218753337860107,4.338705430984496,4.134531231166144,4.262139997674834,32019768
1996-01-31,4.260865688323975,4.415272433026843,4.204717741749179,4.236619836333288,34765337
1996-02-01,4.356571674346924,4.3706083335011465,4.225134112997091,4.225134112997091,18475375
1996-02-02,4.674318313598633,4.7279137398963105,4.389750274005978,4.447174037934467,39733722
1996-02-05,4.856799602508545,5.155404758587116,4.6832511732799285,4.874664601480676,68921537
1996-02-06,4.445898056030273,4.912946993639106,4.3642280121787556,4.887425321691111,40024042
1996-02-07,4.620721817016602,4.696011001676337,4.376988834392688,4.44589760171742,45350428
1996-02-08,5.2919464111328125,5.318743909144979,4.632207746531702,4.644968583731187,114509743
1996-02-09,5.600759506225586,5.691361610603178,5.386376518649089,5.640317835698685,119682955
1996-02-12,5.285566806793213,5.576515326999107,5.206448823647753,5.484636938199628,83759011
1996-02-13,5.288116455078125,5.397860670835018,5.163060191836918,5.257490626064878,72385781
1996-02-14,5.437422275543213,5.665842023368519,5.385102220456939,5.487189382105569,67257097
1996-02-15,5.362131595611572,5.550992945044053,5.270252784947011,5.308535297590464,55699524
1996-02-16,5.249834060668945,5.3340557355098515,5.219207800039921,5.3340557355098515,36118975
1996-02-19,5.28173828125,5.383825424467849,5.257492427587914,5.3085357824411865,24685188
1996-02-20,5.078840732574463,5.289395909769941,5.0086556735093035,5.281739231759522,35231986
1996-02-21,5.078840732574463,5.078840732574463,5.078840732574463,5.078840732574463,0
1996-02-22,5.307260036468506,5.33405797156379,5.193687876637189,5.193687876637189,32953956
1996-02-23,5.261319160461426,5.33150418547967,5.20134289000099,5.295773761282925,29080949
1996-02-26,5.293221950531006,5.459113692239392,5.267700277502401,5.2842894516732395,70008010
1996-02-27,5.2077250480651855,5.303431333233552,5.168165843279803,5.303431333233552,40272505
1996-02-28,5.258767127990723,5.369786738737961,5.247282116442125,5.334056314216504,33926438
1996-02-29,4.925707817077637,5.231969180207793,4.868283621829578,5.220484601264906,67024663
1996-03-01,4.981856346130371,5.02651971073358,4.8899779696464964,4.988236764857792,56079789
1996-03-04,4.956334590911865,5.023967115028915,4.900186646913582,4.976751670402034,36523285
1996-03-05,4.956334590911865,4.956334590911865,4.956334590911865,4.956334590911865,0
1996-03-06,5.048213481903076,5.072459335259427,4.97164801707734,4.989513451157487,24779586
1996-03-07,5.01120662689209,5.140091698992325,4.989513288761322,5.068630832020203,32271794
1996-03-08,4.986959457397461,5.002272805927115,4.919326946428719,4.976750702881414,24870423
1996-03-11,4.891253471374512,4.963991020400267,4.83765804429373,4.912947240429008,32018877
1996-03-12,4.8236212730407715,4.9052908929426415,4.467591913532148,4.900186731359951,22942379
1996-03-13,5.015035152435303,5.034176843867475,4.8542475454728535,4.887426332784852,35833998
1996-03-14,4.963990211486816,5.089046910148584,4.946124783030352,5.01503354962901,32372426
1996-03-15,4.859350681304932,4.9869594626224565,4.842761509387871,4.957609455924761,33239823
1996-03-18,4.659006118774414,4.847867480916904,4.6449690231226395,4.810860789430994,35009348
1996-03-19,4.457382678985596,4.70877279749653,4.364228055242761,4.646244006989005,31957429
1996-03-20,4.457382678985596,4.457382678985596,4.457382678985596,4.457382678985596,0
1996-03-21,4.734294891357422,4.772577403066807,4.606686085481552,4.606686085481552,23555969
1996-03-22,4.659006118774414,4.711325296134689,4.5747835448637675,4.689631957545732,28958053
1996-03-25,4.798098087310791,4.923155220143647,4.712600148662515,4.721532646182304,61991268
1996-03-26,4.928260803222656,4.9984454076250024,4.784061956032743,4.799375307438619,77170713
1996-03-27,5.064803123474121,5.147748574576365,5.0188630639749885,5.053317675088038,54386851
1996-03-28,5.126053810119629,5.141367159027571,5.078838373505438,5.078838373505438,25451953
1996-03-29,5.035452365875244,5.145196178294393,5.008654432987354,5.1043611503678425,28306169
1996-04-01,5.100533962249756,5.124779384164324,5.031624734566804,5.078840188049912,30881643
1996-04-02,5.123502731323242,5.219209888270723,5.078839796024965,5.104361473338266,52862228
1996-04-03,5.21920919418335,5.32002049978237,5.206447923712482,5.257491705062222,43350250
1996-04-04,5.1643385887146,5.174547347976741,5.09798187026636,5.174547347976741,24455426
1996-04-05,5.1643385887146,5.1643385887146,5.1643385887146,5.1643385887146,0
1996-04-08,5.3761677742004395,5.410621509494991,5.284288979192354,5.353197750315026,47640035
1996-04-09,5.45018196105957,5.563753682140588,5.411899446124432,5.457838637451114,54842813
1996-04-10,5.557371139526367,5.626280333697639,5.512708222500967,5.512708222500967,126390587
1996-04-11,5.485912322998047,5.568858204446291,5.4757035657804725,5.512710256505271,97557211
1996-04-12,5.526747226715088,5.5369559837014855,5.4616663467378945,5.487188022448251,46672006
1996-04-15,5.513986110687256,5.612244904024134,5.4935685977444955,5.589275310341342,53248727
1996-04-16,5.4489054679870605,5.538231765814163,5.423383792468251,5.512710090295354,51807815
1996-04-17,5.77175760269165,5.831733898594082,5.539509096626043,5.539509096626043,120385600
1996-04-18,6.037184238433838,6.074190500304298,5.870016197281646,5.92105955628164,129424695
1996-04-19,6.002727508544922,6.1507538043866035,5.94657957332834,6.023145018352985,115258697
1996-04-22,5.8304572105407715,6.061429424945992,5.794726342971491,6.061429424945992,80399852
1996-04-23,5.831732749938965,5.895536938534822,5.719436857796732,5.780688965551009,88033656
1996-04-24,6.405972480773926,6.4442554240506835,6.099711102116013,6.099711102116013,135019137
1996-04-25,6.168620586395264,6.597387085843566,6.0231463390047075,6.4825386763690265,132106144
1996-04-26,6.237527370452881,6.361308240141066,6.011659395609736,6.201796948675316,119479019
1996-04-29,6.241358280181885,6.297506232838225,6.099712357970583,6.189038665992549,120564601
1996-04-30,6.140545845031738,6.289848850657516,6.074189146314167,6.252841730013592,82247745
1996-05-01,6.268155574798584,6.377899387745175,6.242633465466191,6.331960197862653,60056991
1996-05-02,6.205628395080566,6.228597994412261,6.11502582168194,6.227321736972749,62482852
1996-05-03,6.081845283508301,6.176275728356908,6.049943194068475,6.125232385253186,63368060
1996-05-06,5.779412269592285,5.972101496984737,5.750062260565768,5.933818989605247,88039000
1996-05-07,5.695191383361816,5.867463571007166,5.6173500947129416,5.793450187118648,75104634
1996-05-08,5.788344860076904,5.857253634563513,5.563752672604358,5.589274778108117,88525241
1996-05-09,5.632662773132324,5.801106615294292,5.5956560827724635,5.70412363943936,62128413
1996-05-10,5.602035999298096,5.625005592373012,5.488464291015382,5.5369555578377065,68122713
1996-05-13,5.687534332275391,5.71560808642679,5.6173492966300405,5.665840129477348,51900432
1996-05-14,5.839388847351074,5.895536792026878,5.640318743451974,5.681153769947562,66364765
1996-05-15,6.135441303253174,6.176275892116611,5.940199556980092,6.047391273957946,172815020
1996-05-16,6.266879081726074,6.377899147689584,6.23370116451416,6.278364095520062,160284965
1996-05-17,6.187762260437012,6.240081869707533,6.131614313059404,6.152031827289676,137923225
1996-05-20,5.974654674530029,6.088226385809799,5.959341323068486,6.074189291473801,83541716
1996-05-21,5.974654674530029,6.1163005744817935,5.922335068562677,5.927439230042357,124559613
1996-05-22,6.011659622192383,6.058875056416137,5.9988992212671,6.023144633291873,92985121
1996-05-23,5.977207183837891,6.0103855363684655,5.958065926649778,5.997624264731774,58672184
1996-05-24,6.012937068939209,6.034630838583058,5.9848633143257635,6.0231458252108006,47408492
1996-05-27,5.871291160583496,5.991243721413157,5.852149905177377,5.978482884475745,89967043
1996-05-28,5.801106929779053,5.844494041500133,5.700295610351274,5.807487349134097,132615540
1996-05-29,6.152031421661377,6.213283526802313,5.921058361349327,5.921058361349327,223285228
1996-05-30,6.0295281410217285,6.213284931499456,5.9976251738498005,6.201799915338924,198662378
1996-05-31,6.183933734893799,6.240081680569552,6.129061612874218,6.233701261754894,237043353
1996-06-03,6.434047698974609,6.457017295216482,6.238805914163045,6.277088430062399,276972106
1996-06-04,6.397040843963623,6.582073853916287,6.34216872274324,6.514440895252447,321297511
1996-06-05,6.3613104820251465,6.469778042384512,6.278364598571209,6.457017203931798,264354777
1996-06-06,6.529753684997559,6.63311663279794,6.454464056943088,6.454464056943088,316624789
1996-06-07,6.494022846221924,6.518268261959895,6.418733651409655,6.458292417625527,165994289
1996-06-10,6.4570159912109375,6.552722695142488,6.434046399607814,6.5093360259564195,196523274
1996-06-11,6.448085308074951,6.584626639125599,6.293678107897923,6.418735290180568,339058664
1996-06-12,6.5807976722717285,6.673952306891288,6.539963078686402,6.546343063970071,196297965
1996-06-13,6.534857749938965,6.596110283707628,6.5106119011333,6.5463423290760785,116421757
1996-06-14,6.751795291900635,6.787525732863112,6.559105555284388,6.570590572117706,267570558
1996-06-17,6.681607723236084,6.824530300403456,6.662466902729083,6.7887998728672185,227599058
1996-06-18,6.661190509796143,6.737756396311939,6.59738632688503,6.635668836631698,206522383
1996-06-19,6.616528034210205,6.759450194024625,6.5718651031182835,6.7377568570536575,187622215
1996-06-20,6.668846607208252,6.693092454719997,6.5348574011955805,6.559102815196133,145069007
1996-06-21,6.566760540008545,6.670123930811833,6.405972946867593,6.613975985630373,140230643
1996-06-24,6.524648666381836,6.6356682821797675,6.463396569202921,6.510611573909787,121238748
1996-06-25,6.354930400848389,6.551448450603304,6.27836493254792,6.532306758394698,141301976
1996-06-26,6.27581262588501,6.393213121996299,6.252842596060176,6.380451849812068,117371975
1996-06-27,6.330684661865234,6.352378000596745,6.194142909697059,6.241357925409475,127573239
1996-06-28,6.2107319831848145,6.375347502083249,6.189038643299748,6.268156192956711,129283988
1996-07-01,6.113748073577881,6.192865605654371,6.075465564577471,6.1903135250899215,99303582
1996-07-02,6.009108543395996,6.176275663715582,5.972101426415192,6.1252323211460835,112382216
1996-07-03,5.857254981994629,5.954237964792442,5.821524546283217,5.927440029631056,135289865
1996-07-04,5.908299446105957,6.010386602732837,5.755168494409956,5.82280103517626,144279979
1996-07-05,5.896813869476318,6.009109766193821,5.850874244899806,5.945304707975816,110356213
1996-07-08,5.901917457580566,6.002728329975245,5.871291188677486,5.997623735069109,49718582
1996-07-09,5.659460067749023,5.894260587919795,5.563752926388966,5.894260587919795,103955821
1996-07-10,5.664562702178955,5.729643558102686,5.538229760486485,5.6147951928307425,118561751
1996-07-11,5.781964302062988,5.892983919351099,5.691361761767772,5.691361761767772,185369120
1996-07-12,5.67094612121582,5.7908987098474425,5.632663601530669,5.7500641088855495,121187987
1996-07-15,5.821524143218994,5.901917943136937,5.589275676908012,5.616073610213993,149170886
1996-07-16,5.642870903015137,5.97848272633903,5.5650296263514045,5.870014748217628,208768353
1996-07-17,5.7679266929626465,5.900640065845368,5.5892741423145464,5.5892741423145464,119790712
1996-07-18,5.95168399810791,6.041010715859514,5.806210209670784,5.806210209670784,232398238
1996-07-19,5.872568607330322,6.023147033909033,5.810040233563434,5.983588257984852,145490238
1996-07-22,5.766652584075928,5.863635569655643,5.641596272254471,5.755168002112368,55590876
1996-07-23,5.186030864715576,5.792174141397772,5.1617854457764105,5.792174141397772,286435994
1996-07-24,4.914223670959473,5.206447966887392,4.759816502040603,5.0405566515253675,228483375
1996-07-25,4.879767894744873,5.027794176148536,4.8516941466303996,4.912946236569068,147512680
1996-07-26,4.773853302001953,4.849142936502944,4.671766168988354,4.823621261627359,214922062
1996-07-29,4.745779037475586,4.921879528959543,4.7240857028596555,4.798098638765078,116786883
1996-07-30,4.688355445861816,4.772577140391532,4.542880782243597,4.708772957720908,182400913
1996-07-31,4.923155784606934,4.923155784606934,4.64496817113273,4.7815098973588785,131101603
1996-08-01,4.861903667449951,5.155404196454433,4.827449063385709,5.129882090902278,177699694
1996-08-02,4.8172407150268555,4.912947426780866,4.782786108050463,4.874664481972513,115698629
1996-08-05,4.803204536437988,4.976752560983699,4.773854085301696,4.90018752379406,98966063
1996-08-06,4.772578716278076,4.846592112828405,4.704946173612972,4.844039597869767,104682511
1996-08-07,5.008655548095703,5.01120762953148,4.78916787439149,4.817242070719146,119796946
1996-08-08,4.874664783477783,5.090324504430843,4.851695622087842,5.077563233031256,129558277
1996-08-09,4.878493785858154,4.949955094679476,4.828726251210055,4.861905041153455,106431553
1996-08-12,4.814688205718994,4.916775336126863,4.780234032218635,4.900186594690161,81726773
1996-08-13,4.76619815826416,4.837659471303536,4.734296057316182,4.772578578453756,88944690
1996-08-14,4.768747806549072,4.865730750864637,4.74705447567499,4.79809781114866,86158156
1996-08-15,4.768747806549072,4.768747806549072,4.768747806549072,4.768747806549072,0
1996-08-16,4.777681350708008,4.844038048176487,4.740675097783169,4.809583875882459,80130905
1996-08-19,4.630930423736572,4.764920496574186,4.600304592042984,4.75981590228446,73450881
1996-08-20,4.637312412261963,4.696012443167053,4.606686573057489,4.606686573057489,75622935
1996-08-21,4.8338303565979,4.869560790626731,4.720258201834657,4.720258201834657,90067675
1996-08-22,4.821070194244385,4.9422986088972225,4.7981001618144825,4.937194012742349,146607880
1996-08-23,4.850418567657471,4.898910268210264,4.80447938129995,4.821068989524255,76385247
1996-08-26,4.805756092071533,4.874664438385679,4.791718564472364,4.831277766041401,52964641
1996-08-27,4.8108601570129395,4.874664340658463,4.768748875593411,4.8108601570129395,61574490
1996-08-28,4.978027820587158,4.988236576868552,4.900186541641681,4.925708215589544,90476438
1996-08-29,4.986959457397461,5.086494922306705,4.965266124995344,5.002272805927115,163233580
1996-08-30,4.994617462158203,5.012482460636288,4.960162855289938,4.9703716116393775,63996789
1996-09-02,5.0456624031066895,5.076288681822493,4.989514442216743,5.0048273648189525,76755716
1996-09-03,4.9461259841918945,5.129882739746785,4.914223890105633,5.078839389208767,138968732
1996-09-04,4.957611560821533,4.97547699720641,4.874665666019164,4.93974655794801,67474392
1996-09-05,5.004825115203857,5.0175859505550715,4.970370946457819,4.975475107193828,48872558
1996-09-06,4.961439609527588,5.017587563225796,4.948678770074995,5.017587563225796,52351051
1996-09-09,4.827449798583984,4.9525060973323445,4.810860622528674,4.946126111861678,71046392
1996-09-10,4.73812198638916,4.822344104679376,4.710048235966541,4.822344104679376,95716441
1996-09-11,4.701117992401123,4.80830931838475,4.684528812170294,4.772578876390208,59624183
1996-09-12,4.653902053833008,4.694737088198201,4.581164919814596,4.676871652285593,106114517
1996-09-13,4.581164836883545,4.693460745843634,4.559471062702997,4.6704911478068585,85231982
1996-09-16,4.405062675476074,4.5518131442520975,4.37571223491193,4.545432726784546,112576357
1996-09-17,4.467591762542725,4.5045984500559415,4.406339224553004,4.434413412842771,78881462
1996-09-18,4.684527397155762,4.718982004732151,4.459935619874685,4.517359387820326,85640745
1996-09-19,4.481627941131592,4.715152598432464,4.462486255975748,4.644967575557459,107162696
1996-09-20,4.458660125732422,4.542881839869755,4.431862189367453,4.4714209652373915,62393797
1996-09-23,4.356571674346924,4.473972143031333,4.305527898068658,4.443345877264375,107213457
1996-09-24,4.4165472984313965,4.468867329113077,4.357847283728453,4.357847283728453,88283011
1996-09-25,4.4165472984313965,4.528843167215801,4.4050627202774715,4.4612106546696735,71602096
1996-09-26,4.356571674346924,4.415271691933529,4.315736653324311,4.402510856241762,96390589
1996-09-27,4.301700592041016,4.351468556789266,4.288939753289692,4.332326865150976,78583127
1996-09-30,4.380818843841553,4.403788877502643,4.264695019119384,4.282560022840622,95164300
1996-10-01,4.351467609405518,4.411443451776783,4.319564652450381,4.402510953297865,62001064
1996-10-02,4.351467609405518,4.351467609405518,4.351467609405518,4.351467609405518,0
1996-10-03,4.393578052520752,4.54288016654398,4.352743034336966,4.408890967584086,155887423
1996-10-04,4.352743625640869,4.412719904179167,4.314460682515183,4.380817379322558,82012640
1996-10-07,4.208546161651611,4.364228733058879,4.065623994814885,4.364228733058879,130389162
1996-10-08,4.176642894744873,4.209821241298097,4.032444496181458,4.188127907095391,117510010
1996-10-09,4.234067440032959,4.354019566839599,4.154949471038326,4.211097413430128,82283367
1996-10-10,4.31318473815918,4.332325992430277,4.204717197111748,4.204717197111748,90391836
1996-10-11,4.453554630279541,4.540328833153337,4.300423735032982,4.325945406403675,218646347
1996-10-14,4.3680572509765625,4.466316055059996,4.352744331350346,4.439518554091941,90042740
1996-10-15,4.365504741668701,4.410167672411657,4.300424297753033,4.342535147727215,102120395
1996-10-16,4.3744378089904785,4.4905620509128,4.354020293167231,4.434414099154526,107317652
1996-10-17,4.389749526977539,4.412719115342315,4.287661985899477,4.352742847525635,82954843
1996-10-18,4.376988887786865,4.439517238539367,4.351467218135518,4.403786814325247,71505026
1996-10-21,4.376988887786865,4.376988887786865,4.376988887786865,4.376988887786865,0
1996-10-22,4.401235103607178,4.503322234350708,4.378265510027665,4.408891779304099,78266981
1996-10-23,4.7100510597229,4.7100510597229,4.491839609004103,4.491839609004103,138828915
1996-10-24,4.786613941192627,5.002273192556937,4.722809328913618,4.938468580277929,257373746
1996-10-25,4.909119606018066,4.948678378596232,4.743227839235019,4.798099531242661,181469397
1996-10-28,4.865731716156006,4.989512609556057,4.8402096098448135,4.926983817578175,122125737
1996-10-29,4.790442943572998,4.887425915677764,4.748331659527418,4.849142969591897,131632371
1996-10-30,4.790442943572998,4.790442943572998,4.790442943572998,4.790442943572998,0
1996-10-31,4.606686115264893,4.7445036785232055,4.504598549690673,4.710049070953,181593183
1996-11-01,4.578612327575684,4.772577852141292,4.542881459738001,4.643692777009867,147824373
1996-11-04,4.392302989959717,4.531396820769577,4.370609218084075,4.531396820769577,96978353
1996-11-05,4.2315144538879395,4.415271611636656,4.186851096267813,4.389749940717264,125799261
1996-11-06,4.2008891105651855,4.272349970851669,4.124323655394672,4.21109743331076,127944599
1996-11-07,4.291491508483887,4.313185279522968,4.208546062898345,4.255761075990938,98590250
1996-11-08,4.310633659362793,4.351468691439658,4.28128364262429,4.324670322316813,90326826
1996-11-11,4.267244815826416,4.325945264975597,4.19323188456887,4.23151439037334,69336534
1996-11-12,44.78935241699219,44.78935241699219,44.78935241699219,44.78935241699219,0
1996-11-13,4.32339334487915,4.338706261066304,4.265969150532721,4.31318458958398,40786353
1996-11-14,4.260865688323975,4.325946134680065,4.21747814607155,4.306804877929601,61028582
1996-11-15,4.272350311279297,4.282559068349564,4.223859040328983,4.2442765544695185,28730962
1996-11-18,4.347638130187988,4.359123140799632,4.288938120869292,4.30552729163424,49022171
1996-11-19,4.27362585067749,4.370608819637874,4.24938043357083,4.364228401082306,50263599
1996-11-20,4.101354122161865,4.300424221813619,4.087317027914595,4.185575820622993,105971138
1996-11-21,4.027340412139893,4.140912113270082,3.9979899689653173,4.0898687689898745,142338577
1996-11-22,3.9750208854675293,4.033720905896174,3.955879197491909,4.012027137360878,108517224
1996-11-25,4.068175315856934,4.147292843995335,3.906111488657201,3.9571552649615893,112566561
1996-11-26,4.042654514312744,4.133257083896866,4.0005436562294605,4.133257083896866,131269026
1996-11-27,3.9201500415802,3.9469479799332987,3.8410329174819817,3.9329113155432545,98681086
1996-11-28,3.9227025508880615,4.04520722596559,3.899732517894124,3.9431200689862096,91472965
1996-11-29,3.930356979370117,4.05541411157193,3.9150440646261546,3.9482224078307078,41441799
1996-12-02,3.8971807956695557,3.955880400436962,3.88059118320887,3.904837039676772,36179532
1996-12-03,3.8525161743164062,3.917597045132886,3.804024477078839,3.888246601983784,59956358
1996-12-04,3.778502941131592,3.8282704636618643,3.7261833379997937,3.802748790624154,45699524
1996-12-05,3.8448596000671387,3.8767621245620982,3.745324555984415,3.7836070651648974,56226730
1996-12-06,3.883143186569214,3.95332823188107,3.866554009805004,3.8729344290596006,61434673
1996-12-09,3.8793141841888428,3.913768355562967,3.862725010264643,3.904835856838005,32668089
1996-12-10,3.8027491569519043,3.8716579408986047,3.7810553859710554,3.8716579408986047,58670403
1996-12-11,4.060519218444824,4.069451718001606,3.801472829696806,3.830823276190003,80802381
1996-12-12,3.93546199798584,4.109009973353361,3.920148648078183,4.070727465606634,76805587
1996-12-13,3.930356979370117,3.9469461509723938,3.89207447575463,3.930356979370117,37479737
1996-12-16,4.070728778839111,4.157503011272171,3.9533287037331406,3.9533287037331406,68976751
1996-12-17,4.018406867980957,4.109009397193059,3.9814006224192413,4.077107311877391,56358532
1996-12-18,4.093698501586914,4.223859854178751,4.065624739367907,4.109011423387158,117028222
1996-12-19,4.069452285766602,4.109011060980305,4.028617253219041,4.0630718661199605,47032680
1996-12-20,4.191956520080566,4.255761143516167,4.119219396757817,4.120495220449537,94305808
1996-12-23,4.139636516571045,4.230239064548019,4.110286505299663,4.211097375882998,55069013
1996-12-24,4.130703926086426,4.180471887225518,4.078384317595679,4.111563102858831,52333240
1996-12-25,4.130703926086426,4.130703926086426,4.130703926086426,4.130703926086426,0
1996-12-26,4.2800068855285645,4.300424399182844,4.172815155599235,4.211097668567557,50403416
1996-12-27,4.2800068855285645,4.2800068855285645,4.2800068855285645,4.2800068855285645,0
1996-12-30,4.2800068855285645,4.2800068855285645,4.2800068855285645,4.2800068855285645,0
1996-12-31,4.272350311279297,4.338707015480399,4.236619878288998,4.313185339560368,35971143
1997-01-01,4.572231769561768,4.572231769561768,4.38975083172453,4.38975083172453,73244273
1997-01-02,4.59520149230957,4.7368478523844475,4.549262296316601,4.660282381225721,300926152
1997-01-03,4.638587951660156,4.656452949512773,4.537776648805638,4.549261228352145,123780381
1997-01-06,4.625826358795166,4.683250553054936,4.57605927288422,4.66410929947208,71846998
1997-01-07,4.7891669273376465,4.812136522740159,4.5696792970369335,4.606686421338734,217604402
1997-01-08,4.790442943572998,4.938469265777237,4.7534362546441224,4.912947590727501,162491751
1997-01-09,4.775130271911621,4.8210694627787065,4.735571066625274,4.7725777574657835,79652679
1997-01-10,4.796822547912598,4.8708354796928885,4.772576700625144,4.844037552036014,100593990
1997-01-13,4.805756092071533,4.822344833342952,4.652625181229838,4.748331458616843,124518648
1997-01-14,4.852970600128174,4.887425203231839,4.778957233059442,4.849142262726522,120202146
1997-01-15,5.193687438964844,5.193687438964844,4.900186868455901,4.925708544105912,167833277
1997-01-16,4.985683441162109,5.557371504389776,4.878491739645793,5.487186482373671,252687666
1997-01-17,4.956334590911865,5.049489223036319,4.805756191171073,4.851695378668645,143173024
1997-01-20,4.784062385559082,4.9742004370152415,4.752160289784666,4.926984554948786,76494785
1997-01-21,4.660282611846924,4.804480626765639,4.624552172474365,4.747056845688391,101668886
1997-01-22,4.891253471374512,4.976751423504042,4.736846741417207,4.749607578032213,148847616
1997-01-23,4.891253471374512,4.891253471374512,4.891253471374512,4.891253471374512,0
1997-01-24,4.888701915740967,4.944849862983343,4.851695658987918,4.919328187012612,74092077
1997-01-27,5.226864814758301,5.231968975530749,4.978027223099636,4.978027223099636,126611443
1997-01-28,5.3468194007873535,5.4463544754130595,5.187308463410488,5.4106236023335565,168520782
1997-01-29,5.194962501525879,5.538230520721695,5.054592884218738,5.499948016050068,195489344
1997-01-30,5.021416187286377,5.171995055113959,4.956335728973082,5.078840401599571,152846191
1997-01-31,4.696012496948242,4.8491434287695405,4.670490819481794,4.772577962858891,147339022
1997-02-03,4.542881011962891,4.638588157830896,4.467591812497677,4.540329364740511,113440191
1997-02-04,4.688355445861816,4.744503386718703,4.530120379220701,4.542880782243597,163885464
1997-02-05,4.683250904083252,4.884873077326367,4.657729230726492,4.852970985630417,78253623
1997-02-06,4.758540153503418,4.791718502640614,4.606685935235466,4.6730426335098585,103017180
1997-02-07,4.795547008514404,4.832553259840763,4.708772802725173,4.7751294973273835,82106148
1997-02-10,4.970371246337891,5.016310429778408,4.8210686834006005,4.861903705797156,157098573
1997-02-11,4.9971699714660645,5.053317924318979,4.904015758162279,4.963992049495603,82182735
1997-02-12,5.008655548095703,5.091601446093727,4.963992605679812,4.963992605679812,91577160
1997-02-13,4.963990211486816,4.998444378030565,4.934639771841662,4.963990211486816,39585000
1997-02-14,5.015035152435303,5.080116036282089,4.965267621734254,4.976752203082258,71355414
1997-02-17,5.053317546844482,5.122226767321797,5.0048262745746035,5.103085509860893,62608420
1997-02-18,4.942297458648682,5.053317088664904,4.925708283651099,5.041832508634174,67683671
1997-02-19,4.960164546966553,4.989514568914373,4.838935686538266,4.9754774699576,75052982
1997-02-20,4.897634983062744,4.9512304173645605,4.87466495384745,4.925708740695954,43990557
1997-02-21,4.819793224334717,4.87466491544217,4.801927790700671,4.8619045107196905,62522927
1997-02-24,4.653902053833008,4.768750046095935,4.634760794041076,4.747056705034015,56120754
1997-02-25,4.618170738220215,4.7151537096583365,4.555642374671412,4.619446561857174,75093057
1997-02-26,4.655176639556885,4.676870408360171,4.562022446643803,4.568402864877421,56311332
1997-02-27,4.850418567657471,4.874664417933867,4.696011833871847,4.696011833871847,104010145
1997-02-28,5.180926322937012,5.23962678069575,5.003549559564817,5.180926322937012,62139099
1997-03-03,5.289393901824951,5.47825523079969,5.117121746567664,5.22431303046497,193483823
1997-03-04,5.328952312469482,5.378719834356245,5.248558956737962,5.308534800898828,129055116
1997-03-05,5.371064186096191,5.614797227811638,5.289394564301171,5.525470929953834,160728460
1997-03-06,5.298325538635254,5.357025987167391,5.263871803986823,5.283012623176669,89887784
1997-03-07,55.611671447753906,55.611671447753906,55.611671447753906,55.611671447753906,0
1997-03-10,5.059698581695557,5.2051728372546195,5.034176904162051,5.2051728372546195,90796146
1997-03-11,4.8236212730407715,5.078839322934284,4.747055814721592,5.002273864615105,87724635
1997-03-12,4.928260803222656,5.015034582640535,4.875940763934247,4.976751637637095,53030542
1997-03-13,4.851694583892822,4.963990453493746,4.817239982158165,4.951229184824892,40002668
1997-03-14,4.844038009643555,4.925708057269702,4.778957569763794,4.785338421556913,66391481
1997-03-17,4.82234525680542,4.893806557111991,4.770025647168374,4.861904461848252,49774687
1997-03-18,4.747055530548096,4.831277659710773,4.722809680703596,4.822344727208927,61285061
1997-03-19,4.669213771820068,4.859351363888848,4.647520436348,4.837658028416779,39448746
1997-03-20,4.699841022491455,4.775130667634772,4.595201360390285,4.629655973151554,88715819
1997-03-21,4.708773136138916,4.771301497632099,4.693459784908752,4.740675228683016,42424077
1997-03-24,4.708773136138916,4.708773136138916,4.708773136138916,4.708773136138916,0
1997-03-25,4.680699348449707,4.759816891538686,4.657729753150044,4.759816891538686,47545637
1997-03-26,4.673043251037598,4.724086605063893,4.657729898020673,4.721534090553542,24917622
1997-03-27,4.688355445861816,4.712600861872162,4.629654990889121,4.651348326294888,37321219
1997-03-28,4.688355445861816,4.688355445861816,4.688355445861816,4.688355445861816,0
1997-03-31,4.225134372711182,4.360399846274196,4.220030211525208,4.360399846274196,862944
1997-04-01,4.140912055969238,4.171538322220292,3.835926950986146,3.8537919478325224,52951283
1997-04-02,4.259589672088623,4.337431394192909,4.213650479884351,4.236620075986488,24012822
1997-04-03,4.240448951721191,4.274903566997076,4.211098499109922,4.2621422933128335,20242228
1997-04-04,4.1817474365234375,4.193232449919953,4.140912411350819,4.1587778432416505,17235727
1997-04-07,4.103905200958252,4.160053130728132,4.086040206742602,4.14729229671377,24512421
1997-04-08,4.103905200958252,4.103905200958252,4.103905200958252,4.103905200958252,0
1997-04-09,4.311910152435303,4.331051847636948,4.214927586466765,4.214927586466765,30398964
1997-04-10,4.1894049644470215,4.297872534429144,4.121772427945321,4.26086627303776,35509838
1997-04-11,4.22258186340332,4.262140625867542,4.013303039312994,4.08348806631728,40382934
1997-04-14,44.320556640625,44.320556640625,44.320556640625,44.320556640625,0
1997-04-15,4.207269191741943,4.237895461212792,4.188128369400635,4.212373786742711,22659184
1997-04-16,4.207269191741943,4.207269191741943,4.207269191741943,4.207269191741943,0
1997-04-17,4.322118282318115,4.334879121585735,4.226411554299642,4.259589909799983,37606195
1997-04-18,4.322118282318115,4.322118282318115,4.322118282318115,4.322118282318115,0
1997-04-21,4.53139591217041,4.570954676293798,4.402510864525385,4.428032535956938,44591679
1997-04-22,4.481627941131592,4.638587158342563,4.447173341362231,4.593923804327138,34961258
1997-04-23,4.733018398284912,4.795547191244474,4.4982178777097355,4.519911646739272,146990817
1997-04-24,4.655176639556885,4.790442546536551,4.63475956131604,4.727913754229123,71172851
1997-04-25,4.639863967895508,4.669213980024688,4.607961875040147,4.616894807848648,51329589
1997-04-28,4.66666316986084,4.74195238960475,4.607963129620596,4.639865231161735,70296548
1997-04-29,4.607962608337402,4.681975562242285,4.582440929991671,4.6194471901884535,61619908
1997-04-30,4.733018398284912,4.823620945062942,4.722809642302407,4.823620945062942,61414191
1997-05-01,4.733018398284912,4.733018398284912,4.733018398284912,4.733018398284912,0
1997-05-02,4.630930423736572,4.694735468046594,4.6168941983512,4.670489620570576,46019232
1997-05-05,4.419100284576416,4.5735070122805075,4.396130258791121,4.55564201468469,55687947
1997-05-06,4.406339168548584,4.449726707539949,4.333602051554806,4.415272101169743,75380705
1997-05-07,4.5543670654296875,4.632208796913384,4.5045995289598535,4.568404162936619,117168929
1997-05-08,4.550538063049316,4.581163898484107,4.530120550418626,4.547985548837046,38344462
1997-05-09,4.5211873054504395,4.567126488941162,4.509702726333367,4.556917733330867,37825271
1997-05-12,4.428033828735352,4.5275688965914265,4.420377151666014,4.514808057150083,37543857
1997-05-13,4.410168170928955,4.443346958718523,4.3833706695607955,4.415272766554776,42417843
1997-05-14,4.454832077026367,4.472697080091155,4.369334099971193,4.421653718750208,60673252
1997-05-15,4.440794467926025,4.4612119835160104,4.402511951328284,4.451003225721018,27852879
1997-05-16,4.509702205657959,4.555641383844695,4.421651752874077,4.421651752874077,84722587
1997-05-19,4.590095520019531,4.653900126412526,4.540328438576167,4.562021770653757,94279982
1997-05-20,4.568403720855713,4.607962494720739,4.551814543637757,4.569679544634751,33182827
1997-05-21,4.559470176696777,4.618170634505144,4.525016003092491,4.5620226909358905,83889031
1997-05-22,4.536499977111816,4.578610816761394,4.521186629231134,4.574782046280073,38255407
1997-05-23,4.439517498016357,4.535224198313859,4.4216520681095295,4.525015443154414,95423450
1997-05-26,4.302977561950684,4.361678036844174,4.287664206103957,4.300425480480021,63714484
1997-05-27,4.26979923248291,4.331051789280083,4.253209619027886,4.325947192791296,38103123
1997-05-28,4.262140274047852,4.322116541254689,4.254484033678209,4.315736124191081,28465578
1997-05-29,4.3093581199646,4.3221189612366935,4.239173059456696,4.243001398540601,39179799
1997-05-30,4.398682594299316,4.435689278547074,4.294042959511391,4.31573672736855,91167506
1997-06-02,4.457382678985596,4.4714197720999875,4.415271833153635,4.421652251203592,55896336
1997-06-03,4.467591762542725,4.517359287092655,4.453555101909087,4.490561355911058,61794456
1997-06-04,4.439517498016357,4.51353043103334,4.431860823268974,4.49821751504977,43608510
1997-06-05,4.454832077026367,4.5403304875928985,4.435690816523512,4.447175399420682,52949502
1997-06-06,4.411443710327148,4.481628745803811,4.396130359452976,4.466315394929639,57569681
1997-06-09,4.322118282318115,4.389751250650089,4.315737862684305,4.387199169498829,56674677
1997-06-10,4.360400199890137,4.4050635646899945,4.314461011445934,4.314461011445934,90991177
1997-06-11,4.498218536376953,4.5518144047552624,4.402511814349098,4.402511814349098,98711365
1997-06-12,4.546710014343262,4.560747110696695,4.495666658165419,4.5173599978387395,49469228
1997-06-13,4.656453609466553,4.758540750344246,4.570955645238158,4.570955645238158,99340985
1997-06-16,4.592648029327393,4.740674317186527,4.573506343970088,4.657728459008744,60080145
1997-06-17,4.73684549331665,4.84914134615361,4.624549640479691,4.643690890358717,71825625
1997-06-18,5.004825115203857,5.060973484367099,4.82617255326449,4.887425083163742,207917877
1997-06-19,5.0290703773498535,5.0967037563968836,4.925707440716742,4.951229110649741,132029557
1997-06-20,4.955056667327881,5.087770023692516,4.912945831869443,5.053315427901271,111037484
1997-06-23,4.883596897125244,5.002273189780947,4.864455209994323,4.978027341755915,73954933
1997-06-24,4.815964221954346,4.910394671967334,4.786614211362319,4.896357578441644,112639586
1997-06-25,4.813412666320801,4.9320889786838205,4.800651828455264,4.914223979076579,45484902
1997-06-26,4.775130271911621,4.90018700632883,4.715153985637569,4.849143220081355,67876030
1997-06-27,4.678147315979004,4.7840623600884244,4.657729801387567,4.761093198062166,55488463
1997-06-30,4.761092185974121,4.778957182310516,4.644967975742771,4.644967975742771,51517495
1997-07-01,5.095427513122559,5.095427513122559,4.902737864186291,4.912946618889027,113362713
1997-07-02,5.405519008636475,5.452734894336621,5.219210148059924,5.270253505227239,212065173
1997-07-03,5.5471649169921875,5.635214961098158,5.427212343723046,5.49739695415719,336936480
1997-07-04,5.62628173828125,5.738577620764205,5.570133797039772,5.667116762279136,268729165
1997-07-07,5.452733993530273,5.646699499042826,5.436144384977958,5.5714102995522214,247887595
1997-07-08,5.326401233673096,5.448905892626077,5.266424944720862,5.423384215118336,190945752
1997-07-09,5.64542293548584,5.691362120258091,5.452733697555349,5.519090394117763,200317913
1997-07-10,5.568858623504639,5.728369979332332,5.526747767757839,5.704124124927173,158600933
1997-07-11,5.468048572540283,5.536957374372252,5.442526890419861,5.493570254660705,102498879
1997-07-14,5.212828159332275,5.455284899919235,5.143918954280226,5.423382811292317,121306430
1997-07-15,5.309812545776367,5.385101321809095,5.23324707893904,5.29832709715937,105486679
1997-07-16,5.295775413513184,5.487188429035365,5.270253302400428,5.4501821699177855,89121910
1997-07-17,5.325125694274902,5.3531994543303405,5.225590626465814,5.25621646770605,71153259
1997-07-18,5.325125694274902,5.325125694274902,5.325125694274902,5.325125694274902,0
1997-07-21,5.154128074645996,5.206447677106811,5.078838880043573,5.155404331686006,72651166
1997-07-22,5.289393901824951,5.359578500735448,5.1707171717607086,5.179649670374347,91023237
1997-07-23,5.520366191864014,5.549716202358512,5.37616821997556,5.410621958126909,190000877
1997-07-24,5.466770172119141,5.571409808115835,5.4131743138661035,5.515261435842206,155343296
1997-07-25,5.422108173370361,5.48080820268283,5.359579372372091,5.436144835328535,138001593
1997-07-28,5.410623073577881,5.484636893863427,5.3748926375015085,5.448906024275741,83449099
1997-07-29,5.456562042236328,5.460390380194973,5.313639881677413,5.38510074520124,113374291
1997-07-30,5.5522685050964355,5.599483948590804,5.451457199636702,5.4616659558925456,164940767
1997-07-31,5.632662773132324,5.653080287366128,5.538231878178799,5.621178192320358,138228684
1997-08-01,5.573962688446045,5.612245638602332,5.526747671286168,5.609693124016952,90272502
1997-08-04,5.636489391326904,5.728367743832069,5.544611038821739,5.586721878134749,148650804
1997-08-05,5.632662773132324,5.697743653941486,5.5663060686281,5.640319015836542,110481780
1997-08-06,5.831732749938965,5.870015263096479,5.670945154250357,5.767928127831838,38486950
1997-08-07,5.584170341491699,5.727092489011183,5.5356790766325545,5.664564130754764,95173205
1997-08-08,5.456562042236328,5.572686270595993,5.4361445287977315,5.5446125147513685,94973722
1997-08-11,5.437422275543213,5.454011455567792,5.374893460940937,5.436146018036945,52102587
1997-08-12,5.327675819396973,5.558647968801741,5.283012464260231,5.48208252678959,116616787
1997-08-13,5.3021559715271,5.354475589660101,5.263873884505433,5.3098130825495975,54751977
1997-08-14,5.248558521270752,5.30725853703269,5.228141011394116,5.30725853703269,60377589
1997-08-15,5.248558521270752,5.248558521270752,5.248558521270752,5.248558521270752,0
1997-08-18,5.180926322937012,5.2243134293190145,5.1298825408666415,5.212828849297712,37314094
1997-08-19,5.175821304321289,5.302154275282464,5.156680483689589,5.18730675042498,106166169
1997-08-20,5.239626884460449,5.25493980262919,5.155404750754228,5.161785169450476,47550090
1997-08-21,5.0124831199646,5.2766336956627855,4.992065604580056,5.2638732904365755,118842275
1997-08-22,4.9206037521362305,5.017586722644533,4.907843348332677,4.990788790878933,58889478
1997-08-25,4.812137126922607,4.887426775177743,4.683252038340015,4.861905095639779,64483921
1997-08-26,4.830001354217529,4.887425990986802,4.785338855703561,4.810860531146554,89099646
1997-08-27,4.9052910804748535,5.011206555721866,4.8899781616301,4.9512302705203926,66239197
1997-08-28,4.778958320617676,4.895082558508829,4.7649216582988645,4.877217557917143,53709142
1997-08-29,4.600304126739502,4.75215874694246,4.5632974475490435,4.75215874694246,73307502
1997-09-01,4.661557197570801,4.696011803874471,4.591372594896454,4.638588038050006,33472257
1997-09-02,4.712601184844971,4.758540372920702,4.58754445802645,4.657729497285419,57859110
1997-09-03,4.7138776779174805,4.785338977898421,4.683251406497077,4.772577706339793,49886896
1997-09-04,4.661557197570801,4.734294747935355,4.597753013321395,4.708773074235593,43675302
1997-09-05,4.721533298492432,4.743227067123404,4.664109534845977,4.693459545189743,49012375
1997-09-08,4.718981742858887,4.727913808274585,4.652625045661735,4.696011716741813,27598181
1997-09-09,4.8108601570129395,4.863179761006763,4.754712215298137,4.759816376585285,92615542
1997-09-10,4.740675449371338,4.798099218623914,4.72536253093957,4.782786300192147,43938014
1997-09-11,4.726637840270996,4.781509956243916,4.711324489994266,4.759816187855621,25010239
1997-09-12,4.65134859085083,4.702392373401788,4.632207768472194,4.684527374642394,33827586
1997-09-15,4.662834167480469,4.675594571583472,4.644968734713732,4.657729572328002,16219608
1997-09-16,4.637312412261963,4.704945376987048,4.619446978133271,4.673043280519346,40810398
1997-09-17,4.699841022491455,4.73940023105614,4.666662667058871,4.670491005533603,24538247
1997-09-18,4.568403720855713,4.619447076288619,4.542881609627952,4.619447076288619,44336981
1997-09-19,4.5109782218933105,4.586267843234609,4.504597804289633,4.544156566836912,30114879
1997-09-22,4.391026496887207,4.479076969869999,4.382093997277092,4.466315698769637,22811468
1997-09-23,4.364229202270508,4.415272993596956,4.342535861901347,4.342535861901347,31410631
1997-09-24,4.41399621963501,4.613066332242093,4.406339543454344,4.4407941527560615,27577698
1997-09-25,4.440794467926025,4.453555740303247,4.385922340589026,4.38975111246237,20456851
1997-09-26,4.420376300811768,4.479076757858876,4.415272139422234,4.457382988175245,21791787
1997-09-29,4.459935188293457,4.514806870167249,4.430584745081265,4.453554770250253,25363788
1997-09-30,4.408892631530762,4.4548318275697065,4.392303453321625,4.45355600371444,24049334
1997-10-01,4.371884822845459,4.433137357635019,4.319564786812667,4.433137357635019,42099026
1997-10-02,4.371884822845459,4.371884822845459,4.371884822845459,4.371884822845459,0
1997-10-03,4.371884822845459,4.371884822845459,4.371884822845459,4.371884822845459,0
1997-10-06,4.371884822845459,4.371884822845459,4.371884822845459,4.371884822845459,0
1997-10-07,4.371884822845459,4.371884822845459,4.371884822845459,4.371884822845459,0
1997-10-08,4.371884822845459,4.371884822845459,4.371884822845459,4.371884822845459,0
1997-10-09,4.408892631530762,4.415273051341097,4.355296758314882,4.364229259347084,21131889
1997-10-10,4.5109782218933105,4.5390519726472585,4.412719443987718,4.41782403817737,59536909
1997-10-13,4.468867301940918,4.657728613477476,4.453554386658399,4.555641500067937,51815830
1997-10-14,4.499495029449463,4.653901789931206,4.44717498206914,4.466316240775656,61777536
1997-10-15,4.731741905212402,4.767472766124619,4.574782669132451,4.574782669132451,94195380
1997-10-16,4.768747806549072,4.842761163199259,4.7100477973498975,4.796821987868501,68308838
1997-10-17,4.750884532928467,4.8044799678815755,4.734295356190023,4.778958290902829,55996968
1997-10-20,4.696012496948242,4.759817124125667,4.619447031037592,4.7266387700147625,51171071
1997-10-21,4.542881011962891,4.70877319582885,4.491837663245288,4.696011925138198,54075158
1997-10-22,4.499495029449463,4.616895529836468,4.486733756800468,4.593925499175067,33730516
1997-10-23,4.4127197265625,4.530120198308218,4.369332623972422,4.504598092747977,40237774
1997-10-24,4.3208417892456055,4.396130555858605,4.282558843861045,4.389750570724308,37183183
1997-10-27,4.31318473815918,4.338706410520642,4.262140959925039,4.295319740910643,24708342
1997-10-28,3.8933510780334473,4.29149079830013,3.8818660658231474,4.29149079830013,58999016
1997-10-29,4.183024883270264,4.262142441909645,3.8321000322356173,3.8321000322356173,63235368
1997-10-30,4.103905200958252,4.191955215764038,3.981400587504773,4.180470638555569,18247393
1997-10-31,4.103905200958252,4.103905200958252,4.103905200958252,4.103905200958252,0
1997-11-03,4.094973564147949,4.203441554562824,4.019684793080149,4.131980688099846,22880041
1997-11-04,4.086040019989014,4.115389590071702,4.0515854229160775,4.083487506493889,24562292
1997-11-05,4.138360977172852,4.177919747278245,4.040102180493895,4.083488855083909,36533081
1997-11-06,4.144740581512451,4.15367351385219,4.072003900321388,4.135808082683939,26404842
1997-11-07,4.147292613983154,4.175366364260175,4.109009675500266,4.160053448973725,28354259
1997-11-10,4.112837791442871,4.1472923908728125,4.109009454449416,4.1217707222646505,17440554
1997-11-11,4.110287189483643,4.144741367793327,4.092421754926218,4.120495513789246,21506811
1997-11-12,4.034997940063477,4.128152583278398,4.020960844014915,4.10901089161613,24527560
1997-11-13,3.9367382526397705,4.032444966000021,3.9073886736284162,4.020960385822645,29066700
1997-11-14,3.9367382526397705,3.9367382526397705,3.9367382526397705,3.9367382526397705,0
1997-11-17,3.934185743331909,3.9533274307278763,3.8308227989497285,3.8346507029177137,13979872
1997-11-18,3.8844196796417236,3.9303588795951665,3.85634591678634,3.9239784592411535,23069728
1997-11-19,3.7963688373565674,3.8512409613220386,3.7427725370925113,3.830823446986574,23140972
1997-11-20,3.774674654006958,3.815509240021978,3.65217002893953,3.7529804538057836,18868998
1997-11-21,3.5181798934936523,3.7312870516273358,3.510523652607458,3.7312870516273358,60459520
1997-11-24,3.27189564704895,3.5105245351500476,3.27189564704895,3.5105245351500476,42392017
1997-11-25,3.3586692810058594,3.391847846828728,3.1302491752753707,3.2540296389800214,44269299
1997-11-26,3.3676021099090576,3.4454436071228685,3.35356501556045,3.3944000414795807,19589454
1997-11-27,3.4467201232910156,3.4582051384829215,3.3203869069809526,3.3203869069809526,32551427
1997-11-28,3.319110870361328,3.422474483171008,3.285932734482898,3.4084373877847582,38201974
1997-12-01,3.3178348541259766,3.3267675709602478,3.255306486553011,3.2846562844939604,21277939
1997-12-02,3.288484811782837,3.3267677622708614,3.2642389575907984,3.3229394238709276,20375811
1997-12-03,3.2808282375335693,3.3152821958790732,3.2438211145711553,3.2923128180635257,12563005
1997-12-04,3.2234036922454834,3.3178345812080727,3.127697196424398,3.2502018405439386,22203222
1997-12-05,3.1621508598327637,3.2667904883763517,3.126420217957169,3.196605461544556,31318904
1997-12-08,3.1315252780914307,3.168532184954526,3.1034515213448857,3.1455623732203413,22315431
1997-12-09,3.063892364501953,3.1774642846499983,3.0281617193362367,3.13918177567729,30518298
1997-12-10,3.0141243934631348,3.103450891108903,2.9758418874435693,3.103450891108903,31150590
1997-12-11,3.089414596557617,3.1136604500706495,2.973290358064483,3.011573307480392,43722501
1997-12-12,3.1251444816589355,3.2055382655532183,3.056235709825776,3.126420305102709,42261106
1997-12-15,3.2438206672668457,3.2527535992375323,3.1136597938156783,3.1136597938156783,47906310
1997-12-16,3.2833802700042725,3.310177987207878,3.1953302252176554,3.2476498358957016,39343661
1997-12-17,3.2808282375335693,3.366326413721451,3.248925493004266,3.366326413721451,18184164
1997-12-18,3.2502012252807617,3.3433556227282217,3.229783932962916,3.2731705978549934,37007745
1997-12-19,3.278275489807129,3.291036760114898,3.220851507467118,3.2412690197460634,16052185
1997-12-22,3.3203864097595215,3.330595166119815,3.2859324531214966,3.2923126549021506,17853770
1997-12-23,3.368877649307251,3.4007797376180022,3.3305947098231616,3.3305947098231616,30662568
1997-12-24,3.3203864097595215,3.3395278821239773,3.255306184040617,3.255306184040617,20178108
1997-12-25,3.3203864097595215,3.3203864097595215,3.3203864097595215,3.3203864097595215,0
1997-12-26,3.3752591609954834,3.3918485557520426,3.3178351666676416,3.3178351666676416,16899099
1997-12-29,3.4811744689941406,3.4964876056094853,3.3829156634125637,3.3918483806270947,33797308
1997-12-30,3.4314064979553223,3.5054198737362983,3.408437121108446,3.490106739082756,30771215
1997-12-31,3.4633090496063232,3.5118003178955908,3.4224742403217747,3.456928197465199,20681270
1998-01-01,3.4607560634613037,3.4824493957839584,3.409712291068047,3.4479952287407816,13231809
1998-01-02,3.6011271476745605,3.6228204862336955,3.4824503969315086,3.4824503969315086,71521947
1998-01-05,3.6202681064605713,3.6725879328301954,3.601127066066406,3.634305201774942,37827052
1998-01-06,3.5641207695007324,3.621545201057947,3.534770966894714,3.621545201057947,29341880
1998-01-07,3.5717763900756836,3.6304764114278836,3.5245611649339406,3.598574103396341,27872471
1998-01-08,3.449272394180298,3.5488072409312448,3.4352352980036804,3.5488072409312448,35180334
1998-01-09,3.3356995582580566,3.4263021087680645,3.310177667250528,3.4263021087680645,39525333
1998-01-12,3.168532609939575,3.292313318039888,3.128973833642228,3.2808287357658625,54659360
1998-01-13,3.1825687885284424,3.2667911410102204,3.1672558699924473,3.1915017217264356,41005429
1998-01-14,3.1659798622131348,3.2769999316552734,3.1442865246042238,3.2540299033475706,39151302
1998-01-15,3.183845281600952,3.2017102810818128,3.104727523829665,3.14556233476389,34997771
1998-01-16,3.234889030456543,3.259134450181618,3.159599606507486,3.191501919486283,33156111
1998-01-19,3.3025217056274414,3.342080694238511,3.1927776733502418,3.219576040506982,35249797
1998-01-20,3.2872087955474854,3.376535536176447,3.2693433607194295,3.336976544847745,33977199
1998-01-21,3.3395273685455322,3.3676015525966845,3.269342341928832,3.288483811349564,33061712
1998-01-22,3.2285079956054688,3.2884842759045383,3.2182992393729943,3.2846559381284552,30386497
1998-01-23,3.201709747314453,3.2412687279829093,3.192777032307589,3.2182989203589156,18915307
1998-01-26,3.201709747314453,3.201709747314453,3.201709747314453,3.201709747314453,0
1998-01-27,3.1391823291778564,3.2106434153536956,3.120040854560867,3.190225900230413,31100719
1998-01-28,3.1213157176971436,3.1774638670060473,3.0957940484032243,3.1289726086453675,25299668
1998-01-29,3.137906312942505,3.151942975375946,3.090690646287976,3.106003782748881,17813695
1998-01-30,3.222127914428711,3.228508333552979,3.1481149658849423,3.154495168253567,27917889
1998-02-02,3.234889030456543,3.2642388289284514,3.197882121975265,3.2374411114521355,17476176
1998-02-03,3.200434684753418,3.2374411602815587,3.190225927105775,3.2348890792474734,15008459
1998-02-04,3.174912452697754,3.2565822884303355,3.1595993178562147,3.2374408156895047,23657492
1998-02-05,3.1863973140716553,3.2106431655832712,3.1723602193274956,3.1774645977112232,10775669
1998-02-06,3.174912452697754,3.2029862081071343,3.1685320340360197,3.201710167725913,10805057
1998-02-09,3.1353533267974854,3.1685318925167474,3.104727275237916,3.1685318925167474,18440643
1998-02-10,3.0945181846618652,3.1264202730975255,3.088137766974733,3.1174879917933733,17829725
1998-02-11,3.070272445678711,3.122592479474973,3.0396463963487172,3.090689956402442,17470833
1998-02-12,3.0753774642944336,3.0881385195340787,3.0447514085817096,3.0626168425660834,10620713
1998-02-13,3.1225924491882324,3.1353530681333925,3.0677205522171227,3.0677205522171227,17109269
1998-02-16,3.1225924491882324,3.1225924491882324,3.1225924491882324,3.1225924491882324,0
1998-02-17,3.127697229385376,3.1774645383750086,3.1200405535749494,3.1366295120677417,16071777
1998-02-18,3.1072797775268555,3.1544950066814796,3.1008991419737577,3.1468383307200147,14203400
1998-02-19,3.117488145828247,3.1417335608328374,3.107279390322184,3.1111075110702537,9320508
1998-02-20,3.0843100547790527,3.1366296638219953,3.0766538121094635,3.120040704526607,14915841
1998-02-23,3.1187636852264404,3.126419925493042,3.0855851267821723,3.0868616003377474,10476444
1998-02-24,3.114936590194702,3.141734308833755,3.1072801301200665,3.1315255508971362,15144713
1998-02-25,3.205538749694824,3.2221277083033093,3.1417339122669237,3.1455622501988363,24070708
1998-02-26,3.2234036922454834,3.2476495430488175,3.1774645048895622,3.2182993140108667,26391484
1998-02-27,3.379087209701538,3.416093684313919,3.236165039682586,3.2412694183800945,68939348
1998-03-02,3.5283896923065186,3.543702828877131,3.4071615072895325,3.4071615072895325,55872291
1998-03-03,3.3561174869537354,3.5347700728015297,3.302521407741524,3.49903964233422,31889747
1998-03-04,3.476069927215576,3.507972239480189,3.3624979903412284,3.3816394644022534,38323979
1998-03-05,3.439063549041748,3.522009433190976,3.407161452642544,3.46458544291676,27214353
1998-03-06,3.432682991027832,3.4696894623696366,3.4007802476655393,3.419921720278414,22113276
1998-03-09,3.4926583766937256,3.5028671318342166,3.435234399972961,3.477345243982989,27872471
1998-03-10,3.53859806060791,3.6598268825509765,3.4773457378217514,3.496487210617467,60597555
1998-03-11,3.4747931957244873,3.7121457647307863,3.419921085570662,3.6240955272664297,45229313
1998-03-12,3.464585542678833,3.5092486956794344,3.4365113502301043,3.4365113502301043,29903818
1998-03-13,3.464585542678833,3.464585542678833,3.464585542678833,3.464585542678833,0
1998-03-16,3.5449788570404053,3.6266486917225795,3.493935291647406,3.493935291647406,39791608
1998-03-17,3.655998706817627,3.6993858158731934,3.4913829871970274,3.5118005012833264,59279540
1998-03-18,3.7517058849334717,3.8027496764099027,3.6827970915737867,3.722355867401272,100048973
1998-03-19,3.7363922595977783,3.802748959247225,3.7006613955471166,3.7733985137389143,50958229
1998-03-20,3.818061590194702,3.851240371037943,3.6802440398206944,3.71342238715272,87560774
1998-03-23,3.8793141841888428,3.902283776275333,3.828270405379297,3.853792078028459,21443582
1998-03-24,3.8703811168670654,3.980124912343851,3.856344457506672,3.950774903119456,68567988
1998-03-25,3.93929123878479,3.9686412548231313,3.879314949419407,3.904836627102955,41277047
1998-03-26,3.847412109375,3.981401773460103,3.829546676326562,3.93546258391986,47025555
1998-03-27,3.892075300216675,3.904836137458311,3.7963685873931503,3.8282706804972406,47004182
1998-03-30,3.8027491569519043,3.9431192392039485,3.7899883192037676,3.9112167113223366,45602454
1998-03-31,3.7593610286712646,3.820613553459411,3.7274585094440895,3.792539371220389,43009169
1998-04-01,3.881866931915283,3.890799432175445,3.8027493862962296,3.8129581438126845,32053609
1998-04-02,3.913769245147705,3.978850132111415,3.8729346463297425,3.879315065942278,63697564
1998-04-03,3.991610527038574,4.006923445701946,3.9073888241231223,3.9073888241231223,64626409
1998-04-06,4.226410865783691,4.282558809521067,4.0069232523052,4.0069232523052,118556408
1998-04-07,4.183024883270264,4.285112475235305,4.1472944428381835,4.285112475235305,54949680
1998-04-08,4.183024883270264,4.183024883270264,4.183024883270264,4.183024883270264,0
1998-04-09,4.1817474365234375,4.2697979053629895,4.140912411350819,4.236619555788049,60924388
1998-04-10,4.1575026512146,4.228963956122348,4.147293893370636,4.171539313927654,47650722
1998-04-13,4.05541467666626,4.13453220863835,4.034997165155161,4.11156261656617,46491224
1998-04-14,4.05541467666626,4.05541467666626,4.05541467666626,4.05541467666626,0
1998-04-15,4.203441619873047,4.228963729873182,4.1370849141930135,4.1370849141930135,32985125
1998-04-16,4.149845600128174,4.221306465078677,4.121771843723073,4.185576032603426,35600674
1998-04-17,4.165158271789551,4.172814947405709,4.1217715993279755,4.1217715993279755,23547954
1998-04-20,4.135807991027832,4.216201779236464,4.121771331325882,4.180471351203034,27754027
1998-04-21,4.110287189483643,4.166435140721007,4.089869673849817,4.13580886727027,31123873
1998-04-22,4.1345319747924805,4.491837105494143,4.121771139197592,4.2085453414562695,38687324
1998-04-23,3.9520511627197266,4.131980442410172,3.931633649655403,4.098801658547205,42104369
1998-04-24,3.8971807956695557,3.963537511466885,3.8180628061708255,3.958432915284054,33726954
1998-04-27,3.7963688373565674,3.9048363945635316,3.7733988085957084,3.9048363945635316,36106507
1998-04-28,3.731287956237793,3.802749256412196,3.7108704419022494,3.7772271467371255,34003916
1998-04-29,3.8716580867767334,3.978849821517934,3.8614493294913195,3.930358116034397,38742539
1998-04-30,3.8767619132995605,3.892074829435038,3.837202715719777,3.8767619132995605,27118174
1998-05-01,3.8767619132995605,3.8767619132995605,3.8767619132995605,3.8767619132995605,0
1998-05-04,3.9762966632843018,3.99671417454945,3.8818662155720114,3.9048358073674994,44211413
1998-05-05,4.072004318237305,4.082213075165298,3.962260072883556,3.9814017630680887,62533614
1998-05-06,3.9775733947753906,4.092421367452627,3.9609842190824973,4.083488867775306,42084777
1998-05-07,3.9775733947753906,3.9775733947753906,3.9775733947753906,3.9775733947753906,0
1998-05-08,3.9852302074432373,4.01968481718348,3.9124930833349767,3.9431193549361607,41096265
1998-05-11,4.006922721862793,4.017131476964615,3.968640215364353,3.994161886363313,18844953
1998-05-12,3.917597532272339,4.004371314965638,3.866553748178104,4.004371314965638,46631932
1998-05-13,3.7644665241241455,3.9163207486098806,3.7287356593508774,3.8869711695305114,51427550
1998-05-14,3.8869705200195312,3.9099396765893792,3.732563373546343,3.802748400714957,53028761
1998-05-15,3.847412109375,3.943119260013658,3.829546676326562,3.9278059078260616,32250420
1998-05-18,3.89845609664917,3.941842774070971,3.8665540004533465,3.8856948246595455,31792677
1998-05-19,3.971193552017212,3.9814023103484932,3.892076000083279,3.904836839619548,51040160
1998-05-20,3.9597089290618896,3.9928868514077234,3.9188738961572844,3.9775739308241596,33189952
1998-05-21,3.872934103012085,3.9750212360025974,3.834651157196106,3.962259965056431,36396827
1998-05-22,3.860173225402832,3.8895232411960237,3.830823643120944,3.879314917016917,29266183
1998-05-25,3.7938168048858643,3.855069355673592,3.781055965182922,3.8333755813695207,36731674
1998-05-26,3.6866235733032227,3.7976436143357795,3.664930241245548,3.7785023624888026,77213459
1998-05-27,3.6700353622436523,3.75808539349159,3.652170364691956,3.7261833024984004,31216490
1998-05-28,3.5028672218322754,3.675139373176302,3.4862780484916565,3.6279241503829422,41374117
1998-05-29,3.8486883640289307,3.8525167020733107,3.496487333103756,3.5347702800362866,152842629
1998-06-01,3.8563461303710938,4.0860425763714785,3.7517064504493143,3.9188745134103966,134411781
1998-06-02,3.8614485263824463,4.029892769802886,3.8065768467080034,3.8499635142582904,102831055
1998-06-03,4.07455587387085,4.106458834630762,3.8831428779352546,3.955879564954249,92220138
1998-06-04,4.020960330963135,4.152397907220598,4.009475750942446,4.106458720115343,75816185
1998-06-05,3.7912638187408447,4.0145797607748355,3.751705051699157,4.0081989089350225,68385425
1998-06-08,3.681520700454712,3.879315005916755,3.5220095623424976,3.825719135191702,65696851
1998-06-09,3.6662073135375977,3.751705270945989,3.6062312476906215,3.7261835961402023,46329144
1998-06-10,3.4926583766937256,3.7134222189067496,3.4199212672622243,3.6751392787521096,53225573
1998-06-11,3.458204507827759,3.4901065994686,3.3459081915272844,3.4326828345150857,44747525
1998-06-12,3.5577402114868164,3.621545060714801,3.481174739222307,3.481174739222307,52698366
1998-06-15,3.3089020252227783,3.5245615283706906,3.299969308691049,3.5245615283706906,38754116
1998-06-16,3.2336130142211914,3.289760967865712,3.0932431301098906,3.269343451356554,41497904
1998-06-17,3.4607560634613037,3.483725869416061,3.269342242119966,3.269342242119966,31212928
1998-06-18,3.3178348541259766,3.5015918354207383,3.294865041802943,3.4709655634937895,18125388
1998-06-19,3.1851212978363037,3.269342999917887,3.16725586497986,3.269342999917887,16936502
1998-06-22,3.0970706939697266,3.1379054971603946,2.9350070878802867,3.128972782358251,22692134
1998-06-23,3.0715491771698,3.131525023875716,2.998811626546047,3.0370945707433505,26307772
1998-06-24,3.2106423377990723,3.2387160865380102,3.094517922075775,3.139181275606969,32190753
1998-06-25,3.2514774799346924,3.299968742050065,3.2029857843081215,3.2387164275440585,29933206
1998-06-26,3.1634278297424316,3.2412691097677,3.1493907354718913,3.2412691097677,17911656
1998-06-29,3.2387168407440186,3.2514778947627256,3.120040533983868,3.141733870628854,16346957
1998-06-30,3.196606159210205,3.2438211728647888,3.1761886451108454,3.241269308735826,18836938
1998-07-01,3.1723599433898926,3.241268937198575,3.126420541932233,3.241268937198575,8713152
1998-07-02,3.1468381881713867,3.181292794925953,3.135353391505072,3.1366294318556354,6130554
1998-07-03,3.0766537189483643,3.143010421143188,3.0562362054251473,3.1289733264070683,10919938
1998-07-06,3.153219223022461,3.164703803599057,3.0766537629704955,3.088138343547092,8821800
1998-07-07,3.1136605739593506,3.215747720611529,3.093243057926651,3.162151849403523,21505920
1998-07-08,3.183845281600952,3.228508213814375,3.136629618267824,3.1876731861245142,25321932
1998-07-09,3.205538749694824,3.254029801883815,3.181292898466884,3.1902256147228036,24748417
1998-07-10,3.326767921447754,3.3561181559921485,3.206815118807548,3.206815118807548,40503158
1998-07-13,3.252753973007202,3.3880196732420282,3.2310604193540287,3.362497781663109,25585535
1998-07-14,3.227231502532959,3.279551099940205,3.204262129365583,3.245096931811346,15570397
1998-07-15,3.236164093017578,3.339527243705426,3.2221270015167445,3.2859318249487997,18943804
1998-07-16,3.3089020252227783,3.3203866058618594,3.229784700646888,3.2795517947646022,16158160
1998-07-17,3.29103684425354,3.3867435561856025,3.266790993613518,3.315282044626689,30899454
1998-07-20,3.196606159210205,3.2897605795883487,3.1787409427510847,3.266791201360026,15908806
1998-07-21,3.1213157176971436,3.217022627816088,3.1136594770156667,3.1838445010851095,18285687
1998-07-22,3.136629819869995,3.190225905535563,3.126421062291377,3.1519429562379213,9728381
1998-07-23,2.8865158557891846,3.1391820402994646,2.8865158557891846,3.1391820402994646,55951550
1998-07-24,2.6580960750579834,2.8329201045788968,2.655543560862766,2.7563548662365753,55978266
1998-07-27,2.57387375831604,2.7053111172420916,2.5394193681380335,2.679789443075697,35432360
1998-07-28,2.712967872619629,2.730833306595225,2.5406959029033587,2.5687696608521016,33889925
1998-07-29,2.704035520553589,2.742318035015713,2.628746098582332,2.742318035015713,17099473
1998-07-30,2.677236795425415,2.7563547617185047,2.660647838097372,2.7104153603483403,15244455
1998-07-31,2.6096043586730957,2.7257285809574405,2.572597888446261,2.673408976452802,32733099
1998-08-03,2.5355913639068604,2.5777024316797683,2.516449890644399,2.5777024316797683,16965890
1998-08-04,2.5075175762176514,2.570045950937713,2.490928614638963,2.521554673310877,22771393
1998-08-05,2.61470890045166,2.6759612246417728,2.450093401115776,2.450093401115776,31170182
1998-08-06,2.5636656284332275,2.6797900979391653,2.552181045656348,2.61853776151364,33697566
1998-08-07,2.564941167831421,2.600671816870887,2.533039073562155,2.564941167831421,15802830
1998-08-10,2.5202784538269043,2.564941169069806,2.5138976014587016,2.534315115205397,15248017
1998-08-11,2.457749605178833,2.521554225955385,2.444988984481405,2.521554225955385,19516429
1998-08-12,2.3837368488311768,2.4819956517609705,2.373528091363125,2.4386087576552207,30162968
1998-08-13,2.448817491531372,2.4756152086822802,2.373528068496563,2.373528068496563,21092704
1998-08-14,2.414362907409668,2.466682518552368,2.40543019042537,2.455197720575784,12218362
1998-08-17,2.3913931846618652,2.4500936507604574,2.386288805729625,2.437332378296373,8252737
1998-08-18,2.341625452041626,2.3926692322663787,2.335244816946819,2.3888406778050015,18149433
1998-08-19,2.363318920135498,2.4373318569318942,2.323759937683699,2.3735276758162454,21855907
1998-08-20,2.4475414752960205,2.467958993854065,2.360767238180016,2.3671480920518553,20390060
1998-08-21,2.4309518337249756,2.53303896450255,2.348005958684837,2.348005958684837,41863920
1998-08-24,2.4220190048217773,2.450093411339173,2.3811841941098573,2.3990496270047297,14353013
1998-08-25,2.4130866527557373,2.4411604082019753,2.4003255986598866,2.410534355234316,14416242
1998-08-26,2.4130866527557373,2.4130866527557373,2.4130866527557373,2.4130866527557373,0
1998-08-27,2.4054298400878906,2.4603017409867376,2.388840665787207,2.4347800677583726,18079970
1998-08-28,2.3250365257263184,2.386288857486054,2.3097233885974693,2.3748040588283326,16050404
1998-08-31,2.299514055252075,2.346729712154368,2.279096760943643,2.345453455146161,10944874
1998-09-01,2.20635986328125,2.2854776179704466,2.165525053937775,2.2854776179704466,17161811
1998-09-02,2.238262176513672,2.2714407468586946,2.217844878212583,2.245919069793421,10629619
1998-09-03,2.2242250442504883,2.2918577776404123,2.214016288879254,2.2535748366204826,11629708
1998-09-04,2.2484710216522217,2.261232077437733,2.215292883525732,2.2459191573041704,23458008
1998-09-07,2.348006248474121,2.376080006984954,2.2676124442412435,2.2676124442412435,30724906
1998-09-08,2.3901171684265137,2.4220192661329083,2.3352452569135944,2.341625893210531,26397718
1998-09-09,2.38628888130188,2.499861261952079,2.3735282587006417,2.483271650574518,20992072
1998-09-10,2.38628888130188,2.4105347361867864,2.3658713649263086,2.395221598905108,15104638
1998-09-11,2.339073657989502,2.362043472411242,2.3237605206268968,2.3582151338816746,13619199
1998-09-14,2.4092581272125244,2.4220187468032903,2.3620429026775613,2.3709751846621696,21196899
1998-09-15,2.395221471786499,2.434780461853619,2.3824608498624893,2.387565228685484,18413926
1998-09-16,2.4194672107696533,2.483271401145425,2.4041540750260837,2.4245715893508435,31493452
1998-09-17,2.4028780460357666,2.4449888947882976,2.3939451133373177,2.4245713822079056,13119600
1998-09-18,2.4666826725006104,2.475615390042408,2.37990844525684,2.3939455418574282,35597112
1998-09-21,2.464130401611328,2.522830209214893,2.4513691309360146,2.4870997784532665,26834979
1998-09-22,2.4424362182617188,2.4730624850969316,2.428399558617893,2.4513689336108913,15171430
1998-09-23,2.453921318054199,2.4845473665164244,2.4462644266163496,2.4705102741026908,11114969
1998-09-24,2.4934797286987305,2.5075168215674197,2.470510354174299,2.4807191095777816,16601655
1998-09-25,2.488375186920166,2.5241058284763724,2.479442905853395,2.497307901498115,18688216
1998-09-28,2.4564733505249023,2.513897330810632,2.4500931491105002,2.513897330810632,10037402
1998-09-29,2.3645951747894287,2.4666823073412734,2.33524494535738,2.4539216867168285,15516073
1998-09-30,2.3569388389587402,2.383736772262683,2.3416257032485386,2.383736772262683,11479204
1998-10-01,2.3569388389587402,2.3569388389587402,2.3569388389587402,2.3569388389587402,0
1998-10-02,2.3569388389587402,2.3569388389587402,2.3569388389587402,2.3569388389587402,0
1998-10-05,2.175733804702759,2.3224843000355686,2.1693533860805716,2.3224843000355686,19307149
1998-10-06,2.1923229694366455,2.2446430139793683,2.1361750201692815,2.1463837776280106,12703712
1998-10-07,2.2586793899536133,2.263783768036175,2.214016461053529,2.2318816759646865,9983078
1998-10-08,2.1668007373809814,2.2969622662734546,2.1540401176839814,2.2688880792687254,12234392
1998-10-09,2.175733804702759,2.242090505182507,2.146383575582821,2.146383575582821,13524800
1998-10-12,2.1387267112731934,2.2101877764590956,2.122137756052687,2.1948748613700766,7208121
1998-10-13,2.091512441635132,2.1565929021903987,2.080027424972302,2.1310710041991388,13181048
1998-10-14,2.09661602973938,2.150211670154598,1.9970807735268845,2.1412789550409275,24790273
1998-10-15,2.0060136318206787,2.1119293134931745,1.9919765380338068,2.1119293134931745,16913348
1998-10-16,1.9587987661361694,2.035364008766255,1.9307243597508903,2.021326913951432,16408405
1998-10-19,1.9217917919158936,1.9855966353441459,1.9154115893554133,1.9804922565401117,6083355
1998-10-20,1.8401223421096802,1.914135733531647,1.831190057663163,1.907755313599892,14414461
1998-10-21,1.8401223421096802,1.8401223421096802,1.8401223421096802,1.8401223421096802,0
1998-10-22,1.7865264415740967,1.9000983777704412,1.7507958997372763,1.8975462968472163,22939708
1998-10-23,1.8426744937896729,1.888613687054331,1.749520066726483,1.8120483288206248,26704958
1998-10-26,1.9907009601593018,1.9907009601593018,1.8784048462717307,1.8784048462717307,16404843
1998-10-27,2.030259609222412,2.0915119327422413,1.9524178934779222,2.0264312712662877,32309197
1998-10-28,1.9983564615249634,2.1183092072797445,1.9804914679577146,2.0545043892569823,34740401
1998-10-29,2.027707099914551,2.0621617044103373,1.9307241380285594,1.9651787425243457,32662746
1998-10-30,2.0800271034240723,2.155316528292649,2.0289835320879837,2.0647139669965506,74022614
1998-11-02,2.0800271034240723,2.12979463424678,2.054505209378203,2.1055487807142916,22927240
1998-11-03,2.1259660720825195,2.1425556807878037,2.0672662638473525,2.0749225061214203,53311065
1998-11-04,22.314313888549805,22.314313888549805,22.314313888549805,22.314313888549805,0
1998-11-05,2.2203972339630127,2.2293299512225446,2.1438317672562217,2.161696768263978,62167597
1998-11-06,2.2191214561462402,2.2331581204537416,2.194875816079466,2.228053740951945,27168045
1998-11-09,2.268887996673584,2.304618424142438,2.228052974702773,2.243366107941827,44166886
1998-11-10,2.2714405059814453,2.2905819785061716,2.2293296565871734,2.286753640650101,28538603
1998-11-11,2.2676122188568115,2.3429016367620394,2.249747219810472,2.3020668268210187,39865524
1998-11-12,2.266335964202881,2.2778207601866383,2.2101880245588212,2.243366155479757,22766050
1998-11-13,2.3505587577819824,2.4143633965843865,2.224225954443239,2.2471953382945915,90487125
1998-11-16,2.3148272037506104,2.397773505559644,2.2867534509866183,2.3122753399842577,49951016
1998-11-17,2.3492825031280518,2.365871464939898,2.309723509289171,2.309723509289171,34302250
1998-11-18,2.4181909561157227,2.4462647106921005,2.3939451058138,2.399049483942856,63979869
1998-11-19,2.4654061794281006,2.5190018245750454,2.416914478891854,2.4220188570137946,120422113
1998-11-20,2.4118103981018066,2.5355913007497417,2.3926693588273826,2.520278382627951,95957781
1998-11-23,2.344177484512329,2.3696991573447286,2.335244768967622,2.364594996182739,39483477
1998-11-24,2.3467304706573486,2.404154468140856,2.3390737931557637,2.3824611265681677,58023862
1998-11-25,24.63146209716797,24.63146209716797,24.63146209716797,24.63146209716797,0
1998-11-26,2.2089128494262695,2.3365218997352724,2.184666993311485,2.2893060113993147,54515981
1998-11-27,2.1540400981903076,2.2318815900068993,2.1361746672115927,2.2203967939523603,47542965
1998-11-30,2.1948747634887695,2.1948747634887695,2.1361743189910953,2.1604201641860294,27686345
1998-12-01,2.309723138809204,2.332692950396205,2.1795622459352315,2.1833905839923378,61206692
1998-12-02,2.336521625518799,2.3837368580465106,2.3224845297570496,2.33141724676504,48876121
1998-12-03,2.316103935241699,2.3556622715118785,2.277820989107594,2.348006029094068,40348202
1998-12-04,2.3990490436553955,2.3990490436553955,2.298237973430306,2.3173794420902185,60442599
1998-12-07,2.4500935077667236,2.465406426914088,2.392669519075,2.4067061809970482,64597911
1998-12-08,2.5011372566223145,2.5011372566223145,2.425847828936259,2.4462651281813597,63739420
1998-12-09,2.455197334289551,2.5368671645279823,2.4526450369431805,2.524106111307356,53469584
1998-12-10,2.4654061794281006,2.498584312087283,2.442436369501557,2.475614935671982,29629528
1998-12-11,2.633850336074829,2.6415065784502665,2.4730627435217367,2.4756150410691795,169559165
1998-12-14,2.564941167831421,2.6415066275889285,2.5445236540945833,2.623641628202647,74011928
1998-12-15,2.5292108058929443,2.5891870915963096,2.526658724982675,2.539419563045301,69038199
1998-12-16,2.582806348800659,2.582806348800659,2.48199526388055,2.5457998797068147,71529071
1998-12-17,2.4500935077667236,2.554732511125856,2.4322278574130842,2.475615184182759,65969360
1998-12-18,2.485823631286621,2.5036886291442544,2.43605589162263,2.4705104972942866,46274820
1998-12-21,2.684894323348999,2.684894323348999,2.485824187197001,2.667028887984847,28131621
1998-12-22,2.7614593505859375,2.7665637289058598,2.6797895142228088,2.7576307959014588,69961701
1998-12-23,2.7563552856445312,2.8176076156919363,2.7563552856445312,2.7793246655621973,68018518
1998-12-24,2.878859519958496,2.8903440998409424,2.7321090276028333,2.733385067950258,111599422
1998-12-25,30.21674346923828,30.21674346923828,30.21674346923828,30.21674346923828,0
1998-12-28,2.986051321029663,2.986051321029663,2.886516045789321,2.9222466963189184,87671202
1998-12-29,3.1162123680114746,3.1238692614844443,2.935007892710679,2.974566883320285,80318811
1998-12-30,3.089414596557617,3.1902259153911676,3.0587885404828,3.162151723585414,76303316
1998-12-31,2.9988112449645996,3.0830335814284884,2.9898789637323016,3.0638921117654783,63254960
1999-01-01,3.164703845977783,3.164703845977783,3.0039162476621595,3.012848964264907,102460586
1999-01-04,3.080481767654419,3.1634280827931542,3.071549484392116,3.1493909873997508,51251221
1999-01-05,3.0945181846618652,3.1379055017966713,3.052407341224556,3.0855854698465235,94085842
1999-01-06,3.1851212978363037,3.238716946138733,3.143010446795512,3.171084202985617,103005603
1999-01-07,3.2106423377990723,3.236164006381953,3.1774637784812896,3.201709406986142,67784303
1999-01-08,3.330594778060913,3.330594778060913,3.231059957034253,3.2667906001321807,87920556
1999-01-11,3.343356132507324,3.4939351765056594,3.3216627967535883,3.394399912973814,101157709
1999-01-12,3.1953306198120117,3.3293198726434334,3.1672564251453963,3.307626531455785,65710210
1999-01-13,3.151942253112793,3.2476491714956057,3.1417334978115115,3.241268753621205,43702909
1999-01-14,3.209367513656616,3.2591346128440724,3.0753776190537554,3.1072801503804457,71324244
1999-01-15,3.0919668674468994,3.2412692312745506,3.088138312700218,3.2412692312745506,43752780
1999-01-18,3.0358188152313232,3.100899041505769,2.9873271137281807,3.0881382043242844,24949682
1999-01-19,2.8456814289093018,3.0268863414432183,2.8099507759244724,3.0090209065729745,54467001
1999-01-20,2.8456814289093018,2.8456814289093018,2.8456814289093018,2.8456814289093018,0
1999-01-21,2.859717845916748,2.9375591194395625,2.7129673639171434,2.848233050089152,121785547
1999-01-22,2.835472583770752,2.9273509693967164,2.8163315424395448,2.8456813414526705,53391215
1999-01-25,2.766564130783081,2.832920625069904,2.7346618158382725,2.8150551899771883,46547329
1999-01-26,2.766564130783081,2.766564130783081,2.766564130783081,2.766564130783081,0
1999-01-27,2.979670763015747,2.988603045909402,2.7563550204490377,2.801018168962379,71832749
1999-01-28,2.891619920730591,3.0358185382031575,2.873754923711251,2.9554247510824943,58380083
1999-01-29,2.947767496109009,2.9579762503670137,2.8712020559295484,2.905656655739211,38913524
1999-02-01,2.862269878387451,3.0039155359865446,2.862269878387451,2.8967240459271446,43414370
1999-02-02,2.8584418296813965,2.895448297989935,2.822711401640958,2.8724789228973173,36546439
1999-02-03,2.983499050140381,2.986051347864682,2.890344409938467,2.922246722580539,56921360
1999-02-04,2.988603115081787,3.1060036044538957,2.9669097772853386,2.986051250951598,105506271
1999-02-05,3.01157283782959,3.0587880634688456,2.973289894383855,3.0090203236916366,63441085
1999-02-08,2.881411552429199,3.0804816614733355,2.881411552429199,3.034542472234115,54826784
1999-02-09,2.9094860553741455,2.914590434367364,2.7895334741670035,2.8660987255539614,53200637
1999-02-10,3.005192279815674,3.0319899921730538,2.909485359161351,2.937559111772776,53733187
1999-02-11,2.973289966583252,3.06006396133309,2.965633507761556,3.0243335311576782,63417931
1999-02-12,2.991154909133911,3.011572418326037,2.968185102914976,2.9796701144022366,26556236
1999-02-15,3.0511322021484375,3.174912905400284,3.0115734274005996,3.0370951056866065,82969092
1999-02-16,3.1953306198120117,3.2029868636663523,3.052408432216843,3.052408432216843,53301269
1999-02-17,3.206814765930176,3.3140065004165455,3.139182236775293,3.2540299973184137,97126184
1999-02-18,3.202986001968384,3.2795514544928297,3.1672555730599696,3.2157470552262004,59239465
1999-02-19,3.2144713401794434,3.279551565186182,3.2029861100774535,3.254029674564732,48348914
1999-02-22,3.149390697479248,3.2910368118173734,3.1404577647723486,3.190225505923039,55028048
1999-02-23,3.1391823291778564,3.1583238037948456,3.090690622382236,3.151942950996434,42786531
1999-02-24,3.151942253112793,3.2004339491716802,3.1276968385945514,3.171083723491596,27734435
1999-02-25,3.1851212978363037,3.2527540409894193,3.139182108789755,3.1570471081349307,56615010
1999-02-26,3.201709747314453,3.239992687769243,3.1672553610118617,3.224679771694046,34372604
1999-03-01,2.9873273372650146,3.1123842879704973,2.960529403774151,3.0753773805126494,59824557
1999-03-02,31.355234146118164,31.355234146118164,31.355234146118164,31.355234146118164,0
1999-03-03,3.0281620025634766,3.139182069288356,3.011573043843753,3.0562361919115824,58243828
1999-03-04,3.001363754272461,3.075376685437709,2.998811240413064,3.038370219855085,31094485
1999-03-05,3.0102972984313965,3.0753775327983144,2.988603308960684,2.989879782997683,34831238
1999-03-08,2.840576648712158,3.037094670483626,2.7716678671074897,3.02433361641357,40432805
1999-03-09,2.8839633464813232,3.0077437883738267,2.7971891513639804,2.848232706298355,54060019
1999-03-10,2.973289966583252,3.0090203967586637,2.909485565054125,2.9401118338521535,39317835
1999-03-11,2.9235222339630127,3.083033539722737,2.9196938967310797,2.9860505860547675,58461123
1999-03-12,2.9094860553741455,2.956701290116842,2.9094860553741455,2.914590434367364,22879150
1999-03-15,2.8495099544525146,2.9273512515804865,2.8341968164535176,2.909486249048499,19924301
1999-03-16,2.779325008392334,2.909486361270775,2.779325008392334,2.832920885078243,35822421
1999-03-17,2.8176071643829346,2.954148898771846,2.798465692384042,2.8329200818753053,35456405
1999-03-18,2.8329203128814697,2.8814115834874894,2.7869811231470774,2.8341963533172834,24307594
1999-03-19,2.809950113296509,2.8967243190413607,2.8073982495328473,2.858441810718687,22125744
1999-03-22,2.7831525802612305,2.8176071867820163,2.743593595617203,2.779324242479894,13475820
1999-03-23,2.7410409450531006,2.8125020015146553,2.6874448817624863,2.769114691540771,27561668
1999-03-24,2.7308332920074463,2.845681271204789,2.6951028577584166,2.801018336771325,24669158
1999-03-25,2.564941167831421,2.7282808442148547,2.5598367893972114,2.6415066275889285,31505920
1999-03-26,2.5509047508239746,2.5981199849188585,2.526658896749936,2.567493928135409,24598804
1999-03-29,26.774494171142578,26.774494171142578,26.774494171142578,26.774494171142578,0
1999-03-30,2.4500935077667236,2.526658753770474,2.376079909191034,2.501137077354438,38950927
1999-03-31,2.646610736846924,2.646610736846924,2.595567174451901,2.603223849702302,14669764
1999-04-01,2.577702760696411,2.669581150465507,2.5598371088139484,2.635126537546435,19826768
1999-04-02,2.577702760696411,2.577702760696411,2.577702760696411,2.577702760696411,0
1999-04-05,2.406705856323242,2.5215540349688745,2.3862883445403,2.428399625159329,15417845
1999-04-06,2.4756150245666504,2.4858237811771087,2.362043094975465,2.3862885126029534,16991253
1999-04-07,2.4411604404449463,2.5215542369637003,2.4335041980464425,2.462853994263231,20076888
1999-04-08,2.4092581272125244,2.457749392031003,2.379907900158001,2.455197311463972,9259114
1999-04-09,2.328864574432373,2.4322277494910787,2.321208331954054,2.405430033794429,13622173
1999-04-12,2.3046185970306396,2.3403492439355458,2.247194614020853,2.296962354970163,11538301
1999-04-13,2.2905824184417725,2.3199322195380225,2.271440942240681,2.307171596663407,9021016
1999-04-14,2.2905824184417725,2.2905824184417725,2.2905824184417725,2.2905824184417725,0
1999-04-15,2.2178449630737305,2.257403737443056,2.1948755828894986,2.1948755828894986,8292955
1999-04-16,2.395221471786499,2.395221471786499,2.207636146119493,2.2293299186839577,17240287
1999-04-19,2.238262176513672,2.2956866001774823,2.194875498907226,2.2203971759724994,13477013
1999-04-20,2.2357094287872314,2.2701640260190796,2.2076352483003734,2.245918182281441,11859719
1999-04-21,2.2229490280151367,2.27016468928741,2.1987036107049005,2.245918838465922,10782063
1999-04-22,2.143831729888916,2.2535753323831047,2.1208619168727227,2.2280534383404733,9198521
1999-04-23,2.1004443168640137,2.164249157773233,2.083855357350402,2.1527643601064916,12566158
1999-04-26,1.9332765340805054,2.0162221809456735,1.9332765340805054,2.0162221809456735,15774012
1999-04-27,20.291828155517578,20.291828155517578,20.291828155517578,20.291828155517578,0
1999-04-28,1.9907009601593018,1.9907009601593018,1.9052027800772233,1.9141354969309354,11380246
1999-04-29,2.090235471725464,2.090235471725464,2.0034612648872945,2.008565642745752,20649032
1999-04-30,2.2574033737182617,2.2574033737182617,2.068542032914345,2.1029966395283255,43839982
1999-05-03,2.368422746658325,2.416913782965189,2.2369854271867804,2.2714398070223627,51548469
1999-05-04,2.5075175762176514,2.5126219554555815,2.3429020502503186,2.354386849346745,41618253
1999-05-05,2.4271230697631836,2.501136655866202,2.4118101531963316,2.501136655866202,32154472
1999-05-06,2.548352003097534,2.5891868105183597,2.406705892307829,2.406705892307829,65407850
1999-05-07,2.526658773422241,2.641506751698949,2.5151741923502153,2.5777025601626056,43060340
1999-05-10,2.7295570373535156,2.7295570373535156,2.5560088249288153,2.580254242600142,75973224
1999-05-11,2.8584418296813965,2.877583300725324,2.7448699107083656,2.7818763790169037,49816560
1999-05-12,2.7308332920074463,2.906933599028587,2.631298015443672,2.881411705453819,82628189
1999-05-13,3.0264525413513184,3.045011326083679,2.844838327541082,2.9111210204575086,118862704
1999-05-14,3.168297290802002,3.2080667373581266,3.035732544006045,3.0489891763070056,130256380
1999-05-17,3.238556385040283,3.3910054983388394,3.0701992248954775,3.2067409668678346,168947463
1999-05-18,3.2637429237365723,3.35123581824548,3.223973712816748,3.2610919582512308,96273107
1999-05-19,3.33400297164917,3.4201698293477154,3.1948095932417466,3.2663949008173794,131166524
1999-05-20,3.262417793273926,3.4069133340932907,3.22132275599576,3.3618415102604757,120733699
1999-05-21,3.0025904178619385,3.2610918570304235,3.0025904178619385,3.2412070270143962,68702551
1999-05-24,2.925703525543213,2.950890514435344,2.8474902421188535,2.9164239071120726,50614334
1999-05-25,3.062244415283203,3.1086422762888843,2.8899105001724688,2.916423531436671,95124546
1999-05-26,2.919074296951294,3.0887572350783796,2.8766536750061693,3.0755008329405205,76059679
1999-05-27,2.7334842681884766,3.034406363283394,2.7334842681884766,2.9164238672139344,91200029
1999-05-28,2.691063642501831,2.8289309708094983,2.5664529439591335,2.770602520398306,95157353
1999-05-31,2.9071435928344727,2.9071435928344727,2.7387862569709203,2.794463729057606,66036436
1999-06-01,2.826279640197754,3.0184983979643523,2.8209770335886533,2.876654065224225,97094178
1999-06-02,2.8779799938201904,2.89653877843687,2.793138516700239,2.862072174640203,28783309
1999-06-03,2.942936420440674,2.9919852481946942,2.866048740194939,2.8899105815916495,68666875
1999-06-04,3.178901195526123,3.178901195526123,2.98270544629312,2.98270544629312,113014811
1999-06-07,3.210716724395752,3.308814820898726,3.141783072911475,3.216019330292488,84544103
1999-06-08,3.459937572479248,3.459937572479248,3.141782411518084,3.1643186507149594,71034637
1999-06-09,3.2438583374023438,3.4175178445401397,3.221322092368619,3.3141175874738615,95345473
1999-06-10,3.1696226596832275,3.3273743773883866,3.1325046349494663,3.2769999474173312,53272879
1999-06-11,3.1828784942626953,3.2809765959853836,3.090083449065502,3.156365463368279,96347308
1999-06-14,3.257114887237549,3.3353283932376976,2.9442622142769372,3.107316978086971,75597590
1999-06-15,3.39233136177063,3.518267882521964,3.3379794717643976,3.3379794717643976,95507981
1999-06-16,3.536827564239502,3.585876181078354,3.316769672337219,3.444031812638566,153654188
1999-06-17,3.6137146949768066,3.6574609221226617,3.5262217903384054,3.5752706245888106,121084790
1999-06-18,3.8602843284606934,3.898727717516784,3.6521577628850466,3.6521577628850466,182074455
1999-06-21,3.9782662391662598,4.069736583949641,3.9027043874210343,3.9027043874210343,123056025
1999-06-22,3.942474603652954,4.029967499841254,3.8443764942798104,4.029967499841254,85814100
1999-06-23,3.705183744430542,3.9371721599525875,3.685298913730183,3.9371721599525875,48039109
1999-06-24,3.7807459831237793,3.8046080525542267,3.6349250776889375,3.6468556620574764,72942447
1999-06-25,3.668064832687378,3.8708887505386387,3.6428774015991396,3.8085833080837803,68406834
1999-06-28,3.7184395790100098,3.791350468051989,3.6866241680748053,3.7343473970642616,33595669
1999-06-29,3.6667404174804688,3.7568845100515498,3.6455299897758997,3.687950845185038,36824897
1999-06-30,3.6906025409698486,3.7078359605956233,3.572620020163675,3.702533352620509,53632358
1999-07-01,3.7780938148498535,3.8258170406720273,3.709160166363032,3.709160166363032,77381168
1999-07-02,3.902705669403076,3.9358471356659552,3.8046084424299695,3.8046084424299695,90634529
1999-07-05,4.21555757522583,4.21555757522583,3.919937910573462,3.919937910573462,85823451
1999-07-06,4.153251647949219,4.340168451618239,4.122762282926607,4.340168451618239,98220422
1999-07-07,4.069737911224365,4.200976604151582,4.032619433069532,4.134694122128499,69419373
1999-07-08,4.073714256286621,4.147950307956398,4.0312933979914884,4.101552888249464,43865595
1999-07-09,4.382590293884277,4.399823260513558,4.069737597323494,4.082993552289596,174637320
1999-07-12,4.562877178192139,4.599995196154156,4.3878918503598205,4.401148253178641,115847814
1999-07-13,4.354750156402588,4.623856560115083,4.297747537308901,4.586738544169432,81183822
1999-07-14,4.50189733505249,4.584087847540417,4.2752117539182874,4.348122423660392,122116208
1999-07-15,4.167835235595703,4.558901483380325,4.1426482431073905,4.558901483380325,130412726
1999-07-16,4.1771135330200195,4.255327023809051,4.014058800921198,4.113482714624321,105883027
1999-07-19,3.9809184074401855,4.248699024540632,3.9384975551026975,4.239419631971797,58917192
1999-07-20,3.9331958293914795,4.088296589965503,3.8974031729718135,3.937172841254411,82970713
1999-07-21,3.9504282474517822,4.040571875362081,3.8722147514175447,3.923914991857832,36090477
1999-07-22,3.854982852935791,3.9955018568021825,3.8311216791130818,3.9689890411353677,38246840
1999-07-23,3.8602843284606934,3.9212644135307233,3.833771522119494,3.8602843284606934,24247144
1999-07-26,3.78604793548584,3.844376381112131,3.7648377349138444,3.844376381112131,16221033
1999-07-27,3.8457019329071045,3.995500272800514,3.7529068896881226,3.7648374718696407,67982700
1999-07-28,3.6959047317504883,3.9597086043339855,3.6534840979114094,3.908008351292597,48689158
1999-07-29,3.6998815536499023,3.7356742078976364,3.6428786961580917,3.6587865174711576,35278508
1999-07-30,3.681321620941162,3.7621865328903885,3.6521576251351573,3.685298631811664,40532635
1999-08-02,3.551408529281616,3.6839732303785846,3.5315237002717557,3.6839732303785846,18387905
1999-08-03,3.4824750423431396,3.573944494576154,3.4506594044742824,3.530198273973114,35005412
1999-08-04,3.6693906784057617,3.725067924433038,3.5792466086803207,3.5898518198448763,46743233
1999-08-05,3.5620131492614746,3.709160058151332,3.5275461008503277,3.67204204474437,29230241
1999-08-06,3.535501003265381,3.5779216300594614,3.5023599941324988,3.560688440414354,19850510
1999-08-09,3.754232406616211,3.8006300426275845,3.573944468844014,3.573944468844014,68683564
1999-08-10,3.6389009952545166,3.731696489416705,3.6216675817230577,3.714463075885246,36061392
1999-08-11,3.8059327602386475,3.8443761479302667,3.5156159198588863,3.5792469680619443,84370980
1999-08-12,3.7873733043670654,3.9345199962027193,3.7661628811508923,3.8377481720921214,67799265
1999-08-13,3.6574599742889404,3.8364222984625695,3.6455291676889177,3.8364222984625695,42502161
1999-08-16,3.63757586479187,3.7860481790402476,3.5978066517210534,3.7065095277252826,49537586
1999-08-17,3.630948305130005,3.666740963504781,3.5818994652258658,3.6322739007656044,57530800
1999-08-18,3.885472536087036,3.9225905624031903,3.7303717775744922,3.764838387626146,102500197
1999-08-19,3.7886996269226074,3.9610337754651557,3.7648377850546764,3.8841460937010526,91765208
1999-08-20,3.8470280170440674,3.8708896333895857,3.718439867425113,3.791350762122314,54339616
1999-08-23,4.155903339385986,4.155903339385986,3.8920997594111215,3.8920997594111215,86448030
1999-08-24,4.264606475830078,4.334865953862086,4.112157387259936,4.1956728182691,98411980
1999-08-25,4.071063041687012,4.393195588102722,3.923915859206732,4.348123088664766,46806426
1999-08-26,4.122762680053711,4.227488538553391,4.040572167226154,4.159880700150476,40713008
1999-08-27,4.387892723083496,4.452849380023141,4.145299062139623,4.157230097257533,81832784
1999-08-30,4.560225009918213,4.63446102992495,4.410426699421975,4.480686159712987,114151083
1999-08-31,4.402474403381348,4.560226795780583,4.3746357723901115,4.508526095071124,46639074
1999-09-01,4.337517738342285,4.520457570367489,4.218209641746163,4.478036713645895,66550801
1999-09-02,4.15457820892334,4.281840310420964,4.122762570962278,4.268583456843887,45748024
1999-09-03,4.17446231842041,4.2619552092834745,4.141321310701548,4.146624142144537,38913400
1999-09-06,4.292444705963135,4.358726709497931,4.173136198907423,4.1916954301050895,53885756
1999-09-07,4.26725959777832,4.401149948302149,4.244723794375878,4.318959858892281,49163003
1999-09-08,4.1068549156188965,4.348122261421974,4.065759435734983,4.295096649294685,62379014
1999-09-09,4.084318161010742,4.14662406498677,4.043223582411986,4.134693032222013,34170680
1999-09-10,4.0790181159973145,4.157231658104639,4.065761705564715,4.093600347611921,30217434
1999-09-13,4.0790181159973145,4.0790181159973145,4.0790181159973145,4.0790181159973145,0
1999-09-14,3.8828201293945312,4.109505704771385,3.851004491531125,4.109505704771385,47749983
1999-09-15,3.8775174617767334,4.0034537331216296,3.8642610595663855,3.9477769339074857,32409152
1999-09-16,3.7661640644073486,3.923916017413725,3.727720441716399,3.8974032052369814,43728147
1999-09-17,3.7847228050231934,3.804607861885355,3.715789142158799,3.731696962475197,37888286
1999-09-20,3.6799962520599365,3.807258356010675,3.6654140280867002,3.7913507618968203,30483745
1999-09-21,3.626969337463379,3.725067414725956,3.6150387580023353,3.672041591332069,42734897
1999-09-22,3.6587860584259033,3.7449529064208282,3.632273026230553,3.693253112866517,25832948
1999-09-23,3.6720433235168457,3.693253752949133,3.632273655744629,3.6455302867264865,19689712
1999-09-24,3.776768445968628,3.8576331357495652,3.69192697034271,3.707834789242565,46747400
1999-09-27,3.6415531635284424,3.8165387506457225,3.6322735446423184,3.8019565245637206,23729787
1999-09-28,3.6362502574920654,3.6574606845324267,3.572619201544313,3.6455298756155563,28563788
1999-09-29,3.808584213256836,3.862936098559241,3.685298894058003,3.711811926459182,50416151
1999-09-30,3.8801684379577637,3.971637878367854,3.807257779479049,3.8205146313041864,73368131
1999-10-01,3.7648379802703857,3.918613126598875,3.723742721417314,3.889449127058412,47095267
1999-10-04,3.7303709983825684,3.8258174605008004,3.69060133893556,3.8019558449712423,48696229
1999-10-05,3.738325595855713,3.778095266216205,3.685299743997341,3.686625339629792,38423418
1999-10-06,3.705183744430542,3.8019560317447683,3.673368330552615,3.763512190851175,37086861
1999-10-07,3.8960776329040527,3.9212650733745367,3.751582093475194,3.7582100710024933,57874410
1999-10-08,4.185068130493164,4.2089301998850575,3.8602848572815103,3.923915691286508,103301854
1999-10-11,4.171812057495117,4.338843386072752,4.1293912024641815,4.2964225310418165,59767081
1999-10-12,4.179765224456787,4.281840340676464,4.1095057464229825,4.2367678488198415,55868711
1999-10-13,4.06443452835083,4.2102554286483125,3.976941627895006,4.109506123651505,57978854
1999-10-14,4.137345314025879,4.187720198524502,4.071063282338317,4.093599083042743,35309001
1999-10-15,3.8205151557922363,4.142647197053498,3.8072583021471713,4.136018995404279,32186675
1999-10-18,3.8138866424560547,3.881494932221371,3.6852989403355845,3.807258440565857,50683993
1999-10-19,3.8138866424560547,3.8138866424560547,3.8138866424560547,3.8138866424560547,0
1999-10-20,4.096249580383301,4.120110744848306,3.937171848074834,3.9716382247168442,53961595
1999-10-21,3.938497543334961,4.226163215575748,3.8974025116357973,4.136019129801246,80734521
1999-10-22,4.238094806671143,4.254002404859897,3.79135173309166,3.8974034384924354,163740820
1999-10-25,4.419708728790283,4.546970862083021,4.289794953911671,4.309680014072049,147048756
1999-10-26,4.414405822753906,4.493944711036085,4.325587540115271,4.401149416431331,73165601
1999-10-27,4.17446231842041,4.560226080139716,4.138670120153362,4.54564340625815,109843665
1999-10-28,4.065760612487793,4.280515214383636,4.0034551399278655,4.16253292304484,71461710
1999-10-29,3.9358460903167725,4.104203217079761,3.8364226186281796,4.069736839889175,72932402
1999-11-01,3.626969337463379,3.9636837325850696,3.621666732606665,3.9305422833506722,50466502
1999-11-02,3.917288064956665,3.917288064956665,3.454636543776754,3.658786583202012,71422437
1999-11-03,3.6693906784057617,3.9358456519287754,3.612387612102956,3.9358456519287754,48203184
1999-11-04,3.7648379802703857,3.796653395788465,3.461264924166498,3.6587862949790124,59285025
1999-11-05,3.776768445968628,3.841725542023021,3.711811800260857,3.711811800260857,33658809
1999-11-08,39.641265869140625,39.641265869140625,39.641265869140625,39.641265869140625,0
1999-11-09,3.7529072761535645,3.7913508926231243,3.6667402001769784,3.7648378595636656,28493149
1999-11-10,3.8019556999206543,3.8629357820333654,3.739650022589832,3.7701400636461875,21556023
1999-11-11,3.7674901485443115,3.8496800022299364,3.7396510649909316,3.813887345150888,15202795
1999-11-12,3.7263946533203125,3.7913513100001905,3.6919275939619918,3.7913513100001905,13510017
1999-11-15,3.681321620941162,3.786047697420189,3.653483220367557,3.758209296846584,14284227
1999-11-16,3.7224175930023193,3.7701408319662773,3.6389016996420476,3.661437948809117,24653413
1999-11-17,3.6852993965148926,3.8178641262481388,3.681322384819157,3.7648382793895103,19673825
1999-11-18,3.714463949203491,3.751582200630005,3.648181469957108,3.691927699100234,21478188
1999-11-19,3.738325595855713,3.8125621037001522,3.72109240228711,3.7370002253966326,27822938
1999-11-22,3.681321620941162,3.7555578812084818,3.6627628373409604,3.7555578812084818,22657937
1999-11-23,38.63945388793945,38.63945388793945,38.63945388793945,38.63945388793945,0
1999-11-24,3.9769418239593506,3.9769418239593506,3.713137964513511,3.7356742136215604,65760009
1999-11-25,4.08034086227417,4.153251064709045,3.9252401664707715,4.040571210599526,104854156
1999-11-26,3.88812255859375,4.080341758261256,3.8536561800822913,4.080341758261256,38638718
1999-11-29,3.8152124881744385,3.897402552433117,3.7979790730767595,3.897402552433117,20895982
1999-11-30,3.748929977416992,3.8563074780564226,3.686624519642837,3.794002470628908,34056547
1999-12-01,3.8006300926208496,3.86823837978804,3.751581490587609,3.801955913086596,18181154
1999-12-02,3.831120491027832,3.921264576756169,3.79135082951397,3.7966532108642768,20530482
1999-12-03,3.7621867656707764,3.897402441554501,3.7250685206538225,3.853656219965451,31227889
1999-12-06,3.8059327602386475,3.8430507778682217,3.754232294327028,3.7860477058419058,21697371
1999-12-07,3.902705669403076,3.976942175540671,3.7913515857167797,3.8046084424299695,50160082
1999-12-08,3.844376564025879,4.082993189493965,3.7926763176917935,3.976941506068145,47796541
1999-12-09,3.8417253494262695,3.902704530712065,3.820514925289802,3.8443760895100785,15465044
1999-12-10,3.825817823410034,3.897402676789101,3.8125614191190955,3.870889868207223,13182775
1999-12-13,3.7568845748901367,3.857633657878953,3.738325112568322,3.8563078372445325,14769542
1999-12-14,3.6892752647399902,3.7886989501041106,3.6587854516517653,3.77544232361826,25546422
1999-12-15,3.768815279006958,3.869564365198137,3.6852993847042566,3.738325231392948,35440108
1999-12-16,3.7449533939361572,3.8165387027691855,3.7277202022324216,3.7648382269645926,13299028
1999-12-17,3.70253324508667,3.764838718104664,3.6879514676320286,3.7502564903032716,11392055
1999-12-20,3.7529072761535645,3.7886997019038406,3.6614375935650867,3.6614375935650867,18003329
1999-12-21,3.7423014640808105,3.8708891472024023,3.711811424648166,3.8337711320321675,27901663
1999-12-22,3.995500326156616,4.04189773579905,3.7383244914621945,3.791350552828727,75539366
1999-12-23,3.9186129570007324,4.068410860292856,3.884146126996766,4.024664637702173,18968223
1999-12-24,3.8337721824645996,3.9239158296207246,3.807258921210022,3.9239158296207246,14175188
1999-12-27,3.7157881259918213,3.844375573237545,3.691926289456122,3.811234571441542,16313330
1999-12-28,3.7118120193481445,3.7860480615825822,3.673368402871023,3.7621868947576864,20198092
1999-12-29,3.791351079940796,3.8708899578755918,3.7515818661467337,3.7701406524452947,13607907
1999-12-30,3.7741177082061768,3.8443767434699367,3.744953257470773,3.815212743081209,6582081
1999-12-31,3.7741177082061768,3.7741177082061768,3.7741177082061768,3.7741177082061768,0
2000-01-03,4.041898250579834,4.061782857244832,3.8735411035255214,3.9239155304795155,35678775
2000-01-04,3.998152256011963,4.056480709128458,3.7926766242715613,3.9795934688615775,27698564
2000-01-05,4.150600910186768,4.318958030167805,3.8337712736920753,3.8337712736920753,68399389
2000-01-06,4.46080207824707,4.4833383233789155,4.21423190430065,4.21423190430065,45604218
2000-01-07,4.558899879455566,4.745816228232011,4.409101996644312,4.597343715410996,64862245
2000-01-10,4.831984519958496,4.902244465636392,4.611927540116424,4.611927540116424,82679734
2000-01-11,4.446221351623535,4.772330469792116,4.446221351623535,4.74581765784173,30385036
2000-01-12,4.382590293884277,4.560226845630476,4.21953551777414,4.374635820211226,41637507
2000-01-13,4.220860004425049,4.5071998304126,4.1373441280231384,4.451523029824593,28226963
2000-01-14,4.207604885101318,4.292446607770208,4.1360200193594965,4.268584535509529,27459807
2000-01-17,4.42235803604126,4.54431728455259,4.3242603992102575,4.373308992452486,59244274
2000-01-18,4.581437110900879,4.66627883077192,4.32823867273421,4.425010977995414,62638289
2000-01-19,4.582760810852051,4.7193022713543495,4.533711770543773,4.692789471337558,46612607
2000-01-20,4.32426118850708,4.74581670536939,4.2606299121807165,4.533712901294804,147077200
2000-01-21,4.30570125579834,4.3680071584195534,4.218208818812383,4.3136557278151555,49780760
2000-01-24,4.007431507110596,4.345471629244046,3.9769416861503775,4.345471629244046,43574830
2000-01-25,3.9358460903167725,4.082992792388161,3.897402251856573,3.9769411192767694,53971979
2000-01-26,3.9358460903167725,3.9358460903167725,3.9358460903167725,3.9358460903167725,0
2000-01-27,3.9318699836730957,4.0697373097386125,3.9106595565327607,4.0140596007352345,26117052
2000-01-28,3.831120491027832,4.0034541897657645,3.797979031375174,3.923915317084681,35562060
2000-01-31,3.6945784091949463,3.8178634998002257,3.6746935791523874,3.7940023342344293,22607247
2000-02-01,3.725069046020508,3.7833977249878457,3.6746941652347695,3.687951020941914,31135985
2000-02-02,3.739649772644043,3.851004041815526,3.7118113742311363,3.809909466934207,24517675
2000-02-03,3.7118120193481445,3.876192148829148,3.6998812107623724,3.7621868947576864,58332652
2000-02-04,3.714463949203491,3.764838381236584,3.6852994962102668,3.762187415323295,29466753
2000-02-07,3.6852993965148926,3.7343482316777856,3.6654145632095636,3.711812432530882,16559674
2000-02-08,3.740976572036743,3.8046078531563445,3.661437695810571,3.672042909330505,47686611
2000-02-09,3.8284695148468018,3.98357027595726,3.794003129391197,3.854982326895753,50720220
2000-02-10,3.760861396789551,3.857633925276398,3.740977013148367,3.857633925276398,19483033
2000-02-11,3.7171149253845215,3.816538638505897,3.705184115837691,3.8125616269325064,20478990
2000-02-14,3.5699679851531982,3.7250689600899456,3.5010343185916852,3.6852992945793184,18048444
2000-02-15,3.493079900741577,3.6322728046354205,3.453310467461436,3.5394777605461614,32393140
2000-02-16,3.588527202606201,3.6587864642502317,3.5659914042071796,3.600458012124118,14320383
2000-02-17,3.601783275604248,3.64950673743403,3.5553860847186325,3.605760287050064,13636351
2000-02-18,3.531524896621704,3.6190178136271722,3.512965881719147,3.604435585735135,11543128
2000-02-21,3.530198574066162,3.6786711130621397,3.499708528889966,3.5527343713390063,20764020
2000-02-22,3.4798238277435303,3.585875516618912,3.4572880296255164,3.562014123053957,18055782
2000-02-23,3.4135420322418213,3.605760590466516,3.393657198512815,3.5925044099361023,12973549
2000-02-24,3.417517900466919,3.5315238220531286,3.320745843215944,3.48114895018079,13982936
2000-02-25,3.4069130420684814,3.526221582295106,3.3804000081099725,3.422820862443587,12145622
2000-02-28,3.4665687084198,3.4930815261614487,3.369795932899787,3.4254734356081102,9731676
2000-02-29,3.196136236190796,3.601784061449015,3.189507582103736,3.5262224037056646,27910212
2000-03-01,3.068873643875122,3.3631671077601,2.941611520237647,3.2610924248503315,61787065
2000-03-02,3.0569419860839844,3.3154434366553853,2.9986135390977493,3.234578968082652,80792300
2000-03-03,2.822303533554077,2.9827067030785943,2.81302391272051,2.9827067030785943,22578892
2000-03-06,2.726855754852295,2.98270554983751,2.6844351299577442,2.8872590875314437,26048319
2000-03-07,2.575732707977295,2.7573462717799204,2.5584990657906554,2.7414386754394573,35483281
2000-03-08,2.416654348373413,2.635385862984622,2.399420486860982,2.635385862984622,24216224
2000-03-09,2.5465688705444336,2.5850125003475473,2.4126787389698348,2.4325633517810936,24864616
2000-03-10,2.4365391731262207,2.5717552972524302,2.402072569621086,2.5452424906833553,14866166
2000-03-13,2.395444393157959,2.5160778444539105,2.362302934251631,2.4736572183935084,18245737
2000-03-14,2.587663173675537,2.587663173675537,2.3662799729443567,2.4365392271529407,23870191
2000-03-15,2.7957897186279297,2.7957897186279297,2.677807448209714,2.782533539283262,25957608
2000-03-16,2.8912365436553955,2.9667984130056917,2.6658767562532346,2.863398137978979,58069085
2000-03-17,2.8912365436553955,2.8912365436553955,2.8912365436553955,2.8912365436553955,0
2000-03-20,2.8912365436553955,2.8912365436553955,2.8912365436553955,2.8912365436553955,0
2000-03-21,2.8766536712646484,2.9614951402178424,2.733483762772788,2.9097951269127775,42703692
2000-03-22,2.9044926166534424,3.00656750179333,2.8103715280131256,2.8872589780866527,25784235
2000-03-23,2.763974189758301,2.9376341626768756,2.738786751995764,2.872677512986106,15495786
2000-03-24,2.806394577026367,2.826279406459314,2.7599969419138977,2.783858782268095,12228211
2000-03-27,2.7573459148406982,2.834233371110992,2.7308331075897856,2.834233371110992,8343200
2000-03-28,2.8196523189544678,2.8368855129739994,2.7043207672726592,2.770603027536641,21743395
2000-03-29,2.7798819541931152,2.9018414537913784,2.753368921596397,2.8395359960690807,20322680
2000-03-30,2.8779799938201904,2.95619281889518,2.6804581871353226,2.7626484736452674,45309089
2000-03-31,3.0529658794403076,3.07550167920638,2.790487603777177,2.8448388224632124,65205142
2000-04-03,3.25181245803833,3.298210097627093,3.0953861238484057,3.0953861238484057,61243775
2000-04-04,3.0264525413513184,3.221322257947585,2.991985261819864,3.221322257947585,59219000
2000-04-05,3.1351561546325684,3.155040991174848,2.8952140966156668,3.0224762398620664,60574793
2000-04-06,3.161224603652954,3.372521402092129,3.073412744369025,3.262756752779855,31219358
2000-04-07,3.3821263313293457,3.3999631065546545,3.1639687780176837,3.1776897687487944,79389040
2000-04-10,3.3094077110290527,3.45210192375732,3.266873661956137,3.4027076118504525,58570946
2000-04-11,3.214735269546509,3.277849868142139,3.162596950621124,3.2243393103332068,23816562
2000-04-12,3.2023861408233643,3.283337737860375,3.1722010839636834,3.2380599195140056,14477779
2000-04-13,3.0789010524749756,3.158480179869354,3.02676250523297,3.158480179869354,30391448
2000-04-14,3.0789010524749756,3.0789010524749756,3.0789010524749756,3.0789010524749756,0
2000-04-17,3.1392722129821777,3.3203839907499155,2.856627799519829,3.0185310278036854,99882369
2000-04-18,3.1831777095794678,3.2655013212618833,3.128295379476815,3.154364655241808,28366121
2000-04-19,3.181805372238159,3.3066623073080392,3.1228065690462694,3.2655007418274633,42194101
2000-04-20,3.1859219074249268,3.2106191788186966,3.0802734915456944,3.1831778956350005,21940954
2000-04-21,3.1859219074249268,3.1859219074249268,3.1859219074249268,3.1859219074249268,0
2000-04-24,3.0720410346984863,3.2243392730636113,3.0349954794653144,3.196898224619872,24270547
2000-04-25,2.996577262878418,3.0459713295586006,2.922485929801304,3.0212740631616692,37584804
2000-04-26,3.169456958770752,3.187294199683762,3.026762760376658,3.084389568340954,38422029
2000-04-27,3.0555760860443115,3.1557362256118706,3.0185303027591806,3.1557362256118706,18435407
2000-04-28,2.9663915634155273,3.1420152636334517,2.949926797821942,3.087132711654834,15938337
2000-05-01,2.9663915634155273,2.9663915634155273,2.9663915634155273,2.9663915634155273,0
2000-05-02,2.799001455307007,2.9910897470625755,2.7784204337292544,2.966392474557893,23714398
2000-05-03,2.8278138637542725,2.8538831362337738,2.6892361666761584,2.82644209116926,12494290
2000-05-04,2.892300605773926,2.963647687943073,2.812720791493478,2.8525110482189295,11412449
2000-05-05,2.9403223991394043,2.9897166898736227,2.849766315988403,2.8826958431445484,19326278
2000-05-08,2.9142544269561768,3.045972128001829,2.89092962617615,2.9499277476431773,15260859
2000-05-09,2.870347261428833,2.914253063550842,2.8031164363822847,2.88406754783702,13254215
2000-05-10,2.8593719005584717,2.943067522397541,2.8470236145280774,2.943067522397541,6007373
2000-05-11,2.816838264465332,2.8648603379591577,2.7990014876517137,2.801745499596778,4012930
2000-05-12,2.7509782314300537,2.8525108247697353,2.7166766985226047,2.838789838715875,8273790
2000-05-15,2.7962563037872314,2.8058608084839776,2.6892359118952647,2.7029562000708034,7898298
2000-05-16,2.8044896125793457,2.8401629314703847,2.785280597640546,2.785280597640546,9186730
2000-05-17,2.8840692043304443,2.9718810920668726,2.8511398920898623,2.8511398920898623,25284351
2000-05-18,3.0583200454711914,3.1694567027419014,2.9238585920150473,2.9238585920150473,66590413
2000-05-19,3.114574432373047,3.169456759131465,3.048715593651573,3.087133152465408,30067840
2000-05-22,3.1392722129821777,3.286082676590274,3.0706691185491,3.1008546479006203,49971427
2000-05-23,3.1680853366851807,3.1968986276288804,3.088506192943642,3.133784021806397,23403774
2000-05-24,3.2449209690093994,3.3190125610373595,3.114575262554337,3.148877046374574,57811377
2000-05-25,3.140644073486328,3.313523807517549,3.1049707550237984,3.238060453747434,50130747
2000-05-26,3.1255509853363037,3.1941540694768893,3.088505664824544,3.131039241389825,34629937
2000-05-29,3.1831777095794678,3.2627570765754705,3.124179128975632,3.1529921833132915,37559655
2000-05-30,3.198269844055176,3.235314923300347,3.155735810802328,3.18317685193174,34484493
2000-05-31,3.3533124923706055,3.4274033545961253,3.2133621019269176,3.272360903326421,93213530
2000-06-01,3.2723605632781982,3.4219147438315636,3.2558957994630093,3.402706202299044,40742449
2000-06-02,3.6661431789398193,3.6661431789398193,3.2901986141706354,3.2901986141706354,133243912
2000-06-05,3.5755865573883057,3.8829284480698654,3.526192483103078,3.704560465586472,80119934
2000-06-06,3.6757466793060303,3.7292569934828363,3.542656547056532,3.5947948556778164,37786443
2000-06-07,3.58381986618042,3.730630339804777,3.5673550944263317,3.718281819253439,27033571
2000-06-08,3.653794050216675,3.6771188463336153,3.581074485176124,3.594795241373968,28976790
2000-06-09,3.640073299407959,3.7813954803626864,3.622236526075523,3.649677805454984,53137390
2000-06-12,3.5440282821655273,3.685350660727184,3.526191280250549,3.6702579025902007,31889854
2000-06-13,3.4507298469543457,3.5399134950215694,3.3931030343843647,3.528936981489849,58838645
2000-06-14,3.520704507827759,3.622237142275652,3.5001239526415797,3.55363404868495,38798875
2000-06-15,3.489147186279297,3.5316807656226006,3.471310178147706,3.526192509210621,11367725
2000-06-16,3.5769591331481934,3.607144194481366,3.478170748653632,3.524820579578712,35868320
2000-06-19,3.538541555404663,3.5947956602258637,3.5124722787310643,3.5947956602258637,17702251
2000-06-20,3.4946346282958984,3.5673537174869514,3.4713093691880847,3.541284447341056,16517462
2000-06-21,3.3876149654388428,3.522077147128996,3.378010457301859,3.522077147128996,15037259
2000-06-22,3.423288106918335,3.4562176431251217,3.3107789747402445,3.398590838234814,20897050
2000-06-23,3.3848700523376465,3.498750474422461,3.369777292187571,3.4287758611306187,22703961
2000-06-26,3.3423361778259277,3.4027067552349695,3.3217551614483494,3.4027067552349695,10697176
2000-06-27,3.3190112113952637,3.413683089435863,3.305290223778363,3.3615445483871387,26534524
2000-06-28,3.346451759338379,3.358800273475867,3.2984297081244147,3.3203824926706207,6728862
2000-06-29,3.3299875259399414,3.38898562509935,3.320382788561727,3.3574285673322652,10810650
2000-06-30,3.2504091262817383,3.3697785472261454,3.2353163605105206,3.308035944200516,16049103
2000-07-03,3.4685659408569336,3.537168791959079,3.2655011659927013,3.2901979686548857,56295961
2000-07-04,3.520704507827759,3.5755868428661834,3.471310429598866,3.4850311881511433,29639609
2000-07-05,3.489147186279297,3.5879355686380463,3.471310178147706,3.5371690220345795,24021460
2000-07-06,3.5097267627716064,3.5454005360453653,3.4027063751775812,3.5193312670826353,16716358
2000-07-07,3.703188180923462,3.751210478821073,3.5399129740194177,3.5522614916609334,81293787
2000-07-10,3.683979034423828,3.7566985980139216,3.6524219716630983,3.70456005178166,42544070
2000-07-11,3.8184404373168945,3.865090255402516,3.6387007263148727,3.6688862454538316,67416043
2000-07-12,3.8582305908203125,3.970739479728749,3.817069023883489,3.963878752458931,77912702
2000-07-13,3.8637192249298096,3.963879140845975,3.8129531475661502,3.910369285030597,53997609
2000-07-14,3.788254976272583,3.907624349997727,3.7676744274810283,3.869206564267873,32470671
2000-07-17,3.9501593112945557,3.9789721329682393,3.8033486276335355,3.8033486276335355,68707146
2000-07-18,3.8527424335479736,3.998181092440322,3.8280456325900936,3.957019058339982,49220817
2000-07-19,3.696329355239868,3.8966497141475176,3.663399808774577,3.8815569470866924,45092097
2000-07-20,3.736117362976074,3.895276071523009,3.704559835940303,3.7525818962348354,95628972
2000-07-21,3.452101230621338,3.7855116620280542,3.419171695961905,3.756698610522114,90100127
2000-07-24,3.1968982219696045,3.3642896893992607,3.1763176687107344,3.325871895330252,35581830
2000-07-25,3.292942523956299,3.3464528469622947,3.0185306469599404,3.158480363965056,51791554
2000-07-26,3.195526123046875,3.375266103639986,3.1763175761573894,3.3478248229617225,31763289
2000-07-27,3.233943462371826,3.2517802353319425,3.1516200920655475,3.180433143491477,30231398
2000-07-28,3.243548631668091,3.3478250388563398,3.194154323261875,3.1996425797514547,38571553
2000-07-31,3.2366883754730225,3.277849949637792,3.198270813029818,3.2655014307769847,15758730
2000-08-01,3.239431858062744,3.3176392147188847,3.224339095802926,3.249036597381021,33231060
2000-08-02,3.2353157997131348,3.2874543513191448,3.205130739516693,3.276477838671235,27424951
2000-08-03,3.154364585876465,3.2490367139236893,3.1104587693712182,3.2380602015331608,35928860
2000-08-04,3.1214356422424316,3.2106192913369456,3.1008546208691627,3.1625972188751788,25928237
2000-08-07,2.967764377593994,3.13378335905599,2.9252303366372208,3.1255508587806164,28735718
2000-08-08,3.0157861709594727,3.0926215245280053,2.940323289287342,2.9883451230786977,31845006
2000-08-09,3.076157569885254,3.1214358667748012,3.040484247515518,3.05832079217193,12078438
2000-08-10,3.022646188735962,3.0953652748109923,3.0116696789403323,3.0734122552197327,11791449
2000-08-11,2.9416961669921875,3.045972599349151,2.900534116856809,3.0240198011490698,22917070
2000-08-14,2.8991613388061523,2.9636484092190942,2.853883515214313,2.9636484092190942,30693363
2000-08-15,2.8991613388061523,2.8991613388061523,2.8991613388061523,2.8991613388061523,0
2000-08-16,2.9540438652038574,3.0020659328970254,2.9087658091243003,2.9458115973061525,23865881
2000-08-17,2.9375789165496826,3.0102977834850244,2.9266024046533397,2.956787928896712,25003774
2000-08-18,2.9224863052368164,2.960903865799617,2.8964174959872766,2.960903865799617,14384984
2000-08-21,2.9513001441955566,2.985601458027597,2.918370836305419,2.936207379663943,16017257
2000-08-22,3.059692621231079,3.085761899800721,2.9375794294416226,2.9650204809167415,33396328
2000-08-23,3.0843896865844727,3.1502485319790674,3.059692415636727,3.100854456197342,28791894
2000-08-24,3.029507637023926,3.084389974465712,2.9938338496713244,3.084389974465712,14599749
2000-08-25,3.022646188735962,3.0583194959865385,2.9993209306276385,3.0075534295027677,13633661
2000-08-28,3.037738561630249,3.0706680918819083,3.019902024064958,3.032250306588306,15927899
2000-08-29,3.0130422115325928,3.055576252696196,3.0061819499743243,3.02950697910655,15673041
2000-08-30,3.022646188735962,3.056947490526288,3.0130416844005827,3.040482958889657,9660556
2000-08-31,2.991089105606079,3.0308786681580075,2.977368349811108,3.0185303841391744,8468429
2000-09-01,2.991089105606079,2.991089105606079,2.991089105606079,2.991089105606079,0
2000-09-04,3.043227434158325,3.0843894718532927,3.0048098741264266,3.011670369113499,17195474
2000-09-05,3.0528318881988525,3.0871331972600426,3.0363671200153637,3.0583201442600156,14286507
2000-09-06,3.1022257804870605,3.1392715650241128,3.0459714504308466,3.06243621766322,31863921
2000-09-07,3.103598117828369,3.1680849549206527,3.0939940770992913,3.1145746304896353,22273647
2000-09-08,3.061065196990967,3.106343026681313,3.0542044677760045,3.1008547695890125,10419662
2000-09-11,3.048715829849243,3.1241791806490893,3.0322510606290605,3.0871333916394588,12176061
2000-09-12,2.996577262878418,3.0459713295586006,2.9814845019167846,3.043227085267013,18255961
2000-09-13,2.9622766971588135,3.013042782138119,2.9581604462215814,2.9979500174061995,8002973
2000-09-14,2.923858642578125,2.9814847477133037,2.9115096587763367,2.9526716951457144,6702751
2000-09-15,2.879952907562256,2.960904051135835,2.8607438930216076,2.9554157945609187,10414194
2000-09-18,2.7907681465148926,2.8511387217217927,2.7715596025616787,2.8264419224718758,7810401
2000-09-19,2.6755146980285645,2.8127205979061936,2.664538421806068,2.771559270750829,21732797
2000-09-20,2.7262818813323975,2.7715599346918887,2.67139955484537,2.7111891191936146,21436689
2000-09-21,2.7427470684051514,2.7990014092146414,2.7166777903730854,2.764700095578071,11950324
2000-09-22,2.6220054626464844,2.7249096200345884,2.6069127006324164,2.7249096200345884,14195190
2000-09-25,2.638469934463501,2.796256400189034,2.615144441616596,2.6686549889926057,10015494
2000-09-26,2.6261210441589355,2.681003365959026,2.6027962496657886,2.681003365959026,15367582
2000-09-27,2.623377561569214,2.648074364452087,2.587703780364536,2.6343540737772893,5922361
2000-09-28,2.591820478439331,2.6480748219024792,2.5863322213872064,2.620633536641855,6452595
2000-09-29,2.5877034664154053,2.620632765987671,2.572611171809864,2.613772738010987,6208762
2000-10-02,2.5877034664154053,2.5877034664154053,2.5877034664154053,2.5877034664154053,0
2000-10-03,2.624748945236206,2.657678476979647,2.5657503756551634,2.5671228473272594,13425005
2000-10-04,2.698840856552124,2.7550951892207403,2.6069127433616144,2.6343540233565856,17557964
2000-10-05,2.668654680252075,2.752350039417521,2.6617944201930586,2.7057002244048474,8710605
2000-10-06,2.6576788425445557,2.6878643673231575,2.638470295970649,2.642586080155255,4857671
2000-10-09,2.6329822540283203,2.661795309289,2.6233777469035067,2.637098038547604,3693614
2000-10-10,2.5314488410949707,2.66179448453759,2.5177283206452663,2.6137724299068155,13515325
2000-10-11,2.416196584701538,2.5355659941633872,2.401103820382146,2.504008459601993,13084263
2000-10-12,2.3887555599212646,2.43952164406341,2.373662795438233,2.390127565858751,10530999
2000-10-13,2.4628469944000244,2.5300778512588575,2.333873304619739,2.359942583606806,30175953
2000-10-16,2.4559860229492188,2.579471431831646,2.4189407032584054,2.516356605143243,19118958
2000-10-17,2.4258010387420654,2.5012643853098684,2.387383246049472,2.4216845553467783,15623242
2000-10-18,2.4779391288757324,2.497148376666559,2.4216847897378884,2.4422658103651416,14787638
2000-10-19,2.664539337158203,2.7262821648006397,2.4985201016538445,2.5081246088368783,50289105
2000-10-20,2.80723237991333,2.878579458103364,2.7303972800688063,2.7372577732505294,57930764
2000-10-23,2.64121413230896,2.8099776015577764,2.630237619977361,2.7743038199516463,23092740
2000-10-24,2.6220054626464844,2.675515316853248,2.6014244447233783,2.6329819744645597,16584449
2000-10-25,2.6919798851013184,2.730397673617777,2.622005268352647,2.6343537849687273,30962594
2000-10-26,2.7386302947998047,2.7578388403242666,2.6823759647280685,2.6892362261459044,13915200
2000-10-27,2.7262818813323975,2.799000981406973,2.7111891191936146,2.7441186549199457,12016420
2000-10-30,2.6274938583374023,2.7235377592129297,2.61377310130644,2.7235377592129297,11103321
2000-10-31,2.6508190631866455,2.66453958926899,2.6110294909364655,2.6274942620694217,13731070
2000-11-01,2.7358856201171875,2.752350386167192,2.654934494610955,2.6960960601507176,30632235
2000-11-02,2.8387904167175293,2.866231695242124,2.741374052747853,2.741374052747853,53442635
2000-11-03,2.8991613388061523,2.9499274187510744,2.8470234860940535,2.8758365406266444,55603611
2000-11-06,2.896418333053589,2.9595327153123887,2.882697571981393,2.92797540765452,39876549
2000-11-07,2.8909294605255127,2.9307190299205237,2.8538836698704197,2.873092218561836,28902927
2000-11-08,2.9252305030822754,2.9869730933764544,2.881324686990511,2.8909291935059906,41546314
2000-11-09,2.904648542404175,2.9348340579341894,2.8813237526784574,2.9087647914413206,15285776
2000-11-10,2.794884443283081,2.9128818176193985,2.785279938088022,2.906021090533617,22436422
2000-11-13,2.8483943939208984,2.8785794451115816,2.704328465834221,2.7550945303635754,27703213
2000-11-14,2.960904121398926,2.9828571482195416,2.849767447497562,2.864860211700958,35313329
2000-11-15,2.977367877960205,3.070667977129755,2.9567873301714562,3.0130416509281015,51650223
2000-11-16,2.938951253890991,3.0555766476849233,2.926602734878467,3.00892635033322,37045059
2000-11-17,2.9622766971588135,2.984229724748188,2.8977898534077,2.9238591319343064,16549219
2000-11-20,2.9856011867523193,3.0048099673643085,2.945811619711101,2.9663921730834564,18561135
2000-11-21,2.9924609661102295,3.045971281861451,2.952671405488413,2.952671405488413,36319260
2000-11-22,3.043227434158325,3.103598018812375,3.002065862577091,3.0253908929739106,63253019
2000-11-23,3.062436819076538,3.089878103186187,2.996577970270276,3.022647248438666,33970947
2000-11-24,3.1804330348968506,3.1927820177876836,3.07615664510572,3.0816446676228155,85242562
2000-11-27,3.287454128265381,3.3052906687869332,3.188665754193855,3.2078745334959446,75651201
2000-11-28,3.324500799179077,3.3670341532197434,3.273734243320378,3.2929432607927334,53816133
2000-11-29,3.261384963989258,3.3697778478880935,3.2078746414531993,3.3066627857924664,63294269
2000-11-30,3.378009796142578,3.4274038670493674,3.238060083944582,3.2778496485942243,115983125
2000-12-01,3.362917900085449,3.449357301399061,3.3286161212372067,3.354685398583667,85375610
2000-12-04,3.4315202236175537,3.4822862983839746,3.378009671369235,3.3972186831740063,65968576
2000-12-05,3.483659029006958,3.519332347114715,3.4521017285326625,3.4521017285326625,47397681
2000-12-06,3.457590103149414,3.5522622472427905,3.4301490505789274,3.53991372697469,72361362
2000-12-07,3.5550057888031006,3.5618660505880855,3.4301483717571597,3.4301483717571597,93875263
2000-12-08,3.5893073081970215,3.6469338797192252,3.553633527637247,3.5591215505852087,84689120
2000-12-11,3.5316803455352783,3.633212960551326,3.5097273224986356,3.6071436874311003,43335111
2000-12-12,3.469937324523926,3.5371681578235457,3.4466125317928906,3.5371681578235457,40906524
2000-12-13,3.513843536376953,3.5399128092285714,3.4617056898442593,3.497379002325965,46451381
2000-12-14,3.4973788261413574,3.5906787022719717,3.4850303096967634,3.498750598676846,45367028
2000-12-15,3.379382610321045,3.5097278294658074,3.362917840665288,3.472682738646784,43262460
2000-12-18,3.401334762573242,3.4274033335902425,3.2243385925163315,3.2243385925163315,27633286
2000-12-19,3.4781713485717773,3.5454022113470027,3.421916534637217,3.421916534637217,64747274
2000-12-20,3.446613311767578,3.493262907786534,3.406823511762001,3.4589615971509056,20058953
2000-12-21,3.4315202236175537,3.478170281331682,3.36291737578731,3.416427461921926,20787049
2000-12-22,3.347824811935425,3.512472029348997,3.327243793230296,3.4548452235860085,31475890
2000-12-25,3.347824811935425,3.347824811935425,3.347824811935425,3.347824811935425,0
2000-12-26,3.3080356121063232,3.4191722863954284,3.294314853767123,3.3615454742618147,24120347
2000-12-27,3.347824811935425,3.399962895467106,3.265501203228639,3.320383531347541,20257225
2000-12-28,3.3944740295410156,3.4274033272739475,3.3601727262893832,3.3601727262893832,16323571
2000-12-29,3.5700981616973877,3.586562930168901,3.410939432310028,3.413683676917047,69317049
2001-01-01,3.6263527870178223,3.701816130742843,3.5673542109693823,3.5865627570067766,51890601
2001-01-02,3.6935837268829346,3.710048494989711,3.624981109080188,3.63595738809451,43690227
2001-01-03,3.733372926712036,3.792371731589036,3.666142088171998,3.7182806319396273,71681783
2001-01-04,3.6908397674560547,3.8115809282043545,3.646933721324418,3.7841396493720816,72563820
2001-01-05,3.6510508060455322,3.7429789480918925,3.630470480495593,3.7169096656494185,43043313
2001-01-08,3.5399134159088135,3.670259336392257,3.5179606223928825,3.6249815104069283,42258969
2001-01-09,3.485029697418213,3.574213541103305,3.4726814161999022,3.5220754733003243,38595811
2001-01-10,3.485029697418213,3.592050076783529,3.460332435811207,3.509726492911629,45969931
2001-01-11,3.4795422554016113,3.519331818220032,3.457589232428104,3.5124717898618725,22998431
2001-01-12,3.5111005306243896,3.5714711235790295,3.4315209219558103,3.4987515447270017,45433321
2001-01-15,3.6373300552368164,3.6606550893651986,3.5220771236459716,3.53442541065034,65604181
2001-01-16,3.6085164546966553,3.6743752961424554,3.5893074414382755,3.662026311823684,42945067
2001-01-17,3.4205431938171387,3.601654908385047,3.395846396074405,3.567353606195015,70627548
2001-01-18,3.5042386054992676,3.5261916256463763,3.386241937907424,3.453472537730102,59448566
2001-01-19,3.4932634830474854,3.5591223365929685,3.4740549323738215,3.5152165119149505,45258595
2001-01-22,3.553633689880371,3.5783309595580692,3.493262871071063,3.51247211755024,41636082
2001-01-23,3.587934970855713,3.648305548272325,3.575585988136676,3.5893069764659,49045450
2001-01-24,3.6263527870178223,3.655166072187625,3.5700979893301956,3.6359572930933752,55701679
2001-01-25,3.5810742378234863,3.644189292471737,3.549517176613038,3.5961669986815687,34720720
2001-01-26,3.5810742378234863,3.5810742378234863,3.5810742378234863,3.5810742378234863,0
2001-01-29,3.51933217048645,3.589307496482875,3.405451260261994,3.5687264771209493,28038167
2001-01-30,3.7127928733825684,3.729257642082901,3.512472103504024,3.512472103504024,66914235
2001-01-31,3.769047498703003,3.8582313780433037,3.707304902643136,3.732001708010195,118599154
2001-02-01,3.75532603263855,3.823929111379203,3.649677636302073,3.734745481907304,79373135
2001-02-02,3.9131128787994385,3.9309496508716633,3.732000913804708,3.7347453911340325,110114588
2001-02-05,4.090109348297119,4.150479940184505,3.9117420506268608,3.9350668507614874,151982659
2001-02-06,4.188897132873535,4.221826670828312,4.042087150121764,4.106573521043466,130730474
2001-02-07,4.165571689605713,4.214965755830371,4.085992567849842,4.214965755830371,80375344
2001-02-08,4.353545188903809,4.376870457540741,4.173805633832202,4.1765496459913,145070984
2001-02-09,4.4687981605529785,4.515448229623405,4.386474536670687,4.386474536670687,117667282
2001-02-12,4.33021879196167,4.486633486917118,4.298661032353408,4.4701689539110525,72908001
2001-02-13,4.343940734863281,4.435868158293122,4.268476915831378,4.335707767379893,85685789
2001-02-14,4.353545188903809,4.415288492223472,4.267105776152256,4.335708410698911,78834530
2001-02-15,4.35080099105835,4.41803184971305,4.323359938410835,4.387846785023548,59968951
2001-02-16,4.212222576141357,4.363148799117496,4.2012460642377105,4.349428275766367,52107468
2001-02-19,4.260242938995361,4.36314777213488,4.201245075363191,4.238289920355293,52507379
2001-02-20,4.302777290344238,4.361775621274879,4.272592238693143,4.272592238693143,69215170
2001-02-21,4.378240585327148,4.438611154283578,4.3247298104034995,4.352171317102686,115409467
2001-02-22,4.261617183685303,4.374125862233494,4.2314316556179685,4.363149348946624,56571997
2001-02-23,4.171060562133789,4.3974501308575915,4.143619049172027,4.32198725202547,112026299
2001-02-26,4.234176158905029,4.289058731710023,4.048948116594691,4.19850260311024,103699823
2001-02-27,4.33021879196167,4.374124834796064,4.1436185760291595,4.273964465901143,111777034
2001-02-28,4.239663124084473,4.430378655897392,4.1847805710226895,4.361776047212239,92215988
2001-03-01,4.4729132652282715,4.579933902233805,4.175176615825381,4.175176615825381,137195609
2001-03-02,4.311009883880615,4.649908050265915,4.269847855669765,4.555236177774123,90746097
2001-03-05,4.084620952606201,4.387846123428206,4.05031917585498,4.348056323420488,77691115
2001-03-06,4.084620952606201,4.084620952606201,4.084620952606201,4.084620952606201,0
2001-03-07,4.09422492980957,4.238290890165739,3.9830885049484768,4.157339989370225,35681643
2001-03-08,4.142247200012207,4.225942577798813,4.0407145827672695,4.064039845048387,35120791
2001-03-09,3.896648406982422,4.091480908901443,3.8115810231260268,4.091480908901443,30159317
2001-03-12,3.6208653450012207,4.0269949739697095,3.528937212936585,3.8170701293993377,34290727
2001-03-13,3.0473434925079346,3.530308372362709,3.041855236698244,3.530308372362709,60086593
2001-03-14,3.415055513381958,3.4713098448829243,2.9910892028651337,2.9910892028651337,35824701
2001-03-15,3.6455605030059814,3.689466540146667,3.294313604221315,3.294313604221315,38348078
2001-03-16,3.446613311767578,3.752582494201374,3.2929426011152185,3.623608820429416,32203862
2001-03-19,3.6579103469848633,3.699071916932246,3.320383422515976,3.320383422515976,27478616
2001-03-20,3.6181204319000244,3.7868838995104666,3.561866098067787,3.7018162793517213,20490478
2001-03-21,3.7635586261749268,3.808836444857232,3.5700979020270567,3.5755861577850405,23845095
2001-03-22,3.696329355239868,3.800605786266088,3.6496790478855723,3.759443736656007,16868963
2001-03-23,3.6565377712249756,3.7320011134307434,3.5275645760539502,3.7320011134307434,28174350
2001-03-26,3.6592824459075928,3.699072011148215,3.57009810985596,3.594795378733034,10591984
2001-03-27,3.5769591331481934,3.67711929045431,3.5646101481047183,3.6606547539192857,9133118
2001-03-28,3.611260175704956,3.6743752376266507,3.582447122389983,3.6071439253498747,10390844
2001-03-29,3.513843536376953,3.631840917454684,3.471309729474347,3.5947951331978425,15712065
2001-03-30,3.357428550720215,3.603026848804945,3.3244992546009926,3.519331253470207,18153137
2001-04-02,3.1763179302215576,3.324500396288349,3.1557369091544767,3.324500396288349,13908165
2001-04-03,3.270989179611206,3.2901977247947123,3.1694565666475385,3.1694565666475385,22583647
2001-04-04,3.270989179611206,3.2901977247947123,3.1694565666475385,3.2792214465551153,14357270
2001-04-05,3.270989179611206,3.270989179611206,3.270989179611206,3.270989179611206,0
2001-04-06,3.3876149654388428,3.460334080297161,3.2915710493535313,3.2915710493535313,24324408
2001-04-09,3.475426435470581,3.5097277467909715,3.368406017871333,3.368406017871333,13091601
2001-04-10,3.4164278507232666,3.5399132705389955,3.393102819211733,3.483658933577394,13609438
2001-04-11,3.3505687713623047,3.482286692240941,3.313523681474355,3.4699381735737056,14346601
2001-04-12,3.1557366847991943,3.29568640620986,3.103598132876936,3.29568640620986,27031149
2001-04-13,3.1557366847991943,3.1557366847991943,3.1557366847991943,3.1557366847991943,0
2001-04-16,3.3080356121063232,3.3588016954850004,3.1296676181518532,3.1296676181518532,20138924
2001-04-17,3.4713099002838135,3.498750947090291,3.3094071647891354,3.323127455135515,21167671
2001-04-18,3.6318421363830566,3.7484670848276225,3.4726833667605725,3.512472942637731,32500095
2001-04-19,3.7923715114593506,3.8939041157664196,3.6181198173343874,3.6455608601790437,53914414
2001-04-20,3.6757466793060303,3.812952595165264,3.6098878490158715,3.811580589609742,18722823
2001-04-23,3.7155368328094482,3.8253014898236395,3.6510497647075755,3.7018163089468907,16943288
2001-04-24,3.70867657661438,3.771791172925256,3.6537942480223977,3.677119045402075,17622137
2001-04-25,4.009158134460449,4.033855174615504,3.7182816765836626,3.7566994758691186,60106345
2001-04-26,3.8596041202545166,4.096970988925618,3.800605987290205,4.033855905000352,41946047
2001-04-27,3.5769591331481934,3.810208986944242,3.471310253197675,3.810208986944242,44257954
2001-04-30,3.686722993850708,3.7045597654221982,3.5700976262661217,3.5947948917978114,18116750
2001-05-01,3.686722993850708,3.686722993850708,3.686722993850708,3.686722993850708,0
2001-05-02,3.788254976272583,3.892531590196793,3.730628880319857,3.742977162983425,38392855
2001-05-03,3.671631097793579,3.814325303958583,3.6551665609721455,3.7594429707544017,19094379
2001-05-04,3.7539541721343994,3.8143247532484157,3.6496777774075135,3.655166033241229,31540615
2001-05-07,3.7704193592071533,3.8746957655378997,3.7539545898738105,3.7992324142194045,24380495
2001-05-08,3.747093439102173,3.8060920034285495,3.736116929498641,3.773162474617954,17220588
2001-05-09,3.7306289672851562,3.8417656113593943,3.7073039408125026,3.773162770542105,25754597
2001-05-10,3.7223970890045166,3.7594428785867335,3.677119264270289,3.7059325525867326,11783524
2001-05-11,3.6496779918670654,3.7594426488775725,3.635957468004969,3.7320013680965123,18736110
2001-05-14,3.5234487056732178,3.6633988936036896,3.505611930724641,3.6373296175669223,17966371
2001-05-15,3.482286214828491,3.5124717374954613,3.254524420572958,3.485030459187691,26831470
2001-05-16,3.736117362976074,3.7566983791347806,3.5193316227392932,3.5193316227392932,66294126
2001-05-17,3.8033485412597656,3.9103694219213287,3.7470944389096505,3.7566989456396374,67466537
2001-05-18,3.885671615600586,3.9240894041583303,3.7896277268483236,3.8403937989785795,48544550
2001-05-21,3.9570202827453613,4.032483646851575,3.9240907384985677,3.9432997558376566,80907020
2001-05-22,3.948786735534668,4.000924817213994,3.899392898345066,3.939182462462777,49737337
2001-05-23,3.8746960163116455,3.9199740766445546,3.8445109534988986,3.8939052646957704,29302304
2001-05-24,4.025472640991211,4.079524741441158,4.002713709257018,4.038274238076061,32920471
2001-05-25,3.991334915161133,4.063878599451623,3.9828001935181,4.03116305239934,18752692
2001-05-28,4.123620986938477,4.150647285306854,4.0084044108202175,4.0084044108202175,57941860
2001-05-29,4.132155895233154,4.193320609358694,4.1150869311557905,4.147802727518777,40317692
2001-05-30,4.0766801834106445,4.1790948977031555,4.051076263224998,4.139267006947739,36952353
2001-05-31,4.016939163208008,4.073836271951304,3.9685770194369905,4.041120476706113,34846163
2001-06-01,4.031162738800049,4.1179308718747265,3.9856448712116745,4.053921430981707,57975826
2001-06-04,3.9102561473846436,4.103706368898765,3.900299536203191,4.053921621703718,63852395
2001-06-05,3.85762619972229,3.938704357077706,3.841979372462674,3.911678546238428,33587832
2001-06-06,3.8121089935302734,3.925903439697078,3.803574754365674,3.903144502141203,26254589
2001-06-07,3.735297203063965,3.8263331827867146,3.6840898419895063,3.8263331827867146,24647268
2001-06-08,3.758057117462158,3.820643954071549,3.740987914310715,3.7523673830783437,34947437
2001-06-11,3.7708587646484375,3.802151941729261,3.7495222000409663,3.775126125892446,17124604
2001-06-12,3.750943899154663,3.7978843811777563,3.740987288470652,3.7580564887665417,26159032
2001-06-13,3.6997365951538086,3.7779702498027232,3.686934755143763,3.769435770333537,21434088
2001-06-14,3.655642032623291,3.698315165693609,3.6357283226523056,3.685513322417551,26039699
2001-06-15,3.529045820236206,3.638572670004781,3.5148218458502907,3.628616057063448,22208779
2001-06-18,3.503441333770752,3.529044769980833,3.450811122046515,3.520510532856651,23524390
2001-06-19,3.5688729286193848,3.5973215959072404,3.513398208617463,3.5205107982613533,36247748
2001-06-20,3.52193284034729,3.5973215047337335,3.4991741487063504,3.5973215047337335,11924337
2001-06-21,3.4152510166168213,3.5404246755613062,3.382534987237549,3.5276228350607357,19235246
2001-06-22,3.3540868759155273,3.4422776426562236,3.3313279371937243,3.4422776426562236,16584770
2001-06-25,3.3299055099487305,3.385380236949283,3.2602065683160033,3.3299055099487305,16863548
2001-06-26,3.376845121383667,3.401026670020637,3.3000340813854727,3.317103281922582,33280040
2001-06-27,3.4280524253845215,3.4536563465782057,3.365465599383354,3.413828454254746,21433144
2001-06-28,3.3427062034606934,3.442276403725369,3.3242148744202833,3.428051951337561,15618771
2001-06-29,3.278697967529297,3.3640434923417626,3.210421161099249,3.356931627020983,32859468
2001-07-02,3.4052929878234863,3.4508108484435946,3.328482202058284,3.3398616672133112,10721915
2001-07-03,3.174860954284668,3.3711559473975465,3.144990150402597,3.3284833013909956,27063850
2001-07-04,3.0326180458068848,3.2018872213819507,2.988522785417077,3.15636958779531,30318583
2001-07-05,3.0155489444732666,3.6129691437433644,2.9899450180025187,3.1136965641713057,25221264
2001-07-06,2.8903744220733643,3.043996727944858,2.849124160350121,3.0155480632973566,37663778
2001-07-09,2.7794249057769775,2.9245129827652794,2.752399095676372,2.8420117298797583,39672042
2001-07-10,2.9657628536224365,2.9870994108726814,2.7950713620704306,2.7950713620704306,37452664
2001-07-11,2.8562369346618652,3.0013243126806266,2.844857466139298,2.9302032384459897,34894734
2001-07-12,2.9614956378936768,2.9870995561618137,2.8818396207358616,2.908865911793201,17897157
2001-07-13,2.8861083984375,3.0496878730871635,2.8761513007969346,3.024083942241798,28309820
2001-07-16,2.9572293758392334,3.0055915103998356,2.9074441433561184,2.913133877308116,23102732
2001-07-17,2.8220975399017334,2.935891943628,2.8121404480314736,2.935891943628,35748773
2001-07-18,2.8448572158813477,2.898909324189812,2.7879601198862294,2.8448572158813477,22032842
2001-07-19,2.6386046409606934,2.7310624946401107,2.6258023196579745,2.7310624946401107,52960153
2001-07-20,2.647139549255371,2.6869676879690725,2.6215361082153983,2.6485619223777213,20136591
2001-07-23,2.6599416732788086,2.674166130851748,2.588820593477023,2.631492999745512,414836
2001-07-24,2.5916645526885986,2.6570966088435433,2.5518364181285333,2.6471392731878627,16002652
2001-07-25,2.583130359649658,2.6542514257092034,2.574595396819948,2.5916645976417603,13024311
2001-07-26,2.5561039447784424,2.6215357573882585,2.5404571176888577,2.5774405052085556,18985874
2001-07-27,2.5561039447784424,2.608733676162676,2.543302105165384,2.5745952761195046,13355453
2001-07-30,2.560371160507202,2.581707719731643,2.5433019614501515,2.5461467071534045,14341400
2001-07-31,2.672743320465088,2.685544918288461,2.568905507228053,2.5888199360630955,19485099
2001-08-01,2.614423990249634,2.7097268636638825,2.5945100399405265,2.6741660827895335,11079204
2001-08-02,2.628648519515991,2.6414501207105605,2.6101569419487043,2.627226146229104,5186908
2001-08-03,2.644294500350952,2.6741652962222586,2.5831300525537397,2.6215355686275688,14479079
2001-08-06,2.6457173824310303,2.6883900252072883,2.6386052753016536,2.658518981973865,11121310
2001-08-07,2.6243808269500732,2.6627863505262828,2.617268719800318,2.658518989591408,4226823
2001-08-08,2.610156536102295,2.625802881437829,2.585974985922215,2.585974985922215,4522040
2001-08-09,2.6229586601257324,2.648562102910905,2.577441025820024,2.610156817926859,6193427
2001-08-10,2.614423990249634,2.641450048411095,2.608734255645235,2.6314929524502526,5667182
2001-08-13,2.585974931716919,2.6272256826586853,2.57886282492482,2.6172685881822217,5209243
2001-08-14,2.5845530033111572,2.61015693042501,2.581708498362526,2.61015693042501,3295538
2001-08-15,2.5845530033111572,2.584553003311157,2.584553003311157,2.584553003311157,0
2001-08-16,2.578862428665161,2.6144231987740447,2.5731726957832395,2.588819763224155,7819128
2001-08-17,2.5674831867218018,2.60019896935676,2.560371081071811,2.5930871053192726,7465134
2001-08-20,2.541879892349243,2.5717509338654976,2.5034743710908622,2.5703285608438997,10869408
2001-08-21,2.5319228172302246,2.55752625665134,2.524810952068144,2.55752625665134,4482233
2001-08-22,2.5319228172302246,2.5319228172302246,2.5319228172302246,2.5319228172302246,0
2001-08-23,2.4736032485961914,2.5333450880603894,2.467913515083525,2.5333450880603894,8858686
2001-08-24,2.46933650970459,2.503474919374802,2.457957039814519,2.503474919374802,5764805
2001-08-27,2.457956552505493,2.5020520499903895,2.4508446872499228,2.489249726080183,5271760
2001-08-28,2.418128728866577,2.4736034540124807,2.4138613679745684,2.446577398792381,11103196
2001-08-29,2.342740058898926,2.4323527048576863,2.3370503249057015,2.4181287322934546,19142504
2001-08-30,2.339895009994507,2.398214479886471,2.332782903091833,2.361231572315075,20818593
2001-08-31,2.2787303924560547,2.3541195498098286,2.2687737806929213,2.334205359833344,13460182
2001-09-03,2.2445919513702393,2.3043342722770377,2.233212484684423,2.2787301098151636,13057884
2001-09-04,2.3740334510803223,2.4010597504288875,2.2417476672389185,2.247437401753744,46986834
2001-09-05,2.3669214248657227,2.4295082586831684,2.3470069929918846,2.4295082586831684,13771163
2001-09-06,2.3911027908325195,2.411016983575096,2.3327833107491407,2.3470072854276034,14181529
2001-09-07,2.3939480781555176,2.4437325947570567,2.3398954750813754,2.3398954750813754,13410347
2001-09-10,2.3882572650909424,2.4593783161490634,2.3726104405681676,2.418128058212856,12826715
2001-09-11,2.3839898109436035,2.418128207493989,2.3569637615505896,2.3896795437020013,7473505
2001-09-12,2.3029117584228516,2.3384722876243242,2.204763683054246,2.2218328820384587,14152497
2001-09-13,2.3014893531799316,2.3327830115872072,2.284420150852115,2.3327830115872072,5586249
2001-09-14,2.1763157844543457,2.3043346868980756,2.142177378254342,2.2943773497406976,13301450
2001-09-17,2.0326502323150635,2.247437008203711,2.0155811525658507,2.247437008203711,17899793
2001-09-18,2.079590320587158,2.1564018471715167,2.005624023302283,2.005624023302283,11871100
2001-09-19,2.0326502323150635,2.1336428210589156,2.019848513107853,2.1336428210589156,15402154
2001-09-20,2.046875,2.099504741080446,1.9885551621119264,2.0198488220564665,13324587
2001-09-21,2.0184266567230225,2.086703230720493,1.9999347171462427,2.0170038002424655,13380798
2001-09-24,2.063944101333618,2.09523727650905,2.041185406513981,2.0767459426735884,3751072
2001-09-25,2.039762258529663,2.1151511642794274,2.026960419020038,2.0810130061246013,9177023
2001-09-26,2.029806137084961,2.0739009163061843,2.0141591855460406,2.041185606415495,6027392
2001-09-27,1.9131664037704468,1.9828652199060426,1.8776057487770246,1.8776057487770246,22373460
2001-09-28,1.971486210823059,2.0056245007109315,1.913166848709231,1.9345032949899388,17439539
2001-10-01,1.981442928314209,2.0340726628334473,1.9643737272758595,1.9914000226563813,7654893
2001-10-02,1.981442928314209,1.9814429283142092,1.9814429283142092,1.9814429283142092,0
2001-10-03,1.9857105016708374,2.042607602947174,1.9785985150191485,2.019848786597896,7034748
2001-10-04,1.9999340772628784,2.034072353338996,1.9913997196547883,2.0056236892703554,3788226
2001-10-05,2.0511417388916016,2.0625209639446034,1.98002043465085,2.019848447173929,8889303
2001-10-08,2.046875,2.0739008155246794,1.9686414541700719,1.9914002709188825,12935594
2001-10-09,2.04829740524292,2.0852803169297522,2.036917936287322,2.052564766504412,5170326
2001-10-10,2.0682108402252197,2.0767458032330586,2.0497195076313357,2.051141880659705,4443547
2001-10-11,2.065366744995117,2.1165741170625334,2.0554096485986357,2.0909701894162365,8190844
2001-10-12,2.0369181632995605,2.0952376461809217,1.994245149960211,2.090970284443837,12140314
2001-10-15,2.088125228881836,2.1023492004933138,2.0155811857305324,2.0454521059847224,8144179
2001-10-16,2.1137287616729736,2.1521342840524613,2.0767458539691512,2.0852800923478636,8293471
2001-10-17,2.1734704971313477,2.1948070560991257,2.122263142188694,2.15213393816357,15167369
2001-10-18,2.273040533065796,2.290109734270446,2.127953168470163,2.1407550089705154,36606213
2001-10-19,2.2445919513702393,2.3029118993444415,2.1933845928965896,2.2758856055624967,13789828
2001-10-22,2.258816719055176,2.287265389718363,2.2261006873893714,2.275885921453088,11690799
2001-10-23,2.277308225631714,2.3285155896624565,2.2730406231457505,2.2787303571061166,11695466
2001-10-24,2.275885820388794,2.3327829175760044,2.2545492579357482,2.2573942456820095,19125548
2001-10-25,2.275885820388794,2.284420058789937,2.2545492579357482,2.273040591029985,8592910
2001-10-26,2.275885820388794,2.275885820388794,2.275885820388794,2.275885820388794,0
2001-10-29,2.277308225631714,2.3014892929475805,2.2616613968375696,2.2829979595920795,9621372
2001-10-30,2.2261009216308594,2.2687740529221996,2.216143825447869,2.2687740529221996,5768491
2001-10-31,2.1421773433685303,2.1876952175606004,2.079590507966998,2.1876952175606004,9248302
2001-11-01,2.1421773433685303,2.1876952175606004,2.1279533701023543,2.147867077642539,11537197
2001-11-02,2.190540075302124,2.211876637964591,2.1507121793639254,2.169203512639657,9509109
2001-11-05,2.21329927444458,2.2417477058967124,2.1905403359928113,2.2147216476946707,5851028
2001-11-06,2.2431700229644775,2.3043347289248226,2.2346357836776805,2.273040826918558,6078011
2001-11-07,2.233212471008301,2.2858426853172893,2.226100364776351,2.280152952009225,4638364
2001-11-08,2.2175660133361816,2.2602386485361623,2.2118762803203484,2.2602386485361623,5162418
2001-11-09,2.3413171768188477,2.3939476384990823,2.2246784768849777,2.2346355716667072,35353582
2001-11-12,2.4124391078948975,2.438042549608716,2.3612317412421344,2.3626538727893562,29396702
2001-11-13,2.419550895690918,2.4408874567194485,2.368343294189963,2.4138611621908117,10945871
2001-11-14,2.4380431175231934,2.467914410512235,2.4252415144905775,2.4380431175231934,3740760
2001-11-15,2.4295082092285156,2.4608013838876817,2.418128741200153,2.432352713816776,6394763
2001-11-16,2.4295082092285156,2.4295082092285156,2.4295082092285156,2.4295082092285156,0
2001-11-19,2.4864048957824707,2.5176980652566354,2.4337751668872674,2.4750254296395853,27221870
2001-11-20,2.4906725883483887,2.560371525758654,2.472180772189239,2.560371525758654,18145639
2001-11-21,2.55325984954834,2.571751427214039,2.463646707808759,2.4750261773895867,20054767
2001-11-22,2.6044673919677734,2.665631374869909,2.5745958623068907,2.5888205613156976,19463156
2001-11-23,2.5760183334350586,2.6428720409723607,2.56037150512363,2.621535962101185,12104282
2001-11-26,2.6855452060699463,2.802184146404274,2.601621812674771,2.6414497081627055,27005822
2001-11-27,2.6243808269500732,2.7040368619299264,2.608733997930569,2.7040368619299264,20144677
2001-11-28,2.610156536102295,2.6457173124207305,2.60304418754857,2.6314926153132805,9820553
2001-11-29,2.5546820163726807,2.600199649404659,2.546147294070545,2.5674838582133175,13426911
2001-11-30,2.5546820163726807,2.5546820163726807,2.5546820163726807,2.5546820163726807,0
2001-12-03,2.6158463954925537,2.6258030074303793,2.5546819346060374,2.5674837760369305,9689090
2001-12-04,2.66989803314209,2.6940790969612634,2.6058888373596862,2.6243804096537713,12300578
2001-12-05,2.6172683238983154,2.7239506398449653,2.604466726255238,2.6741654141023514,19572979
2001-12-06,2.563216209411621,2.671320918138174,2.5433025020311537,2.645717476529332,19051597
2001-12-07,2.6542510986328125,2.6741652846105555,2.5532590039832197,2.5731727067359507,25194797
2001-12-10,2.7011916637420654,2.7154156340490156,2.5745951628862747,2.5745951628862747,16283853
2001-12-11,2.752399444580078,2.799339689413732,2.7040368266575374,2.7083041875367475,16539726
2001-12-12,2.7353310585021973,2.787960806739686,2.716838996401978,2.731063696727162,8251954
2001-12-13,2.630070447921753,2.7580890959512936,2.5632160153955863,2.7580890959512936,13455533
2001-12-14,2.614423990249634,2.638605543527763,2.5745958480188413,2.5745958480188413,2962650
2001-12-17,2.614423990249634,2.614423990249634,2.614423990249634,2.614423990249634,0
2001-12-18,2.5561039447784424,2.6386049574098442,2.477870292555568,2.620113142843733,11621265
2001-12-19,2.5390350818634033,2.5802853520433593,2.5205435064546986,2.5603716451263625,7839842
2001-12-20,2.6229586601257324,2.641449995201817,2.503474719065391,2.503474719065391,13944321
2001-12-21,2.55325984954834,2.6642090739299484,2.53050115199927,2.590242763267152,9230580
2001-12-24,2.4750258922576904,2.5319229919944934,2.45368932884854,2.5319229919944934,10072169
2001-12-25,2.4750258922576904,2.4750258922576904,2.4750258922576904,2.4750258922576904,0
2001-12-26,2.3911027908325195,2.5233885822095026,2.3740335863157056,2.483560438336937,6183898
2001-12-27,2.295799732208252,2.4010596976107466,2.2531270867046276,2.3768786284703873,17247073
2001-12-28,2.4124391078948975,2.4323528153570133,2.25170490052512,2.290109942289566,7398040
2001-12-31,2.477870464324951,2.5006291576522046,2.4095936595055667,2.460801263120105,3447305
2002-01-01,2.443732261657715,2.523388298845272,2.4323527932576976,2.4750259205640415,3029441
2002-01-02,2.4920949935913086,2.5048965928600264,2.438042400695332,2.4721808041204074,3659061
2002-01-03,2.6016225814819336,2.620114161625622,2.503475186823236,2.503475186823236,9671688
2002-01-04,2.7111480236053467,2.7310624500021445,2.6172680403114352,2.648561207001078,15165089
2002-01-07,2.810718536376953,2.8377448294808296,2.7481317127877416,2.7481317127877416,12110623
2002-01-08,2.820675849914551,2.8889524061815997,2.723950627864349,2.802183794333597,21814603
2002-01-09,2.8775734901428223,2.9017545586669686,2.8021843301915133,2.842012228291645,17627018
2002-01-10,2.967186212539673,2.994212511265156,2.8733061992408584,2.8733061992408584,22685990
2002-01-11,2.8462796211242676,3.0027469388969608,2.819253325051689,2.958651441348944,13813927
2002-01-14,2.898909330368042,2.955806426484421,2.874728022236386,2.874728022236386,5116002
2002-01-15,2.878995656967163,3.01554879728744,2.861926695636553,2.987100367328046,9185839
2002-01-16,2.9472720623016357,2.9814104662788035,2.870460774159284,2.8875299761478677,7714684
2002-01-17,3.0596439838409424,3.0952045176316014,2.9088664024408932,2.9586513913603567,25326812
2002-01-18,3.098050117492676,3.1720164347419564,2.8448579840298684,2.8448579840298684,16089641
2002-01-21,3.223222255706787,3.2374467078929428,3.0454188986985073,3.157790693777937,21397059
2002-01-22,3.0752904415130615,3.243137230253367,3.045419640356361,3.243137230253367,11445951
2002-01-23,2.9486937522888184,3.0980486914603937,2.944426392377131,3.0724452568277627,15832771
2002-01-24,2.8533918857574463,2.972876071196251,2.844857646244073,2.962919458430649,13519600
2002-01-25,2.692656993865967,2.844856934067458,2.6698980610774212,2.746709580045022,24143483
2002-01-28,2.745286703109741,2.7595111568009956,2.6656306805662826,2.7026140668735295,11828104
2002-01-29,2.718261480331421,2.7794254605079782,2.6926575548042018,2.765201486970757,9156593
2002-01-30,2.8277883529663086,2.8420123266514214,2.702614678476519,2.731063350684458,16664599
2002-01-31,2.8505473136901855,2.9045994289017343,2.8192536532031363,2.8448575792027744,16042763
2002-02-01,2.874727964401245,2.9159782314091425,2.846279537721666,2.89890927204641,9783256
2002-02-04,2.840590000152588,2.8960647259422996,2.8306329051598618,2.8733060313500838,5955026
2002-02-05,2.7879602909088135,2.847701895030246,2.7751584495649184,2.847701895030246,8746922
2002-02-06,2.8733062744140625,2.915978679376442,2.8021844719514117,2.8021844719514117,15262177
2002-02-07,2.8477017879486084,2.9558064903570744,2.8405899225944897,2.844857283419509,13413677
2002-02-08,2.8462796211242676,2.9131338123603228,2.8249430588768347,2.8789954094094474,7427660
2002-02-11,2.933047294616699,2.9728754283549024,2.859081002143992,2.86761596464954,16425628
2002-02-12,2.9927902221679688,3.0696010344741684,2.970031283993854,3.0155489187295084,24177823
2002-02-13,2.9686083793640137,3.0439970465550674,2.96149603124832,3.0439970465550674,8020339
2002-02-14,2.98994517326355,3.0155491010638515,2.9415830307507904,2.9984801380137704,9778893
2002-02-15,3.1208078861236572,3.154946287722498,3.0155484185585704,3.0724457545566386,33213534
2002-02-18,3.0824029445648193,3.199041882954821,3.059644009458213,3.130765319247544,14368616
2002-02-19,2.981410503387451,3.119386010884265,2.974298396206824,3.098049447729828,8767138
2002-02-20,2.937314510345459,3.0198157612589824,2.933047150109196,3.0155481594102045,6164751
2002-02-21,2.9387378692626953,2.994212846110241,2.9330481342427577,2.970031532678653,5376008
2002-02-22,3.220379114151001,3.233180715792706,2.9444275726775224,2.9572298991570074,60811483
2002-02-25,3.2047319412231445,3.294345076069682,3.1890851113499137,3.2146890367436156,45587903
2002-02-26,3.189085006713867,3.284387631173653,3.143567133385263,3.23602549479341,52812499
2002-02-27,3.1535234451293945,3.240291567589997,3.1321868869042464,3.2004634383222204,18307149
2002-02-28,3.005591630935669,3.2573615831677136,2.9586516259649027,3.15352423639517,50613479
2002-03-01,3.014127016067505,3.058221797694784,2.9614967863325514,3.012704159501533,11811718
2002-03-04,3.1293435096740723,3.1720161582637543,3.0340406329643903,3.0653342951769624,38805892
2002-03-05,3.0212385654449463,3.208999316697998,2.9045993731121973,2.9045993731121973,16681074
2002-03-06,2.9060218334198,2.9970573370174316,2.8733060436943054,2.9344705037979835,27062176
2002-03-07,2.9387378692626953,2.95580707432251,2.8533920855762203,2.901754954051992,20052273
2002-03-08,2.933047294616699,3.043996974938287,2.9174009506128984,2.998479349421439,16362168
2002-03-11,2.898909330368042,2.97998797622862,2.89321959659515,2.97998797622862,6682731
2002-03-12,2.8050291538238525,2.918823590439531,2.7893823251643344,2.918823590439531,11524836
2002-03-13,2.8505473136901855,2.8718838784211216,2.824943387690548,2.824943387690548,8101753
2002-03-14,2.843435287475586,2.887530308194764,2.8192537340016255,2.854814756776539,4772998
2002-03-15,2.8462796211242676,2.8733059171968467,2.833477780420826,2.8647709540403103,4134063
2002-03-18,2.9188239574432373,2.972876073979165,2.8690387190554123,2.9017547535627757,11380905
2002-03-19,2.8903744220733643,3.012703076026353,2.87614996894336,2.989944144308352,5983880
2002-03-20,2.8505473136901855,2.930203354901372,2.8391678447153628,2.908866790170436,8450956
2002-03-21,2.8420116901397705,2.873305584978618,2.833477452807618,2.8448569191421895,3439700
2002-03-22,2.840590000152588,2.8733060313500838,2.820676293392246,2.8733060313500838,3889500
2002-03-25,2.840590000152588,2.840590000152588,2.840590000152588,2.840590000152588,0
2002-03-26,2.839167833328247,2.8846854674324063,2.7979175604756743,2.8846854674324063,4855783
2002-03-27,2.758089303970337,2.8676163858211625,2.7481322086702393,2.8491248099870967,14920490
2002-03-28,2.780848503112793,2.816409043368167,2.7538222025836063,2.768046177073171,12788404
2002-03-29,2.780848503112793,2.7808485031127925,2.7808485031127925,2.7808485031127925,0
2002-04-01,2.7836923599243164,2.813563400073765,2.7765804951417437,2.799339428896091,3951678
2002-04-02,2.83205509185791,2.8704603680770875,2.7908043450118014,2.800761438499656,4047377
2002-04-03,2.8178303241729736,2.859080583198852,2.797916622640645,2.8235200567304206,4365481
2002-04-04,2.8363218307495117,2.866193351370314,2.81925287361978,2.8292099666225456,3050173
2002-04-05,2.8249430656433105,2.8690383216844015,2.816408585691422,2.857658854006853,5140635
2002-04-08,2.8448572158813477,2.9102885500988016,2.8391674821205815,2.8733058846851782,11402759
2002-04-09,2.8462796211242676,2.8932196231660394,2.839167514245972,2.851969354949414,4219841
2002-04-10,2.8533918857574463,2.886107920234184,2.792227903010973,2.8619268501085564,7064172
2002-04-11,2.945850133895874,2.9671862150304795,2.8917975363995336,2.8917975363995336,11784646
2002-04-12,2.982832908630371,3.0283505400442077,2.9358929040875985,2.9430047697322754,29294325
2002-04-15,2.940159559249878,3.015547974723272,2.9202453737753022,3.007013254773454,7818629
2002-04-16,2.910288095474243,2.958650945692125,2.8946417528982464,2.8974864985279725,4277780
2002-04-17,2.9742982387542725,2.9871000793242124,2.925935380938604,2.9430045822360382,6887950
2002-04-18,3.1350326538085938,3.150679481966885,2.9970571545049784,2.9970571545049784,37124585
2002-04-19,3.1421449184417725,3.2004643945645075,3.0226609781637497,3.1506798825394275,34299846
2002-04-22,3.1136956214904785,3.1805498014979383,3.0980487956961773,3.172015081387409,9949344
2002-04-23,3.1037399768829346,3.1222317985471992,3.0724467939168116,3.0724467939168116,4032415
2002-04-24,3.1236531734466553,3.1464121082692302,3.0809800498480575,3.108006345353,4882304
2002-04-25,3.1805498600006104,3.2004635629914575,3.1236527718713747,3.1577909281039123,11002047
2002-04-26,3.2274906635284424,3.240292505524149,3.0667564519837467,3.0667564519837467,15267449
2002-04-29,3.1990418434143066,3.236025233311695,3.1307652805509356,3.1748605355655566,6760049
2002-04-30,3.1691713333129883,3.213266837334739,3.1521023709441733,3.160636610516,6312333
2002-05-01,3.1691713333129883,3.1691713333129883,3.1691713333129883,3.1691713333129883,0
2002-05-02,3.2644739151000977,3.324215761261972,3.1862402517395356,3.193352359024576,27065827
2002-05-03,3.2545166015625,3.31141369763771,3.200464009952863,3.2843874018328916,24680005
2002-05-06,3.3697330951690674,3.3853799231039514,3.2459818111489915,3.264473626714098,20721006
2002-05-07,3.374000310897827,3.385379777704907,3.3014563912120893,3.3014563912120893,11463085
2002-05-08,3.4436991214752197,3.4778375206909993,3.3967591245691713,3.398181497466699,24814211
2002-05-09,3.4138286113739014,3.510553842343343,3.2715857525666556,3.2715857525666556,16576559
2002-05-10,3.3370180130004883,3.420941668519369,3.3284837725262726,3.420941668519369,8804238
2002-05-13,3.3270606994628906,3.3569317429040644,3.305724136313814,3.3284830725761476,5650796
2002-05-14,3.365466833114624,3.385381028189137,3.3171044437393387,3.3455531212653447,8821835
2002-05-15,3.3242151737213135,3.385379623819691,3.2730078170296544,3.385379623819691,8532691
2002-05-16,3.345552921295166,3.413829501663941,3.2786987143145194,3.413829501663941,8638257
2002-05-17,3.3441295623779297,3.365465640137224,3.287232469107198,3.3313272392072664,9874930
2002-05-20,3.3099918365478516,3.3427071439557716,3.2858100432336097,3.3427071439557716,6140671
2002-05-21,3.1805498600006104,3.2715853459748923,3.073867547944221,3.2161103890735645,10591218
2002-05-22,3.0895140171051025,3.191928957196078,3.0624879698093848,3.1293421433231137,7778163
2002-05-23,2.979987859725952,3.129342821797116,2.9600736714931033,3.0866696993624596,15766015
2002-05-24,3.1905062198638916,3.200462827458571,3.0155473939390935,3.063909750686138,8204060
2002-05-27,3.1990418434143066,3.385379957861995,3.127920534504043,3.271585766960557,8016260
2002-05-28,3.129721164703369,3.2447630285435114,3.112022397149195,3.197566565589693,7020874
2002-05-29,3.1400458812713623,3.1813427599442403,3.098749002598484,3.157744650927171,16100649
2002-05-30,3.1606943607330322,3.293434498005428,3.145945261739661,3.154794771240482,19995741
2002-05-31,3.231489658355713,3.2713114548574724,3.1267721173881595,3.156270069179871,16833554
2002-06-03,3.507293939590454,3.5618653324162426,3.29048520727893,3.29048520727893,40729857
2002-06-04,3.5544910430908203,3.6120121158119622,3.473372358827919,3.5102444880383286,40567973
2002-06-05,3.6297099590301514,3.6946054454608257,3.5677648937472344,3.5677648937472344,42678454
2002-06-06,3.5515410900115967,3.6724820564937044,3.524992810234246,3.657733207024961,27207336
2002-06-07,3.5353167057037354,3.6459335637037222,3.498444336195747,3.513193183789351,24587779
2002-06-10,3.750652313232422,3.7727753413548086,3.578089587379463,3.578089587379463,55404395
2002-06-11,3.7978482246398926,3.853893701503417,3.7771992845267914,3.805222398744562,40189417
2002-06-12,3.8538942337036133,3.949762769211289,3.775725221635377,3.834720877335734,51349413
2002-06-13,3.8081727027893066,4.08250304823989,3.787524510808443,3.864218690037534,22523785
2002-06-14,3.8951902389526367,3.9615608021091213,3.796372312564389,3.8317695955142925,55180083
2002-06-17,3.9586119651794434,4.019082458742936,3.923214670307267,3.9822103287769295,42303176
2002-06-18,3.8996164798736572,3.996959608773817,3.8642189329055876,3.974836079287758,33351231
2002-06-19,3.802271604537964,3.937962138924373,3.763924655388597,3.9158386195999495,25403685
2002-06-20,3.7786753177642822,3.8612693507435574,3.7344287559593234,3.8612693507435574,31193283
2002-06-21,3.828821897506714,3.901091581005383,3.7506526224444716,3.794899183385149,31797094
2002-06-24,3.912889242172241,4.595764257434466,3.8420944214698514,4.595764257434466,43565693
2002-06-25,3.9851603507995605,3.999909203160909,3.909940752813377,3.949763055027512,49648513
2002-06-26,3.889291763305664,3.982210127378421,3.88044275319022,3.98073529235918,26049762
2002-06-27,4.066277503967285,4.083976270434925,3.8524184738768166,3.896665515307898,86077133
2002-06-28,4.153298377990723,4.188695676392831,4.058905164711639,4.097252634643712,79960169
2002-07-01,4.259490013122559,4.284562960784603,4.1665716462228,4.181320748436061,73214546
2002-07-02,4.199018478393555,4.271288134359001,4.178369790525727,4.271288134359001,41593478
2002-07-03,4.16362190246582,4.229991980424181,4.141498376130348,4.181320422905364,40455068
2002-07-04,4.266862869262695,4.290461223703251,4.117898820535583,4.1370721703635915,58563768
2002-07-05,4.260962963104248,4.33175802531232,4.237365110082792,4.303735418271873,42882355
2002-07-08,4.229991912841797,4.331759280577343,4.219667316789635,4.277188133609216,22283140
2002-07-09,4.212292671203613,4.290462174988787,4.196068986821566,4.2491647950373626,32260163
2002-07-10,4.18279504776001,4.237366192859002,4.160671522535765,4.196069062684951,25000906
2002-07-11,4.176895618438721,4.25359029171274,4.150347838091443,4.159196847683178,42686451
2002-07-12,4.2329421043396,4.283087995202493,4.206393572403175,4.206393572403175,58227460
2002-07-15,4.050055027008057,4.232942073057357,4.038256097107994,4.232942073057357,37968008
2002-07-16,4.004333972930908,4.08397782606251,3.989584619470421,4.041206103961829,30201084
2002-07-17,4.072176933288574,4.091351034627766,3.996957867688227,4.011706463380967,32452985
2002-07-18,4.039730548858643,4.119374638320016,4.011707433640593,4.086927269005248,26117640
2002-07-19,4.019082069396973,4.070703547396688,4.002858634412426,4.070703547396688,18467253
2002-07-22,3.952711582183838,3.9984334651226288,3.9025656958982013,3.9822095307695093,24031612
2002-07-23,3.847994565963745,4.014657935076567,3.8140721084575846,3.9586117000245884,72404287
2002-07-24,3.8819167613983154,3.9468119978513263,3.8494688926478076,3.920264219874006,63727397
2002-07-25,3.8922417163848877,4.011707863374144,3.8671682682281294,3.9232145046678943,42929732
2002-07-26,3.6606826782226562,3.893715840023119,3.6429839095054066,3.893715840023119,58341201
2002-07-29,3.6090614795684814,3.678380963718173,3.4748462637035753,3.678380963718173,57019018
2002-07-30,3.505819082260132,3.7078792147529285,3.470421794676839,3.6990302060121056,49147400
2002-07-31,3.6813313961029053,3.7167286832933573,3.4674720866144293,3.4851708554716545,48910460
2002-08-01,3.622335910797119,3.7447519623952927,3.5987375512761184,3.7300028624326633,38778463
2002-08-02,3.5795645713806152,3.5972630923468314,3.5102443204127898,3.5264682569098618,28835513
2002-08-05,3.6769063472747803,3.7093542128473596,3.6016865230146897,3.6577327451767894,28971785
2002-08-06,3.663633346557617,3.6754325281124,3.5692401446434046,3.6577337557802263,22870832
2002-08-07,3.662158489227295,3.7536017699347872,3.631185449941281,3.712304634744147,35492828
2002-08-08,3.3981518745422363,3.6724816465541297,3.377503186962088,3.6651072226429258,67228332
2002-08-09,3.473371744155884,3.5013943569774812,3.356855034793647,3.4807461686929364,81428670
2002-08-12,3.5397424697875977,3.5736651796618037,3.4807468120626144,3.4969707494621103,36645522
2002-08-13,3.5441675186157227,3.5957885041852435,3.527943579874618,3.5677658838667594,14385073
2002-08-14,3.4822213649749756,3.557441209940071,3.437975060500337,3.539742437626169,34517888
2002-08-15,3.4822213649749756,3.4822213649749756,3.4822213649749756,3.4822213649749756,0
2002-08-16,3.507293939590454,3.55449040684616,3.4895951704230637,3.5264677940814617,20700559
2002-08-19,3.499919891357422,3.5397421888964904,3.463047764782772,3.5397421888964904,24470155
2002-08-20,3.4881205558776855,3.511718916257637,3.465997030390477,3.511718916257637,24594156
2002-08-21,3.5367913246154785,3.57661361434819,3.467471840453434,3.467471840453434,26880521
2002-08-22,3.581038236618042,3.622335359494563,3.569239058653322,3.569239058653322,35610612
2002-08-23,3.594313621520996,3.617911986460389,3.4984455771097958,3.579565019219975,30340099
2002-08-26,3.6164357662200928,3.6488831297986084,3.583987901593637,3.5898874905689957,22797006
2002-08-27,3.547116279602051,3.6429840501766955,3.5397418549827706,3.6282354514621407,18351018
2002-08-28,3.553016185760498,3.623811024134479,3.5176188918355296,3.5397424197471743,43322091
2002-08-29,3.514669179916382,3.5810392618136886,3.505819668647379,3.517618849990021,29409046
2002-08-30,3.6444594860076904,3.6724820999103827,3.516143592226221,3.545641542036446,36943536
2002-09-02,3.65773344039917,3.731477942972012,3.6444596754496033,3.6960804013597497,24129074
2002-09-03,3.622335910797119,3.6665824591129814,3.601686970430231,3.656258615239559,7738230
2002-09-04,3.628235340118408,3.6385596845829684,3.545641335973918,3.545641335973918,8001905
2002-09-05,3.6769063472747803,3.6901801097014135,3.6238100449483595,3.6547828253411105,16102305
2002-09-06,3.597262382507324,3.6990299853396573,3.5766136945812383,3.656258275833304,17598787
2002-09-09,3.566288948059082,3.628234754320973,3.529416832047414,3.5854630496426467,12739316
2002-09-10,3.566288948059082,3.566288948059082,3.566288948059082,3.566288948059082,0
2002-09-11,3.553016185760498,3.6046376673796536,3.533842829005672,3.5751397136721423,10752390
2002-09-12,3.553016185760498,3.6075870869643367,3.5397424197471743,3.554491020814862,18874591
2002-09-13,3.575139284133911,3.610536824330056,3.5544905937574853,3.5603901837901764,13507007
2002-09-16,3.5500664710998535,3.6046373677678454,3.544166880848716,3.5839886766268516,7822672
2002-09-17,3.558915853500366,3.5972633194118138,3.5426919159792134,3.569240200152377,9927330
2002-09-18,3.501394271850586,3.5618652530514354,3.4763210787197925,3.547116153811912,17036974
2002-09-19,3.465996742248535,3.501394279875726,3.4423986343544057,3.4954946902711943,14455979
2002-09-20,3.4556732177734375,3.4777962424151183,3.4070014111512483,3.4247001815982205,15909412
2002-09-23,3.426175117492676,3.4659966574075174,3.3981520049261036,3.4512480595432016,9809367
2002-09-24,3.4202756881713867,3.452723055935266,3.38192822962316,3.435024286726239,13274395
2002-09-25,3.435023784637451,3.4453481277979674,3.3922520784558046,3.3922520784558046,12282713
2002-09-26,3.4129011631011963,3.449773791173485,3.407001572672514,3.449773791173485,9224881
2002-09-27,3.442399024963379,3.451248535636329,3.408476819305164,3.4188006638675463,23933883
2002-09-30,3.4291250705718994,3.5131939203185576,3.418800724777526,3.4497737621606466,26821015
2002-10-01,3.437974691390991,3.451248456046256,3.3848783801498348,3.4364993554394805,12248035
2002-10-02,3.437974691390991,3.437974691390991,3.437974691390991,3.437974691390991,0
2002-10-03,3.4541969299316406,3.4704211115254244,3.424699237839509,3.4512475114559584,10604078
2002-10-04,3.4822213649749756,3.49254596197981,3.454198246180286,3.46452284318512,8844526
2002-10-07,3.5618653297424316,3.5795640988965363,3.4748465692944195,3.4777959883674345,12002083
2002-10-08,3.542691707611084,3.588413596788753,3.5294179420912926,3.567765405747283,9222120
2002-10-09,3.5294175148010254,3.5677649738144663,3.5249927598140887,3.5603900481375645,6131640
2002-10-10,3.5367913246154785,3.5751387796791216,3.465996504736406,3.519092807538695,7333991
2002-10-11,3.560389757156372,3.625284989215701,3.547115994328403,3.597262378335335,10444295
2002-10-14,3.606111526489258,3.6385593920479713,3.5707139916201025,3.598737102689178,8769150
2002-10-15,3.606111526489258,3.6061115264892574,3.6061115264892574,3.6061115264892574,0
2002-10-16,3.612011671066284,3.6724821559448846,3.598737656080152,3.6282356063404544,16897763
2002-10-17,3.578089475631714,3.61938636135829,3.5589158678606494,3.61938636135829,11955311
2002-10-18,3.522043466567993,3.601687311176238,3.5102442856912037,3.59873789174309,16445310
2002-10-21,3.5353167057037354,3.5648144008909437,3.499919170850312,3.511718349134786,11370931
2002-10-22,3.5412163734436035,3.5574403065758418,3.5161431816635877,3.5574403065758418,10328719
2002-10-23,3.520568609237671,3.5795645132470577,3.5102442634050206,3.5323677900395483,6202315
2002-10-24,3.4718968868255615,3.5279431222894373,3.4615730417843897,3.5249932017536367,7367049
2002-10-25,3.448298692703247,3.4777963942116776,3.4350246769196477,3.451248613168509,7156736
2002-10-28,3.421750545501709,3.501394637511823,3.3657045637960614,3.4733720224450324,10156967
2002-10-29,3.483696699142456,3.4954958823755145,3.3362074097773924,3.3922536553964604,13569168
2002-10-30,3.443873882293701,3.535317149696574,3.426175363168248,3.5087693710083943,14293382
2002-10-31,3.6960806846618652,3.734428149609803,3.5884137176843565,3.59873806407696,93104686
2002-11-01,3.662158489227295,3.824396608308982,3.6444599675267804,3.730003406968707,61011341
2002-11-04,3.7270538806915283,3.7388528113127615,3.5692400207665598,3.5692400207665598,18762346
2002-11-05,3.738852024078369,3.781623984093112,3.701979402870088,3.716728501458198,39802045
2002-11-06,3.738852024078369,3.7388520240783696,3.7388520240783696,3.7388520240783696,0
2002-11-07,3.7477025985717773,3.799323835443606,3.716729806343866,3.747702598571778,34162612
2002-11-08,3.7034554481506348,3.746227165835863,3.676907165815347,3.737377654882756,18982045
2002-11-11,3.650359630584717,3.71377954337133,3.635610277652653,3.676907413661421,18634534
2002-11-12,3.694605827331543,4.204919009127122,3.616436569206462,4.204919009127122,15695590
2002-11-13,3.6724822521209717,3.7255783134559963,3.665107826993776,3.7167290534081663,14644134
2002-11-14,3.650359630584717,3.7152548795030165,3.6429847035946348,3.672482657886612,18337927
2002-11-15,3.7373769283294678,3.756550781492421,3.654782928459758,3.6798563709365464,40413426
2002-11-18,3.855368137359619,3.9128891946636473,3.775724309506907,3.775724309506907,66954221
2002-11-19,3.855368137359619,3.855368137359619,3.855368137359619,3.855368137359619,0
2002-11-20,3.8774921894073486,3.9158396496922117,3.855368664263159,3.8833917794108648,34785054
2002-11-21,3.89666748046875,3.9586125680356234,3.8848682968731123,3.90994124885873,39697708
2002-11-22,3.940912961959839,3.9792604258246658,3.890767068558567,3.917314850266763,53989291
2002-11-25,3.9777846336364746,4.020556845449502,3.9114145648465866,3.9232137438590096,37428566
2002-11-26,4.066277503967285,4.092826029454691,3.9851588465981695,4.019081043910876,48194991
2002-11-27,3.9704110622406006,4.070703854865387,3.9556624610930182,4.070703854865387,23027089
2002-11-28,4.045629501342773,4.060378348802369,3.9910586154278826,4.0058074628874785,44628120
2002-11-29,4.114950656890869,4.137073431984463,4.029406470694756,4.041205651513252,76552653
2002-12-02,4.101675987243652,4.2093436960942565,4.075128207177129,4.131173938190937,61587510
2002-12-03,4.027931213378906,4.147397335530216,4.002858020959103,4.114949969485751,47348879
2002-12-04,4.0028581619262695,4.053004298007864,3.9851593930318248,4.011707170587494,25940669
2002-12-05,4.039730548858643,4.083977098210063,4.020557194454103,4.035305793713895,19374422
2002-12-06,4.153298377990723,4.173947073459702,4.041206390248547,4.041206390248547,29818307
2002-12-09,4.073653221130371,4.225566973931905,4.0485797758623745,4.18869459924675,40150090
2002-12-10,4.104625701904297,4.123799306428174,4.026456699490344,4.055954398435381,28444792
2002-12-11,4.106100559234619,4.150347608942521,4.057429255499146,4.150347608942521,20618272
2002-12-12,4.073653221130371,4.151822475085608,4.055954451218615,4.151822475085608,30422564
2002-12-13,4.1591973304748535,4.170996512348175,4.094302080695638,4.11200085350562,34673040
2002-12-16,4.092828273773193,4.22704355466667,4.07512949760036,4.159198120742091,54765371
2002-12-17,4.058905124664307,4.1120011970056325,4.026457747588228,4.091353002788533,28016580
2002-12-18,4.123799800872803,4.156247674441266,4.050055294144215,4.070703735986297,35246769
2002-12-19,4.117900371551514,4.144448655558584,4.088402417390351,4.123799962383746,27205377
2002-12-20,4.212292671203613,4.225566936412576,4.106100553723999,4.14149809323321,75851539
2002-12-23,4.2624382972717285,4.280136811253844,4.221141430614877,4.232940606952245,73653855
2002-12-24,4.2742390632629395,4.291937583827401,4.224092169392837,4.247690530844159,40103016
2002-12-25,4.2742390632629395,4.2742390632629395,4.2742390632629395,4.2742390632629395,0
2002-12-26,4.343558311462402,4.38927994625371,4.274238817623992,4.277187986325846,82255671
2002-12-27,4.412879467010498,4.443852260150721,4.353883551255747,4.365682734406697,57414690
2002-12-30,4.39223051071167,4.460075426279852,4.3627328084729955,4.395180180725923,41748131
2002-12-31,4.470398902893066,4.483673167691392,4.38780514764128,4.395179572179903,69603504
2003-01-01,4.468923568725586,4.498421261930346,4.448274882853501,4.48219733024856,42614833
2003-01-02,4.420252323150635,5.162123007015465,4.409928229455191,5.162123007015465,37612429
2003-01-03,4.393704891204834,4.4836735803230505,4.383380796110237,4.4836735803230505,28246787
2003-01-06,4.296360969543457,4.4055032439274,4.269813444588176,4.4055032439274,35278366
2003-01-07,4.322909832000732,4.356832284467514,4.29931147348958,4.322909832000732,27571108
2003-01-08,4.40402889251709,4.427627250444327,4.32143463977176,4.336183488214287,41777608
2003-01-09,4.443850994110107,4.461549513270194,4.401079030004546,4.448275749162134,28964732
2003-01-10,4.408453941345215,4.483673783436358,4.386330664691144,4.454175580182857,38545068
2003-01-13,4.415829181671143,4.480724431762468,4.409929340182054,4.424678192332613,24687307
2003-01-14,4.411403179168701,4.4600744777208225,4.374531059212241,4.418777102112025,42821423
2003-01-15,4.3863301277160645,4.433526846305379,4.370106193069986,4.424677336307879,31562826
2003-01-16,4.436476707458496,4.471874247928438,4.374531637946138,4.376006222310698,32201547
2003-01-17,4.523494720458984,4.542668323453712,4.443850639030417,4.449749977929728,50658416
2003-01-20,4.578067302703857,4.62231436258441,4.53382074387144,4.53382074387144,67716746
2003-01-21,4.679834365844727,4.701958144783032,4.575117316745191,4.606090106210716,61454141
2003-01-22,4.663610458374023,4.772752252238942,4.647386522473763,4.696057829126493,76431324
2003-01-23,4.756528377532959,4.786026078787074,4.61346412561205,4.67540969908414,129603874
2003-01-24,4.609039783477783,4.822899138841656,4.586916505553543,4.803725531097693,100982288
2003-01-27,4.5131707191467285,4.5987146422717915,4.4777731818831175,4.594289887482841,60376912
2003-01-28,4.551517486572266,4.594289444006113,4.398128674284227,4.513170283500256,99776892
2003-01-29,4.555942058563232,4.648860403517423,4.5161207696651084,4.601664189468417,56137657
2003-01-30,4.504322528839111,4.606089903279322,4.486623506468237,4.572166944084506,63971123
2003-01-31,4.485148906707764,4.510222357432848,4.4128792269940424,4.510222357432848,55510014
2003-02-03,4.579541206359863,4.613464164344567,4.49842252723001,4.49842252723001,40162237
2003-02-04,4.557417392730713,4.656234570033411,4.545618214609208,4.625262291143403,38932511
2003-02-05,4.555942058563232,4.585440256022833,4.507270759274456,4.545618466076735,29378891
2003-02-06,4.609039783477783,4.626738305607557,4.532345352501931,4.542669448656957,31363467
2003-02-07,4.648861408233643,4.716706826110361,4.595765342798356,4.6370622269093476,59687056
2003-02-10,4.563317775726318,4.654761051311688,4.552993680399988,4.654761051311688,24603542
2003-02-11,4.555942058563232,4.6119882830028915,4.52939453263115,4.585440256022833,28521896
2003-02-12,4.544143199920654,4.592815504734312,4.520545341757687,4.563317305196584,19898262
2003-02-13,4.544143199920654,4.544143199920654,4.544143199920654,4.544143199920654,0
2003-02-14,4.458600044250488,4.557418242065144,4.445326279545023,4.557418242065144,41582061
2003-02-17,4.520545482635498,4.555942521507064,4.513171057783253,4.5264448220980835,40472808
2003-02-18,4.579541206359863,4.6400121959057685,4.542669079482657,4.542669079482657,75692897
2003-02-19,4.613464832305908,4.662136147040318,4.595765808003843,4.628213685192206,62853749
2003-02-20,4.536769866943359,4.622313804957271,4.527920856873286,4.601665112697614,45618894
2003-02-21,4.474823474884033,4.5529929730552885,4.465973965380273,4.536769039314389,64551638
2003-02-24,4.479248046875,4.560367721343711,4.468924453467011,4.496947067140181,44512633
2003-02-25,4.399603843688965,4.48219758986544,4.376005487339129,4.48219758986544,48431094
2003-02-26,4.3612565994262695,4.460074789708377,4.327334647531819,4.380430704402442,168954427
2003-02-27,4.381906032562256,4.454175705629793,4.3524083295260585,4.361257339808065,152121834
2003-02-28,4.436476707458496,4.532344733076236,4.395179827434246,4.4379512918230555,125723884
2003-03-03,4.383380889892578,4.483673676251153,4.371581709082859,4.468924825501021,53973636
2003-03-04,4.268339157104492,4.3715816110891925,4.255064891098092,4.365681770292554,67717512
2003-03-05,4.324385166168213,4.347983528771687,4.203444184135511,4.255065163913538,99532881
2003-03-06,4.197545051574707,4.343559247177535,4.179846528214652,4.339134992123625,80628723
2003-03-07,4.069227695465088,4.173945209720467,4.055953683175865,4.129698168057772,84972868
2003-03-10,3.9925341606140137,4.085452517403542,3.9763102251019298,4.06775374698782,59799995
2003-03-11,4.055954933166504,4.083977550439543,3.942387875369164,3.942387875369164,81965138
2003-03-12,4.041205883026123,4.100201539974321,3.9999089983195986,4.058904655267796,74057542
2003-03-13,3.982210397720337,4.067754341980207,3.9586120337142967,4.067754341980207,53649778
2003-03-14,3.982210397720337,3.9822103977203374,3.9822103977203374,3.9822103977203374,0
2003-03-17,3.9556620121002197,3.994008971989021,3.895191025643053,3.9822097917813815,46059378
2003-03-18,3.9556620121002197,3.9556620121002197,3.9556620121002197,3.9556620121002197,0
2003-03-19,4.005809307098389,4.060380218136859,3.982210939879542,4.0117086483790105,42792765
2003-03-20,4.107574939727783,4.125273707548402,3.9969583297898725,4.011706927187746,51706880
2003-03-21,4.157722473144531,4.185745590886336,4.100201402654521,4.119375009309845,42332137
2003-03-24,4.081027984619141,4.247690600915319,4.064804048222715,4.247690600915319,54645752
2003-03-25,4.061853408813477,4.088401183761961,3.9822090818721296,4.0412047218691445,39526045
2003-03-26,4.061853408813477,4.12674863786259,4.0485791455532745,4.12674863786259,44750250
2003-03-27,3.989583730697632,4.053004383200129,3.9807347218504043,4.041205203689153,60579156
2003-03-28,3.948286771774292,4.002858163783818,3.873067191830996,3.9792598052469415,75472610
2003-03-31,3.9438633918762207,4.007283305556138,3.8937167436114906,4.007283305556138,50606800
2003-04-01,3.9851603507995605,4.036781334064281,3.9468128837167487,3.9527124747661,30983219
2003-04-02,4.055954933166504,4.064804193911887,4.019082303575956,4.0279320653694235,24609740
2003-04-03,4.082502841949463,4.097251943442591,4.050055219503037,4.092827187942248,20386711
2003-04-04,4.141499042510986,4.156248145949156,4.070704197789605,4.070704197789605,35785944
2003-04-07,4.266862869262695,4.306685155012122,4.151821517674871,4.159195690282601,54033035
2003-04-08,4.187219619750977,4.2447404320843,4.016132268085711,4.016132268085711,33485829
2003-04-09,4.141499042510986,4.181321095693501,4.114951257580044,4.159197565798281,25954776
2003-04-10,4.100200653076172,4.209343183553655,4.058903777302412,4.156246878313689,33717799
2003-04-11,4.041205883026123,4.184270394967209,3.982210226077926,4.092827364695347,26591288
2003-04-14,28.276845932006836,28.276845932006836,28.276845932006836,28.276845932006836,0
2003-04-15,3.8701179027557373,4.041205517920099,3.799323070709109,4.041205517920099,54014690
2003-04-16,3.952711582183838,3.9674609322626764,3.8420947134045744,3.890766516463933,42502000
2003-04-17,3.8848671913146973,3.9379632518608605,3.861268329791023,3.926164071623042,40085169
2003-04-18,3.8848671913146973,3.8848671913146973,3.8848671913146973,3.8848671913146973,0
2003-04-21,3.9276397228240967,3.9482879167456746,3.884867998727553,3.8937170099590257,27327845
2003-04-22,3.889291763305664,3.9659861905946547,3.8730678265218983,3.9527121743734095,24278277
2003-04-23,3.794898748397827,3.9158402363262095,3.775725391169046,3.901091133845841,29744748
2003-04-24,3.7536017894744873,3.8937166318978886,3.7211544160132877,3.8258712127552106,98163071
2003-04-25,3.7757246494293213,3.8111219372755074,3.7314776012045843,3.7757246494293213,36727399
2003-04-28,3.8671672344207764,3.880441748252332,3.7462262847310255,3.749175703481642,61353972
2003-04-29,3.830296039581299,3.9232144019986745,3.8140721030865694,3.9232144019986745,44776272
2003-04-30,3.8981404304504395,3.9128892784975298,3.83766945199021,3.840619622438004,40452735
2003-05-01,3.8981404304504395,3.898140430450439,3.898140430450439,3.898140430450439,0
2003-05-02,3.905515432357788,3.9335385484225127,3.8730675610146283,3.9055154323577876,22816847
2003-05-05,3.9969589710235596,4.011707570787557,3.9438629095674655,3.9527119191114504,34900772
2003-05-06,4.001382827758789,4.0382557013878175,3.974835050192124,4.0043329983617495,26623063
2003-05-07,3.946812391281128,4.020557395459035,3.9261642009707187,4.016132640093074,34142948
2003-05-08,3.8907666206359863,3.9305881633518265,3.8760172701622464,3.9232139891629734,26868980
2003-05-09,3.940912961959839,3.9556623141315903,3.864218535278259,3.8966666591128454,25878633
2003-05-12,3.946812391281128,3.988109523474028,3.933538626231301,3.9527119815943994,17551374
2003-05-13,3.9763100147247314,3.982209604551173,3.9379630566388766,3.9527116554189687,15903231
2003-05-14,4.022031784057617,4.06775341601845,3.9792598216640642,3.9999082602070213,44883299
2003-05-15,4.109050273895264,4.122324036600684,4.02645627462121,4.041204872013457,32710052
2003-05-16,4.100200653076172,4.156246878313689,4.075127710978955,4.107575077284059,31418165
2003-05-19,4.101675987243652,4.166571228803656,4.085452552639684,4.106100742516751,25318726
2003-05-20,4.137073040008545,4.151822390420253,4.041205268620532,4.041205268620532,31782044
2003-05-21,4.168046951293945,4.213768341085194,4.160672024456169,4.160672024456169,26766691
2003-05-22,4.215243816375732,4.247691192640604,4.169522171833321,4.182795939062724,43635547
2003-05-23,4.283088207244873,4.303736899423884,4.222617717285869,4.222617717285869,36143126
2003-05-26,4.3066864013671875,4.365681803493938,4.2919375508355,4.365681803493938,35752851
2003-05-27,4.209343910217285,4.362732761897781,4.1886949677177725,4.349457994355175,33238416
2003-05-28,4.327334880828857,4.334709305733573,4.173946041133939,4.2476902901810885,58930105
2003-05-29,4.517595291137695,4.569216760189338,4.293411398587427,4.39517925147142,212240630
2003-05-30,4.660659313201904,4.955637763431087,4.58101573790804,4.955637763431087,165935619
2003-06-02,4.6518120765686035,4.7521048780210595,4.625264041013323,4.675410441739551,75788239
2003-06-03,4.597239971160889,4.691632911319779,4.557418176568748,4.675409477029368,65414885
2003-06-04,4.609039783477783,4.645912414399622,4.566267812195389,4.638537487376772,50280591
2003-06-05,4.694582939147949,4.713756042630061,4.619363105346352,4.659185399773552,92575877
2003-06-06,4.78455114364624,4.808149503339,4.737354424260722,4.7417791793341175,120209235
2003-06-09,4.826438903808594,4.846607247030491,4.713186386063513,4.7783452028212,87501427
2003-06-10,4.685260772705078,4.879187201615962,4.655783799505974,4.855916156636913,75859091
2003-06-11,4.699223041534424,4.755073752286123,4.632512616759523,4.716288682887071,73968807
2003-06-12,4.655783653259277,4.710083283547478,4.641821237527528,4.6852606255324565,46962932
2003-06-13,4.657336711883545,4.700776108449013,4.638719451182042,4.682159374790333,43780992
2003-06-16,4.5906243324279785,4.666643384878631,4.573558691029779,4.657335284423609,38263832
2003-06-17,4.674401760101318,4.697672808580074,4.60924240272655,4.641822081413935,50774152
2003-06-18,4.750420570373535,4.812476689312449,4.697672026007094,4.71628928332295,82070579
2003-06-19,4.879186630249023,4.913317913855612,4.7721395196552825,4.776793833514605,118465839
2003-06-20,4.8869452476501465,4.936590043316851,4.843505326757943,4.865225287204045,58747061
2003-06-23,4.902458190917969,5.018814468577234,4.871430131298287,4.871430131298287,106542463
2003-06-24,4.959860324859619,4.990888383240715,4.8745331643116065,4.902457995220425,83176822
2003-06-25,5.026572227478027,5.062254606730648,4.972272588063825,4.972272588063825,85066856
2003-06-26,4.930384635925293,5.057600116421058,4.90556197459861,5.049843100636818,109763693
2003-06-27,5.173956394195557,5.201881759201416,4.933487826910987,4.981581540367901,176775159
2003-06-30,5.254630088806152,5.327546470229741,5.189470724381425,5.189470724381425,91723851
2003-07-01,5.284106731414795,5.380294157678426,5.201881724038291,5.305826166804289,119893072
2003-07-02,5.369433879852295,5.423733522077092,5.318237465843593,5.318237465843593,117847957
2003-07-03,5.347713470458984,5.482686480858898,5.310479482033897,5.442349264782999,80863473
2003-07-04,5.355470657348633,5.4221816212978995,5.313582353145941,5.367881987221921,60039892
2003-07-07,5.443901538848877,5.510611981705454,5.315134441090876,5.367882465996385,91882672
2003-07-08,5.440797328948975,5.561806850121846,5.403563346334352,5.549396049626296,94695086
2003-07-09,5.344609260559082,5.445451491651618,5.329095760369841,5.443899878111373,51961845
2003-07-10,5.501302242279053,5.526124896855623,5.343058214635404,5.358572769027745,87335803
2003-07-11,5.704536437988281,5.737116631566498,5.540087018882601,5.544741332250918,132425086
2003-07-14,5.893810749053955,5.940352315125611,5.585079634040943,5.585079634040943,100695068
2003-07-15,5.926390647888184,6.0070640411285305,5.789866525026493,5.957419240933359,170954392
2003-07-16,6.16530704498291,6.190129704247861,5.907772877433855,5.957418195963756,166306160
2003-07-17,6.070670127868652,6.32510209689456,6.019473727550461,6.199437199032039,200029819
2003-07-18,6.107904434204102,6.174615393832396,5.988445984834317,6.016371343479756,136384334
2003-07-21,5.926390647888184,6.250636362009663,5.882951250076344,6.14358816399022,164146395
2003-07-22,5.76814603805542,5.98534351456034,5.721603420494227,5.879847476933895,186021414
2003-07-23,5.783660888671875,5.963624402065189,5.679715923091909,5.8891564142206905,350446373
2003-07-24,5.915530681610107,5.9574189905872785,5.805380841113456,5.9574189905872785,143085501
2003-07-25,6.1311774253845215,6.1870286874524245,5.934148238529599,5.957419817325763,139737206
2003-07-28,6.297177791595459,6.422842193923713,6.256841622930097,6.267701340376817,173155514
2003-07-29,6.526785373687744,6.557813960038311,6.242877471526993,6.298728189098199,216894846
2003-07-30,6.4895524978637695,6.63073091829052,6.458523908718389,6.573328581766476,167773557
2003-07-31,6.455420970916748,6.590392919679697,6.394915413709468,6.545402445772951,167852424
2003-08-01,6.640038013458252,6.680375225932711,6.458522929015299,6.505065542151865,181033223
2003-08-04,6.781217098236084,6.810694071968749,6.577982036837748,6.577982036837748,170612812
2003-08-05,6.692787170410156,6.8711995709459694,6.629179436075985,6.795179980059616,184667615
2003-08-06,6.7207136154174805,6.885163639111268,6.64159183197452,6.671068285468951,228146373
2003-08-07,6.958078384399414,7.009274789473796,6.70519800557382,6.7967316270326394,182545948
2003-08-08,7.229574680328369,7.265257053786005,6.975143224797677,7.012377212031059,261017080
2003-08-11,7.347483158111572,7.437465175820709,7.147350775761443,7.212510658590669,195291660
2003-08-12,7.345929145812988,7.519687195500929,7.260601470952355,7.384714213002989,185416979
2003-08-13,7.439014434814453,7.482453818983526,7.262153670878275,7.400229364492546,197949225
2003-08-14,7.535202503204346,7.617426959281007,7.4715942487900024,7.493314204814739,214047790
2003-08-15,7.535202503204346,7.535202503204346,7.535202503204346,7.535202503204346,0
2003-08-18,8.01613998413086,8.053373970866453,7.570884811144176,7.572436424899178,270612306
2003-08-19,7.789634704589844,8.247300696322792,7.70120378519077,8.09991688474314,234109076
2003-08-20,7.549168109893799,7.8765160400770995,7.524345443096547,7.843935828743164,167985383
2003-08-21,7.656213283538818,7.809803033383747,7.5398575242411265,7.5941571596695265,126118007
2003-08-22,7.837728977203369,7.974253092316566,7.671728411878038,7.747747485494968,196144487
2003-08-25,7.476250648498535,7.971150717816763,7.307146848187963,7.9121967608919945,196581498
2003-08-26,7.933916091918945,7.9742522549714385,7.477800644026657,7.493315201561004,208142527
2003-08-27,7.871859550476074,8.11698239508684,7.806700199886795,8.020794983090385,182817816
2003-08-28,7.625183582305908,7.87651230566445,7.581744199527656,7.8532412642163845,146467885
2003-08-29,7.860997676849365,7.983559337254827,7.519687491035481,7.718268202346582,240464032
2003-09-01,7.879617214202881,7.937019027120918,7.718270438340714,7.850140237214892,138091717
2003-09-02,7.847037315368652,7.974252795659678,7.726027236877916,7.926159614100466,116241349
2003-09-03,7.848586559295654,8.110775001125274,7.744642150728076,7.879615142139348,281833376
2003-09-04,7.9897685050964355,8.244200029369726,7.8361787274240555,7.881169214563577,298761757
2003-09-05,8.290740013122559,8.340385330166793,8.056476898003828,8.075094155416782,197277126
2003-09-08,8.253507614135742,8.40709684529436,8.214722007564424,8.4055452312961,156069434
2003-09-09,8.002180099487305,8.327976400622568,7.958740171034965,8.327976400622568,157219314
2003-09-10,8.061129570007324,9.308464035346836,7.803595972839226,9.308464035346836,194764952
2003-09-11,8.039412498474121,8.18834794561159,7.757055636415597,8.09836592630504,131698984
2003-09-12,7.81756067276001,8.095263219548775,7.757055630933089,8.051823823964968,161049361
2003-09-15,7.701201915740967,7.819108725565976,7.54761274028134,7.54761274028134,195598205
2003-09-16,8.157320022583008,8.205413734104688,7.541409876066662,7.710513673425377,213070837
2003-09-17,8.123187065124512,8.433469759428895,8.022345347588402,8.269019783875612,205654434
2003-09-18,7.766365051269531,8.089058640512532,7.712065405982895,8.073544079685732,193955886
2003-09-19,7.91685152053833,8.005281933846678,7.7027572240339115,7.83462703690651,225279617
2003-09-22,7.656213283538818,7.923056091896528,7.606567962809169,7.788083073803833,212895381
2003-09-23,7.927711486816406,7.974253586060149,7.601914683938836,7.629840575936492,191825563
2003-09-24,8.070439338684082,8.120084125595232,7.949428754160904,7.992868140349172,200740604
2003-09-25,8.099916458129883,8.269019691917725,7.958737528106633,7.958737528106633,280219323
2003-09-26,8.245749473571777,8.281431849560475,8.120085087147054,8.143356660220343,177243909
2003-09-29,8.349693298339844,8.54051702151544,8.219375133746283,8.219375133746283,220183189
2003-09-30,8.41950798034668,8.464498987779125,8.230235847972207,8.351245925738318,170145807
2003-10-01,8.38847827911377,8.514143182118572,8.35124481938203,8.464497866419299,128651376
2003-10-02,8.38847827911377,8.38847827911377,8.38847827911377,8.38847827911377,0
2003-10-03,8.72203254699707,8.780986494717549,8.408647658530674,8.417955760505423,162349744
2003-10-06,9.044724464416504,9.088164374118215,8.76857361383004,8.78098494131015,155101173
2003-10-07,9.43568229675293,9.584618271678945,9.063344467609147,9.094372532197326,319755219
2003-10-08,9.426374435424805,9.562898547933269,9.28519548091758,9.432579837337554,184503986
2003-10-09,9.657533645629883,9.708730579353347,9.43568132024706,9.443438335591326,146439049
2003-10-10,9.894899368286133,9.92903065888616,9.680805103231119,9.738207440853287,130177567
2003-10-13,10.574416160583496,10.642678731613277,9.902654908587179,9.933682966660568,207971274
2003-10-14,10.140021324157715,10.73265976811897,10.084170608341612,10.658192849754444,263030136
2003-10-15,10.645782470703125,10.70473642216449,10.037629913215403,10.1757045811323,329363251
2003-10-16,11.176363945007324,11.277205130706015,10.726453954249347,10.797819750569333,305936625
2003-10-17,11.039841651916504,11.232216480645805,10.95606504078608,11.170159302218044,184391010
2003-10-20,10.70783805847168,11.139129751554576,10.645780888336454,11.108101693529667,152946592
2003-10-21,10.363425254821777,11.12051367382197,10.189666652215347,10.76679106775166,341288711
2003-10-22,10.575967788696289,10.85987620699079,10.413069429503917,10.440995314259213,305437596
2003-10-23,10.48133373260498,10.844363969899973,10.413071150202319,10.580624378250457,238183971
2003-10-24,10.591483116149902,10.696979159126847,10.208285075726788,10.696979159126847,289603115
2003-10-27,10.22535228729248,10.766793948096055,10.169500502377677,10.704737814749429,221375726
2003-10-28,10.172602653503418,10.406865796983672,10.022116124438574,10.25482765393232,327791054
2003-10-29,10.253274917602539,10.35256555284328,9.992637527138331,10.270340561414883,260363291
2003-10-30,10.800925254821777,10.92193534743077,10.192771563471823,10.301370851032269,520462659
2003-10-31,11.103450775146484,11.167058521348322,10.87694462814205,10.87694462814205,218890091
2003-11-03,11.7271146774292,11.790722408688202,11.170158071388824,11.232215242978564,226189761
2003-11-04,11.533187866210938,11.911732067542587,11.427691837569128,11.883807237243948,214709380
2003-11-05,11.430797576904297,11.616967018119295,11.281862656383675,11.567321693250546,168742726
2003-11-06,11.638688087463379,11.697642050787541,11.39201409659584,11.495958548979381,186918003
2003-11-07,11.378046989440918,11.734871775806306,11.29427144102973,11.679021058837034,153150243
2003-11-10,11.455617904663086,11.564216108356044,10.859876235822567,10.859876235822567,123500285
2003-11-11,11.345468521118164,11.561114377109268,11.278757560990073,11.432347298212042,132876988
2003-11-12,11.317543029785156,11.458720915723923,11.266346097564465,11.390459393515158,101145936
2003-11-13,11.083281517028809,11.460275247034845,10.991747882099313,11.337713547135525,136312307
2003-11-14,10.906418800354004,11.222906905175858,10.83350243876395,11.077074181995751,185360999
2003-11-17,11.353225708007812,11.446310950300013,10.844363792607968,11.070869915480126,141636289
2003-11-18,11.025877952575684,11.387356555927946,10.96071860173011,11.382702768332774,139710240
2003-11-19,10.70783805847168,11.00881106458163,10.664398144785562,10.983989461430028,130263327
2003-11-20,10.445648193359375,11.35167247118947,10.38204046893436,10.828847207582768,149352452
2003-11-21,10.673705101013184,10.714041780944054,10.32618900821759,10.442545261669625,197281561
2003-11-24,10.805580139160156,10.948309668200157,10.631821489207118,10.783860703198165,158080869
2003-11-25,10.918830871582031,10.959168618595227,10.746624910216246,10.890906036370533,129447065
2003-11-26,76.40326690673828,76.40326690673828,76.40326690673828,76.40326690673828,0
2003-11-27,10.968475341796875,11.199636291741234,10.895560031484742,10.960718326609276,148687370
2003-11-28,11.198083877563477,11.347018769338158,11.03984035741186,11.170157992432673,209180286
2003-12-01,11.469583511352539,11.511471823209066,11.288068898755194,11.294274301304313,116010180
2003-12-02,11.471135139465332,11.725566131059999,11.34857343206407,11.626276527896222,149040777
2003-12-03,11.399768829345703,11.567321000174333,11.32840407440493,11.54249833922725,93668851
2003-12-04,11.393563270568848,11.478890441714373,11.182571182469982,11.379600853380326,116512700
2003-12-05,11.019672393798828,11.593694686152745,10.968475460555053,11.48044163073628,127785831
2003-12-08,11.191879272460938,11.306683951276481,10.925037503338926,11.053804599984966,119525399
2003-12-09,11.302027702331543,11.381149458256298,11.221354332744466,11.356326801915245,72913006
2003-12-10,11.3671875,11.548702061818304,11.263243083559535,11.325299199861805,121808060
2003-12-11,11.357880592346191,11.536293007828377,11.27100180554464,11.536293007828377,93527057
2003-12-12,11.720909118652344,11.79072224990453,11.210494607613866,11.418384495807457,151635487
2003-12-15,12.15995979309082,12.19098891051827,11.821753270213181,11.852781333555042,176129687
2003-12-16,12.014127731323242,12.125829177502748,11.886911199871339,12.07928602985666,128742194
2003-12-17,11.913284301757812,12.059117023826557,11.84191955450649,11.979995261745428,92726380
2003-12-18,12.29648494720459,12.370952931609022,11.924146079268018,12.083941237785355,129102956
2003-12-19,12.280970573425293,12.451625970982581,12.195642347603872,12.322858879366214,114003429
2003-12-22,12.453176498413086,12.533849882205718,12.257698440588115,12.343026666187374,106993064
2003-12-23,12.270108222961426,12.51057671973762,12.204948881372346,12.51057671973762,81710476
2003-12-24,12.754148483276367,14.577056331560385,12.228219962004292,14.577056331560385,142426368
2003-12-25,89.24463653564453,89.24463653564453,89.24463653564453,89.24463653564453,0
2003-12-26,13.15286636352539,13.186996606508098,12.814657675418381,12.951181809606508,95568432
2003-12-29,13.646212577819824,13.747054841754002,13.20250998958346,13.339034106137486,82967756
2003-12-30,13.363855361938477,13.801353590621096,13.186994555294115,13.714474801303544,120531063
2003-12-31,13.754807472229004,13.821517368147447,12.136686409847787,12.136686409847787,152204389
2004-01-01,13.840136528015137,13.975109006070365,13.796696613037557,13.81686548380461,87720984
2004-01-02,13.982863426208496,14.1767908668161,13.900639506889254,13.900639506889254,87758832
2004-01-05,13.697406768798828,14.099222021705447,13.517442765501992,14.061988562509908,136359150
2004-01-06,13.390225410461426,13.906845249426993,13.280075608105587,13.804452460559803,119088014
2004-01-07,13.703615188598633,13.771876721176243,13.204060809404282,13.38092162419554,166619527
2004-01-08,13.861856460571289,13.959595474814822,13.785836875908966,13.852546778355263,77804091
2004-01-09,13.712922096252441,14.10077497044169,13.373162927866558,14.016998361713341,145871732
2004-01-12,13.776529312133789,13.863408091256153,13.404190482654542,13.62138795750319,116720287
2004-01-13,13.934776306152344,13.978215176188913,13.596567651806726,13.813765164246544,101321553
2004-01-14,14.159727096557617,14.335036252681753,14.024753571638588,14.024753571638588,113239069
2004-01-15,13.801352500915527,14.483973011778449,13.657071383417872,14.153522472393538,130658482
2004-01-16,13.546920776367188,15.208480952914227,13.418152642835185,15.115396774363429,142660405
2004-01-19,14.139561653137207,14.226440445410836,13.253705975769291,13.593465182747964,194511786
2004-01-20,13.68964958190918,14.376924860282644,13.407292778814416,14.179895216559505,208458121
2004-01-21,12.955836296081543,13.8478974594693,12.792937886448492,13.450736927708205,171911325
2004-01-22,12.277863502502441,13.416599151660886,11.992403519964565,13.231980340519698,251973729
2004-01-23,13.210265159606934,13.331275236621302,12.442317445315625,12.445419619135134,166754321
2004-01-26,13.210265159606934,13.210265159606934,13.210265159606934,13.210265159606934,0
2004-01-27,13.761016845703125,13.819970799060323,13.218022569839926,13.31110781482948,124162713
2004-01-28,13.494173049926758,14.06819534804319,13.328172499814157,13.714473761571087,192119089
2004-01-29,13.373165130615234,13.807560168277648,13.22112697284196,13.729990002297107,185463216
2004-01-30,12.603665351867676,13.551577180298674,12.47800042165724,13.469352174250918,236257246
2004-02-02,12.603665351867676,12.603665351867674,12.603665351867674,12.603665351867674,0
2004-02-03,11.969137191772461,12.749497874081259,11.865192752552728,12.600561897414224,230418205
2004-02-04,12.892227172851562,12.93566709548739,12.042053359019114,12.07308142343658,254416066
2004-02-05,12.425250053405762,13.155964200548373,12.211154764275548,12.969794796381612,252926583
2004-02-06,12.823963165283203,12.87671171220992,12.454727553138216,12.623831328722972,182130524
2004-02-09,13.117179870605469,13.185441392018053,12.830169260554294,12.938767470919693,141252817
2004-02-10,12.884468078613281,13.218020771388005,12.690541653196858,13.191647553338266,154384030
2004-02-11,13.352996826171875,13.404192712233213,12.938769625011012,12.969797690281071,231936808
2004-02-12,13.238191604614258,13.474005312739063,13.048918938421718,13.456940720800997,146833492
2004-02-13,13.60432243347168,13.643108563035119,13.221124412029827,13.280078359207605,190609533
2004-02-16,13.771872520446777,13.975107550283575,13.500377032938983,13.500377032938983,165658765
2004-02-17,14.083707809448242,14.114735867388733,13.745500291360226,13.869612523122196,178220933
2004-02-18,13.95959758758545,14.187654267917772,13.900643636559098,14.14886918990789,119867406
2004-02-19,13.56088638305664,14.170590636643107,13.470904356834504,14.037169738510768,225781906
2004-02-20,13.630696296691895,13.846342153135382,13.385573994588324,13.528303489690932,198097341
2004-02-23,13.444526672363281,13.981315465389773,13.332825238484531,13.807556859511934,132937652
2004-02-24,13.757913589477539,13.807558912825362,13.227331172608185,13.373163914660314,200914315
2004-02-25,13.292488098144531,13.799799374609442,13.174581267308627,13.79204236013452,195090199
2004-02-26,13.134248733520508,13.610531048573565,13.05202372164024,13.278529880818763,172137596
2004-02-27,13.259909629821777,13.371611070031328,12.772766125150987,13.24284398561122,272483461
2004-03-01,13.53295612335205,13.570190634785934,13.050467521051797,13.487965651802368,176062326
2004-03-02,13.53295612335205,13.53295612335205,13.53295612335205,13.53295612335205,0
2004-03-03,13.667933464050293,13.878925574161064,13.543820148077584,13.64311080085575,195651674
2004-03-04,13.290935516357422,13.618283822343898,13.159066279888727,13.34213244061411,145134855
2004-03-05,13.733088493347168,13.773426233741523,13.211814798772108,13.368507756931454,187310148
2004-03-08,13.953387260437012,14.021649822063246,13.624488414447162,13.784283523963696,152193702
2004-03-09,13.729988098144531,13.931671555809025,13.571743505770517,13.931671555809025,168269255
2004-03-10,13.515891075134277,13.739294991297083,13.438320929714465,13.667930246693771,164354570
2004-03-11,13.042709350585938,13.450731002017143,12.870502385684164,13.407291093890443,148581680
2004-03-12,13.076844215393066,13.14045195445245,12.775870111234163,12.867403739046367,158990460
2004-03-15,12.156854629516602,13.280076359958516,11.838816004391028,13.280076359958516,236452170
2004-03-16,12.167716979980469,12.34147454371925,11.790723297113384,11.790723297113384,221661700
2004-03-17,12.285624504089355,12.442317486184487,12.088594829523608,12.228222166255913,154039280
2004-03-18,11.922591209411621,12.380257126479675,11.855880259053354,12.28717296195816,146484307
2004-03-19,12.082388877868652,12.215809752697993,11.700741403682708,11.976892836663476,160451373
2004-03-22,11.343917846679688,12.132034415016339,11.210495915375327,12.132034415016339,139683470
2004-03-23,11.317543029785156,11.587489053195855,11.21825344711009,11.32530004490173,133677272
2004-03-24,11.036738395690918,11.356328700134345,10.925036950527886,11.356328700134345,156938933
2004-03-25,11.435453414916992,11.63248206342186,11.053805869076735,11.111207160989172,154693639
2004-03-26,11.665057182312012,11.80002964357816,11.500607225444188,11.652646381911007,114984300
2004-03-29,11.781414985656738,11.852780792990977,11.283412272743742,11.635583305417983,114356497
2004-03-30,11.85433292388916,12.034296971817998,11.652650494635857,11.821754297816785,151878910
2004-03-31,11.903973579406738,12.006367422053133,11.672813734867807,11.790720550359858,103455919
2004-04-01,12.189435958862305,12.225118860240947,11.855882206370394,11.883808092764829,98092147
2004-04-02,12.51368236541748,12.55712228623365,12.01567857930408,12.240634145078772,140977619
2004-04-05,12.60055923461914,12.827065325797323,12.510577232825497,12.614521650079325,109623485
2004-04-06,12.313546180725098,12.684334387646604,12.187882347757009,12.659511732947859,116286072
2004-04-07,12.190986633300781,13.05357106023738,12.01412586202044,13.05357106023738,142703151
2004-04-08,12.405085563659668,12.487310579766449,12.001718554537522,12.22512255087995,165768178
2004-04-09,12.405085563659668,12.405085563659668,12.405085563659668,12.405085563659668,0
2004-04-12,12.2871732711792,12.578838680556531,12.214256918834867,12.473342658992701,98303528
2004-04-13,12.51523494720459,12.557123257287014,12.085493709986388,12.31820525545072,91161913
2004-04-14,12.51523494720459,12.515234947204588,12.515234947204588,12.515234947204588,0
2004-04-15,12.218914031982422,12.690543557260975,12.149100887828645,12.53540218283364,187743294
2004-04-16,12.285624504089355,12.44852288792945,12.225119992426215,12.256148055236602,91849241
2004-04-19,12.14599609375,12.363193568309784,12.042051670888819,12.28717503196087,85720592
2004-04-20,12.361641883850098,12.420595825066195,12.035845174610314,12.209602716814612,125831303
2004-04-21,12.81930923461914,12.889122371034368,12.31820331483867,12.38025943609665,147390389
2004-04-22,12.723122596740723,12.935666300660579,12.662618085661464,12.89377799463656,149645265
2004-04-23,12.715363502502441,13.186991872924827,12.64865254655794,12.845682187013415,104218837
2004-04-26,88.97432708740234,88.97432708740234,88.97432708740234,88.97432708740234,0
2004-04-27,11.77055549621582,12.653307841042404,11.702293972535081,12.653307841042404,134759061
2004-04-28,11.92414379119873,12.411286189103663,11.620066510083362,12.411286189103663,159193523
2004-04-29,11.424592971801758,11.843473980235423,11.364087398495315,11.843473980235423,185292088
2004-04-30,11.106553077697754,11.486648999269395,11.015020492634829,11.387358343520775,154200238
2004-05-03,10.627165794372559,11.0460467295684,10.476678221536515,11.0460467295684,188261684
2004-05-04,10.856773376464844,11.070868671826467,10.63647373415576,10.63647373415576,147673585
2004-05-05,11.010364532470703,11.089486304575594,10.847466146322057,10.983991311159462,93545402
2004-05-06,11.368739128112793,11.4370006453146,11.142233038420352,11.201186981433366,103767078
2004-05-07,10.737316131591797,11.347020304893336,10.676810565996414,11.347020304893336,144064768
2004-05-10,10.309127807617188,10.704737763997722,10.118304566029595,10.704737763997722,183110113
2004-05-11,9.531869888305664,10.050040416205247,9.345700463964219,10.050040416205247,185716382
2004-05-12,9.797160148620605,9.921273451087465,9.435681538673157,9.491532261261856,241520457
2004-05-13,9.87317943572998,10.112096349672203,9.004389507846794,9.330185203760234,272558588
2004-05-14,8.976463317871094,9.987983768567094,8.691004321859255,9.987983768567094,248827340
2004-05-17,8.157320022583008,8.999736835330904,7.198547439152243,8.999736835330904,138039139
2004-05-18,9.106781005859375,9.271230970994681,8.377618512382057,8.385375526543985,198299283
2004-05-19,9.778545379638672,9.851461757903522,9.246411295945938,9.308467429248552,213928402
2004-05-20,9.941442489624023,10.161742155807456,9.590823063113806,9.944544663433943,318956608
2004-05-21,10.19742202758789,10.375834388636527,9.820429492424507,10.375834388636527,238333833
2004-05-24,10.344809532165527,10.503053074965687,10.278098564320702,10.385146224848468,147577868
2004-05-25,10.327743530273438,10.425482557718725,10.07796636705288,10.270341194118956,138120642
2004-05-26,10.191218376159668,10.456509543017216,10.090376131272619,10.363425366892642,104292788
2004-05-27,9.8871431350708,10.105891181886408,9.845254829947512,10.084171749412883,150111522
2004-05-28,9.395344734191895,9.894897947595348,9.33949401854059,9.894897947595348,157253814
2004-05-31,9.192109107971191,9.390689300639904,8.951639563599613,9.291398677262874,186985346
2004-06-01,9.384483337402344,9.598577545373582,9.265024906238917,9.30846376079728,138409875
2004-06-02,9.663738250732422,9.767682669414082,9.38758684069644,9.432578369253996,139601736
2004-06-03,9.247960090637207,9.922823496812226,9.122296248193855,9.804916668666793,157944062
2004-06-04,9.78785228729248,9.863870826387922,9.091268308079114,9.13315661231819,212498551
2004-06-07,9.578413009643555,10.043836093443385,9.494636390761903,9.898003344477928,284994868
2004-06-08,9.546344757080078,9.764400523453109,9.475797944062128,9.74836710734109,135304114
2004-06-09,9.560775756835938,9.72592061615999,9.467782368017376,9.467782368017376,100969678
2004-06-10,9.575203895568848,9.716298586457626,9.49182971052664,9.523896537177572,80703387
2004-06-11,9.297823905944824,9.732331794524846,9.248120107809259,9.618493255065578,113992974
2004-06-14,8.752684593200684,9.297823902702643,8.646863849646412,9.297823902702643,152693729
2004-06-15,9.230486869812012,9.312257527002265,8.754292241634298,8.754292241634298,204464123
2004-06-16,9.081374168395996,9.280189414075078,8.969139702800964,9.150317426917958,132298058
2004-06-17,9.260948181152344,9.309048423694579,8.98998097593635,9.074959269406273,100186207
2004-06-18,8.98356819152832,9.267361703818676,8.91943398752382,9.23208775544438,115425800
2004-06-21,8.916228294372559,9.121456665550609,8.874540651682326,9.047702736679975,90179582
2004-06-22,8.965932846069336,9.06854704019599,8.821631005783981,8.908212327830134,94923904
2004-06-23,8.662898063659668,9.087786270399578,8.605177553713332,9.02685864181057,109263043
2004-06-24,8.805598258972168,8.866525356262986,8.597162735757019,8.808804833632236,141645818
2004-06-25,9.49183177947998,9.536724910826944,8.812011311362687,8.850491838543821,262408941
2004-06-28,9.716300010681152,9.74836684203247,9.499847809685154,9.52389793319864,146404193
2004-06-29,9.802879333496094,9.87022010887397,9.543137587752309,9.664991753525621,208026364
2004-06-30,9.65056037902832,9.950387825647791,9.613683963768606,9.780432335485065,159410301
2004-07-01,9.83655071258545,9.886254519481065,9.41807616323869,9.684233262360758,238806093
2004-07-02,9.756383895874023,9.979249253169137,9.656976279409673,9.74195403912911,225602994
2004-07-05,9.69225025177002,9.876635628350899,9.62811549728015,9.780434041303428,127746558
2004-07-06,10.044986724853516,10.067433290272977,9.604065588535605,9.636132421813317,247258528
2004-07-07,10.145998001098633,10.253422329364286,9.99047342245278,10.0209366964853,214756864
2004-07-08,9.498244285583496,10.25662877161252,9.363562721907154,10.14599733153915,236188478
2004-07-09,9.817309379577637,9.8606000345028,8.986775130930237,9.3314951769439,146596766
2004-07-12,10.086673736572266,10.147601372884614,9.684233675254942,9.870221524491848,107373685
2004-07-13,9.870219230651855,10.197302812045134,9.701867307186607,10.133169160962915,106801150
2004-07-14,10.062621116638184,10.163632269144992,9.815705692315587,9.905493020307949,160104753
2004-07-15,10.49071979522705,10.517977042524894,10.069039144162526,10.10110598127772,202414163
2004-07-16,10.873918533325195,10.914002072618434,10.461857134891615,10.517975179276771,255095289
2004-07-19,11.090373992919922,11.217038885796796,10.78573791542327,10.875525287692026,212009193
2004-07-20,11.035857200622559,11.175347261985163,10.92522467268931,11.053493086190239,179753999
2004-07-21,11.441503524780273,11.69483212514652,11.06952569734447,11.06952569734447,172250126
2004-07-22,11.656353950500488,11.92571600685734,11.57939289609509,11.672387367329776,317162771
2004-07-23,11.662766456604004,11.733313268889985,11.46555478684759,11.733313268889985,202253027
2004-07-26,11.986642837524414,12.034743084774295,11.529688309901289,11.662766314250737,163047330
2004-07-27,12.140564918518066,12.196681873562243,11.85356481613209,12.025123889534479,225865921
2004-07-28,12.114912033081055,12.249593605553716,12.02512468122418,12.1373585987016,159003141
2004-07-29,12.599122047424316,12.677685560640574,12.110099636794455,12.153390291716956,271753566
2004-07-30,12.568659782409668,12.709754494986736,12.419547272562955,12.634397005023729,219766571
2004-08-02,12.546212196350098,12.714564152426446,12.491698800245423,12.563849171689014,137435986
2004-08-03,12.7001314163208,12.882913187366077,12.4628351721571,12.589500000359378,243180231
2004-08-04,12.765871047973633,12.871691806728151,12.650430022173321,12.703339856863284,175233205
2004-08-05,13.072111129760742,13.11540178857642,12.794731290821058,12.839625509106694,132332968
2004-08-06,12.948652267456055,13.147467479485531,12.80595400638258,13.01919907364012,180015251
2004-08-09,12.937431335449219,13.126627412563705,12.862073834416279,12.95186228327984,192923096
2004-08-10,13.032028198242188,13.091352275777519,12.939033727764501,12.987133977860815,165093977
2004-08-11,12.438786506652832,13.218013918570698,12.340180683042034,13.218013918570698,125662045
2004-08-12,12.40511703491211,12.611948963745533,12.23676508491702,12.409926623751426,140368227
2004-08-13,12.316134452819824,12.566257099260364,12.229553117753923,12.458029885740556,81576804
2004-08-16,12.801949501037598,12.878909475030207,12.126137308048989,12.332969280731927,187706354
2004-08-17,12.984728813171387,13.121815726101683,12.847642989615798,12.987134152520959,149295172
2004-08-18,12.5927095413208,12.977514810547671,12.532584773335836,12.703340988137608,91087440
2004-08-19,12.797136306762695,12.85726215974484,12.604734230844597,12.604734230844597,76300941
2004-08-20,12.494105339050293,12.922199109176484,12.366638690157506,12.818783675782122,112496801
2004-08-23,11.791837692260742,12.508535152053971,11.719686224773342,12.508535152053971,137304838
2004-08-24,11.938542366027832,12.04436312586482,11.813481071902444,11.832721606190844,79978716
2004-08-25,11.950568199157715,12.116514814765141,11.878416738893877,12.073224156481764,39431754
2004-08-26,11.801458358764648,12.032340448015562,11.74133249695458,12.025125518898317,77684941
2004-08-27,11.688421249389648,11.9289236007763,11.609055941863193,11.832723095971538,60071572
2004-08-30,12.015501976013184,12.097272602892174,11.789429537987784,11.789429537987784,69702788
2004-08-31,12.114109992980957,12.152589974557085,11.794241265232134,11.996263619599812,76899427
2004-09-01,12.00829029083252,12.280057703977828,11.967404966354898,12.19347637604006,60978189
2004-09-02,11.94094467163086,12.116511506630623,11.868793231066311,12.027524875184257,53274648
2004-09-03,12.03955364227295,12.082844300113146,11.914492347053827,11.957783004894026,50631409
2004-09-06,12.15739917755127,12.25841034247523,12.073223206781304,12.073223206781304,45328426
2004-09-07,12.289678573608398,12.378664156014597,12.159807664725037,12.169426844410985,64051113
2004-09-08,12.436384201049805,12.489294040145198,12.34499220119251,12.378662593968981,74560080
2004-09-09,12.357019424438477,12.486890333918582,12.22714742558354,12.436385827523408,61296899
2004-09-10,12.672076225280762,12.74182235214344,12.294486965346978,12.409928004076802,62727160
2004-09-13,12.881312370300293,13.025614200559792,12.756251074575294,12.77789585889564,67960312
2004-09-14,12.684099197387695,12.958271879749512,12.631188278390427,12.939031347500599,55661111
2004-09-15,12.7778959274292,12.92460309763602,12.655239970206809,12.794731122893525,67162853
2004-09-16,13.14345932006836,13.258901436506523,12.789921310858047,12.789921310858047,169687131
2004-09-17,13.444089889526367,13.506621092463016,13.14346166201797,13.181942737478924,109625592
2004-09-20,13.696617126464844,13.932309888192785,13.49940434875637,13.516240635397393,132851156
2004-09-21,13.97078800201416,14.045343710016624,13.564339071976566,13.660539563834739,104665484
2004-09-22,13.889017105102539,14.333946005648826,13.763955814411903,14.180025003692814,81685463
2004-09-23,13.833702087402344,14.083823582214093,13.646109604575297,13.804841286438727,106187257
2004-09-24,13.927498817443848,14.062180391784475,13.718261527218187,13.775982046310641,95462551
2004-09-27,13.889017105102539,14.014078395793177,13.783196348171868,13.901042711046163,66252472
2004-09-28,13.585983276367188,13.997242867081534,13.542692621127589,13.852941046074394,80202019
2004-09-29,13.94674015045166,13.99243615408868,13.364724247547153,13.66054178862578,116360119
2004-09-30,13.908256530761719,14.232933703502344,13.838510418469593,14.06698819819852,126619933
2004-10-01,14.042938232421875,14.093444906336316,13.492188570028297,13.925091868495551,180289238
2004-10-04,14.240151405334473,14.401288430712643,14.119899698746355,14.158379678379752,80680411
2004-10-05,14.139140129089355,14.398882985481492,14.071799348196038,14.307492081322648,108235169
2004-10-06,13.96117115020752,14.314709214996496,13.896234609073009,14.14154764717895,81930887
2004-10-07,14.442171096801758,14.48546065742253,13.978000640428892,13.997241171398848,114115490
2004-10-08,14.531158447265625,14.598499224632924,14.39647689253103,14.54799364160745,74071227
2004-10-11,14.430148124694824,14.685080304362087,14.372427610631018,14.53837422473629,64496626
2004-10-12,14.165595054626465,14.569638635298755,14.050154031577238,14.47824773460357,64879551
2004-10-13,14.165595054626465,14.165595054626465,14.165595054626465,14.165595054626465,0
2004-10-14,13.691804885864258,13.968382939494957,13.504213487276463,13.968382939494957,81158411
2004-10-15,13.679778099060059,13.973191299353154,13.607627740709075,13.684588776574786,57689098
2004-10-18,13.677373886108398,13.896231407307647,13.622058715757014,13.804840510124103,36343120
2004-10-19,13.884207725524902,13.987623144949955,13.612439267225641,13.756741093850252,50258268
2004-10-20,13.713451385498047,14.050155307787408,13.667756475687158,14.050155307787408,64855649
2004-10-21,13.636488914489746,13.804840858117613,13.545098015002413,13.766360880734625,50887971
2004-10-22,13.636488914489746,13.636488914489748,13.636488914489748,13.636488914489748,0
2004-10-25,13.444089889526367,13.66054212618243,13.37193950709928,13.475356035682092,53729161
2004-10-26,13.913067817687988,13.946738208508652,13.395987438299004,13.395987438299004,71209126
2004-10-27,14.040536880493164,14.18243339643243,13.903449954342172,13.94914595951744,55002697
2004-10-28,14.158381462097168,14.38204970810448,14.07180122467072,14.14154735400362,88602149
2004-10-29,13.843323707580566,14.199267084677933,13.737501849744428,14.199267084677933,104313288
2004-11-01,14.10787582397461,14.180026197587363,13.701425777977837,14.00205396875964,70674688
2004-11-02,14.07661247253418,14.247368704203714,14.050157005532613,14.184838590722554,43878763
2004-11-03,14.374835014343262,14.41090965995516,14.069396115455637,14.141547585428977,52326793
2004-11-04,14.218506813049316,14.52154035661111,14.172811901202536,14.430149443542831,47893902
2004-11-05,14.348377227783203,14.478248109734892,14.228125523522705,14.261795913565678,38258162
2004-11-08,14.511917114257812,14.665839193865624,14.382046244705496,14.425335808306606,55050870
2004-11-09,14.468629837036133,14.641792489340055,14.41090931605974,14.526350358012525,38090560
2004-11-10,14.798114776611328,14.839000088977789,14.50470157370986,14.543181547297575,66263373
2004-11-11,14.771659851074219,14.90634139755169,14.721154271145167,14.879885938154404,44038338
2004-11-12,14.795711517333984,14.906342954837507,14.673055562995604,14.814952051519276,15383238
2004-11-15,14.795711517333984,14.795711517333984,14.795711517333984,14.795711517333984,0
2004-11-16,14.889510154724121,14.949636016693358,14.673057923134683,14.77166377028935,48301786
2004-11-17,14.930391311645508,15.122793362613827,14.8678612170024,14.96165635896706,41438225
2004-11-18,14.985712051391602,15.067482708349146,14.887106195097218,14.915967003692462,42840499
2004-11-19,14.798114776611328,15.218993504795225,14.704318547359119,15.055452255329381,66017105
2004-11-22,14.923179626464844,14.98330548471202,14.538375440932564,14.713942336964482,39868255
2004-11-23,14.992926597595215,15.146848727415255,14.911155942729813,15.02659699540742,40232775
2004-11-24,15.036213874816895,15.113174922376244,14.925583526410847,15.007354162841267,30275083
2004-11-25,15.002544403076172,15.295956555234289,14.915963089386327,15.007353991892456,63139414
2004-11-26,15.002544403076172,15.002544403076172,15.002544403076172,15.002544403076172,0
2004-11-29,15.512409210205078,15.560510546667631,15.103554931208423,15.103554931208423,59385028
2004-11-30,15.560513496398926,15.714434534133296,15.305580177632098,15.714434534133296,48026665
2004-12-01,15.772150993347168,15.84430135905568,15.327222104082852,15.560509484852378,63699274
2004-12-02,15.945314407348633,16.036705317119832,15.716836588233292,15.921264282606177,75962627
2004-12-03,15.762532234191895,15.873163677025042,15.608611221418288,15.829873017709927,40811028
2004-12-06,15.897211074829102,16.01265208695464,15.8418959075865,15.84670549585237,47887502
2004-12-07,15.740889549255371,15.966962054173315,15.635068770769768,15.966962054173315,35307991
2004-12-08,15.324817657470703,15.810632980571706,15.264691804525103,15.635066100020339,53874286
2004-12-09,15.382535934448242,15.56531771647424,15.110767510827735,15.250259730827409,52353438
2004-12-10,15.300766944885254,15.572534308183249,15.156465121248267,15.394562095343453,65573053
2004-12-13,15.555699348449707,15.60861027210288,15.158869599800102,15.247856252250852,39986116
2004-12-14,15.736077308654785,15.774557290819864,15.594180808444932,15.685571719289852,26463773
2004-12-15,15.993416786193848,16.084807708132818,15.728864289429696,15.825065890582456,53783592
2004-12-16,15.909236907958984,16.00784163913345,15.83708545731382,15.945311543907087,28593971
2004-12-17,16.046323776245117,16.26999089157673,15.950122198743893,15.969362732119048,43382346
2004-12-20,16.3084716796875,16.34454631743137,16.029488308012546,16.029488308012546,30545300
2004-12-21,16.447967529296875,16.517713664525047,16.282020880046936,16.332526476720815,26595076
2004-12-22,16.378217697143555,16.63796055149741,16.291637471942003,16.522519524978943,44865648
2004-12-23,16.671628952026367,16.738969724354547,16.28201526168081,16.354165622300517,28864450
2004-12-24,17.263269424438477,17.38592539602884,16.73416446429396,16.73897405382947,66212326
2004-12-27,18.004013061523438,18.10983381239765,17.224784561337366,17.260860287728935,87315373
2004-12-28,18.838558197021484,19.067034897066062,17.953507838909616,17.953507838909616,124341369
2004-12-29,18.61008071899414,19.091085366279238,18.4826151737696,18.90349505717502,78160341
2004-12-30,18.51869010925293,18.91070808473152,18.458563169203117,18.662990843624026,59047308
2004-12-31,18.52349853515625,18.759191258818845,18.261351439526052,18.759191258818845,83745629
2005-01-03,18.62691879272461,18.999698486881623,18.453758313043277,18.999698486881623,50045402
2005-01-04,18.61248779296875,18.82653467398017,18.48502223586349,18.61489313234801,46787469
2005-01-05,17.749082565307617,18.557169761279333,17.376302929409672,18.5186908711135,95217448
2005-01-06,17.104536056518555,17.705792426896505,17.010739810004676,17.556681003912722,92509792
2005-01-07,17.38111686706543,17.525418723807558,17.097323832784966,17.195929683965076,63318130
2005-01-10,17.229597091674805,17.69376654932158,17.152636042139562,17.455669561911343,42122382
2005-01-11,16.81593132019043,17.340227695915537,16.714921241179873,17.27769759512926,70024906
2005-01-12,16.54897689819336,17.17187809912428,16.411889982513237,16.84479442663508,64340791
2005-01-13,17.176687240600586,17.31136771545421,16.64277057267801,16.83517265166486,62068924
2005-01-14,16.755809783935547,17.263269973240384,16.669228454545948,17.21516971885718,52895546
2005-01-17,16.58745574951172,19.240197413707254,16.154551334937672,19.240197413707254,76864850
2005-01-18,16.54897689819336,16.950616287642447,15.82506451505071,15.82506451505071,58641786
2005-01-19,16.763023376464844,17.049221719160478,16.589861820868407,16.597076749513086,66762093
2005-01-20,16.91694450378418,16.998716237485414,16.26277825979726,16.883275199686235,108474513
2005-01-24,17.335418701171875,17.448454390024022,16.931374013786254,17.075675843477494,68479895
2005-01-25,17.70098304748535,17.74908329623539,17.171877043110957,17.27769889761063,55472599
2005-01-27,17.87654685974121,18.124265183085107,17.804396494634723,17.838066882892658,83224027
2005-01-28,18.304641723632812,18.33590895366001,17.85730747044528,17.893384289371166,58637025
2005-01-31,18.588436126708984,18.694255793178556,18.374387097232635,18.4224873417641,46369195
2005-02-01,18.384008407592773,18.807291429914905,18.29021107905331,18.759191185503262,42560177
2005-02-02,18.470592498779297,18.706283078242055,18.398441031928776,18.463376480594462,39358503
2005-02-03,19.042987823486328,19.119949972379903,18.566793786892895,18.566793786892895,75058100
2005-02-04,19.095895767211914,19.3604482104385,18.83615400222558,19.199312276882104,87319529
2005-02-07,19.216148376464844,19.528801080562687,19.100707344509498,19.31234887330275,77358952
2005-02-08,19.030963897705078,19.379692381839565,18.85539807522686,19.232986276720855,68890427
2005-02-09,19.273868560791016,19.442220526250505,19.107921934659434,19.2017192747008,60999526
2005-02-10,19.148805618286133,19.331587414929245,18.96121314367241,19.309941542810602,55012339
2005-02-11,19.192096710205078,19.33399429163102,19.119947428653056,19.24019695748951,48832590
2005-02-14,19.471080780029297,19.625000696561756,19.276272277114526,19.288296793992238,51242885
2005-02-15,19.338802337646484,19.581708880181573,19.269056226015444,19.504748930751884,51743826
2005-02-16,19.562471389770508,19.831834522779282,19.389308753193642,19.389308753193642,94659405
2005-02-17,19.814998626708984,19.959299366257287,19.353234517155034,19.53120564713953,93029411
2005-02-18,19.908790588378906,20.158913137406905,19.79334957950051,20.00980174349111,98710285
2005-02-21,19.644243240356445,19.956895962404676,19.5576619167317,19.916011729338457,52759589
2005-02-22,19.843860626220703,19.95930166691579,19.49272682530455,19.72120574602875,47259283
2005-02-23,19.91360855102539,20.098795736479484,19.7163968461586,19.889557333450327,63184333
2005-02-24,19.81740379333496,20.07714555801068,19.771706707605627,19.985755744050408,70925931
2005-02-25,19.718799591064453,19.983352055830306,19.60095321582792,19.865505680593778,60985776
2005-02-28,20.3104305267334,20.485998473854238,19.480697567734754,19.769301188636042,89252465
2005-03-01,20.259925842285156,20.346507150254137,19.961703031641264,20.25030666528818,62421950
2005-03-02,20.61587142944336,20.65916099652751,20.32245927990271,20.32245927990271,67031764
2005-03-03,20.71207618713379,20.813087376556908,20.587015959514464,20.587015959514464,50629485
2005-03-04,20.630300521850586,20.85156338473128,20.548529890106455,20.813082318469657,36386959
2005-03-07,20.916501998901367,21.06320809052394,20.719290317171087,20.73131483517309,44351515
2005-03-08,21.007890701293945,21.055993128235322,20.736124407946154,20.940549918075174,52799925
2005-03-09,20.7866268157959,21.169025582367354,20.700045510794087,21.068014422990068,37406534
2005-03-10,20.743335723876953,20.8058679997953,20.51245368913714,20.77941145032049,44137082
2005-03-11,21.21953010559082,21.308514566267437,20.827510003120732,20.827510003120732,61811032
2005-03-14,21.055992126464844,21.46725064512793,20.9958651850234,21.25560694865289,52188912
2005-03-15,21.29890251159668,21.39269768110336,20.853973523200224,21.11130999383374,62270806
2005-03-16,21.183456420898438,21.484084574143015,21.068015401782436,21.313327295060304,48049974
2005-03-17,20.724096298217773,21.164216698340585,20.538909156998013,21.116116453429488,51865060
2005-03-18,20.882829666137695,20.96941098096015,20.283978658510435,20.673591307087666,60335258
2005-03-21,20.724096298217773,21.007889268317655,20.574984885368625,20.971813539947046,37704750
2005-03-22,20.086769104003906,20.683214835125074,20.009806958859603,20.668784977597877,55399847
2005-03-23,19.644243240356445,20.41866229548684,19.48791796870705,20.20221007579969,96473588
2005-03-24,19.83183479309082,19.98335155747346,19.600952727007567,19.72120443856115,65108245
2005-03-28,20.12043571472168,20.341696393535965,19.96170295426897,19.973727470155847,51510086
2005-03-29,19.31715965270996,20.178157807782114,19.156021531977682,20.178157807782114,90249930
2005-03-30,19.0526065826416,19.52398987594374,18.812103168278863,19.24019689279535,83702372
2005-03-31,19.29070281982422,19.480700651251727,19.119947702084776,19.370070298790345,102508842
2005-04-01,19.685129165649414,19.76930514782229,19.216149004793316,19.39652548694965,58061740
2005-04-04,18.932353973388672,19.839049144260727,18.86501319487564,19.685127053552485,65126542
2005-04-05,18.39122200012207,19.047794576125956,18.302237529587014,18.951594088588497,78445875
2005-04-06,18.780838012695312,18.970835839715807,18.49463969196158,18.970835839715807,62322897
2005-04-07,18.559574127197266,18.951594276995863,18.518689900024487,18.951594276995863,40584661
2005-04-08,18.32869529724121,18.73514537370982,18.242115060289866,18.56919873939709,56961720
2005-04-11,18.340715408325195,18.600459324885254,18.049708622721965,18.417677537120312,48876358
2005-04-12,18.706281661987305,18.77362244494956,18.295023125324565,18.374388425601712,39440980
2005-04-13,18.32628631591797,18.951593834009817,18.23489541823523,18.951593834009817,46886166
2005-04-15,17.61680793762207,18.1819886117873,17.51579675663301,18.037686769035112,71971343
2005-04-18,17.037199020385742,17.45567366821581,16.931378233240455,17.10453981839862,57913363
2005-04-19,16.70049285888672,17.508582329971702,16.604292353876453,17.126182381244096,67518895
2005-04-20,17.465288162231445,17.508578816548884,16.589859166935277,16.589859166935277,84040793
2005-04-21,17.749082565307617,17.794777472925986,17.12618033896022,17.506174902936085,58054557
2005-04-22,17.397951126098633,17.893386784224052,17.333015675352154,17.878955836766686,47901442
2005-04-25,17.472505569458008,17.645667121928703,17.234408570982637,17.4123797126714,39956953
2005-04-26,17.25364875793457,17.60237721714337,17.19111864854183,17.544656697175174,36082830
2005-04-27,16.81833839416504,17.21997777006837,16.748593358353027,17.21997777006837,41008884
2005-04-28,16.515304565429688,16.95542388670568,16.43112859013447,16.93137376367485,74419860
2005-04-29,16.399864196777344,16.676442256784796,16.32290314636773,16.59467052795134,79817004
2005-05-02,16.59947967529297,16.67644071860395,16.31087603522043,16.59466899731285,63944318
2005-05-03,16.51770782470703,16.876055375307104,16.462391568264156,16.637958424719766,59848519
2005-05-04,17.03238868713379,17.070868674587306,16.570623390817357,16.618724736852805,57233932
2005-05-05,17.07326889038086,17.33060638459799,16.945802268046844,17.12858406000246,65062387
2005-05-06,17.044408798217773,17.167064747790842,16.743780637781665,17.114154914898794,57999058
2005-05-09,17.460479736328125,17.52541627086689,17.075676654499343,17.2680776507264,50563157
2005-05-10,17.246435165405273,17.583139132453965,17.181499711581544,17.48934287172257,45469050
2005-05-11,17.188711166381836,17.316177798051577,16.888082996393994,17.316177798051577,38478686
2005-05-12,17.2199764251709,17.43402328389774,17.13099086052455,17.2199764251709,35373002
2005-05-13,17.299341201782227,17.347442536037597,16.9794735928878,17.171875661785567,40299839
2005-05-16,17.467695236206055,17.547060535859064,17.268077138727296,17.316178475732524,25941114
2005-05-17,17.029977798461914,17.674524731570177,16.955422098118653,17.556678378588202,37681275
2005-05-18,17.164663314819336,17.364280341525596,16.888085231107414,17.02757748735978,64138874
2005-05-19,17.15985107421875,17.599970382867856,17.070864423245606,17.316177414121515,91502472
2005-05-20,17.085294723510742,17.311366082859763,16.99149739798372,17.123774699929303,58579780
2005-05-23,16.895299911499023,17.205548385002015,16.801503658695843,17.15744813359644,45253358
2005-05-24,17.224788665771484,17.287319867125575,16.883276210634836,16.979476718102944,54316403
2005-05-25,17.08770179748535,17.301748676184324,17.034790867961572,17.24643349668198,39710318
2005-05-26,17.11175537109375,17.19352603183564,16.989099379980917,17.075680720398758,29569101
2005-05-27,17.441240310668945,17.749083430115753,17.12858651268605,17.31617900935072,51688457
2005-05-30,17.376298904418945,17.556676422083342,17.304148550977803,17.556676422083342,26595088
2005-05-31,17.47490882873535,17.604780802757006,17.340228355142905,17.361873139459203,27487004
2005-06-01,17.14061164855957,17.59035125309094,17.090106061566765,17.508580613971535,40324727
2005-06-02,16.789478302001953,17.1261811343995,16.73897271373612,17.1261811343995,43449102
2005-06-03,16.820741653442383,16.931373086458894,16.55137854327159,16.835171508808802,55402341
2005-06-06,16.81112289428711,17.135801205394596,16.753402378270756,17.04922097605739,39318701
2005-06-07,16.948505401611328,17.085891823858724,16.8510866791553,17.085891823858724,33424001
2005-06-08,16.953506469726562,17.07840386783007,16.728692058308646,17.030942494483376,45353979
2005-06-09,16.878570556640625,17.125865983675883,16.786146064604907,16.896056149030017,47237993
2005-06-10,16.706209182739258,17.06841003681392,16.653753545143886,16.983481484506026,58751633
2005-06-13,16.52635955810547,16.83110827606515,16.48639297684049,16.808626154791902,32790166
2005-06-14,16.706209182739258,16.81112272085089,16.536349815202588,16.58630831960038,34884801
2005-06-15,16.9585018157959,17.02095051465612,16.736185669830842,16.736185669830842,40725107
2005-06-16,16.9585018157959,17.22827933496208,16.92602889971436,16.988477598574583,43358800
2005-06-17,17.02594757080078,17.083400877189913,16.77865214750077,17.00596484512946,29829071
2005-06-20,17.415624618530273,17.50555083705015,16.941016535143177,17.193308468500124,49162700
2005-06-21,17.842775344848633,17.885240196166976,17.490566339697363,17.53552945622875,58980029
2005-06-22,18.187484741210938,18.479744337409066,17.775325425886358,17.935192849515285,144556715
2005-06-23,18.282407760620117,18.61463395563554,18.165005165321368,18.299893349831454,76249871
2005-06-24,18.135034561157227,18.3273760973847,18.010138267897055,18.135034561157227,44167064
2005-06-27,17.947683334350586,18.33236514200296,17.885234643636654,18.234946406466396,55298799
2005-06-28,17.070907592773438,17.987650749402167,16.96099866136907,17.945187040741324,50753794
2005-06-29,17.290727615356445,17.35567344594772,16.851090732132512,17.085895933310624,53393590
2005-06-30,16.973491668701172,17.385651078442965,16.863582719062144,17.335692567830733,65810248
2005-07-01,17.19330596923828,17.310708557749482,16.791138572088947,17.085894175589882,51128894
2005-07-04,17.283235549926758,17.453094936211038,17.135857153664613,17.23577417348817,30735688
2005-07-05,17.33319854736328,17.98016447316233,17.103388663395513,17.535532035788396,56298069
2005-07-06,17.495561599731445,17.632948081986985,17.23577596345825,17.38565264021915,43294632
2005-07-07,17.6754093170166,17.97266434453417,17.53552572964526,17.53552572964526,73882109
2005-07-08,18.100061416625977,18.2249576885808,17.880242393940726,17.880242393940726,63812006
2005-07-11,18.08757209777832,18.30988826462367,18.03511532158417,18.085073832780335,33064254
2005-07-12,18.002639770507812,18.234947831921602,17.735360530077294,18.135029692676483,32345792
2005-07-13,17.73785972595215,18.125041004793484,17.610465186774068,18.125041004793484,30812418
2005-07-14,17.515541076660156,17.84027360649676,17.485565296222457,17.782820310189603,20889267
2005-07-15,17.757843017578125,17.847768105889156,17.368164617668924,17.585485372566414,27613748
2005-07-18,18.112548828125,18.232449690863454,17.702886604218246,17.785319154513708,39786644
2005-07-19,18.469755172729492,18.55718312507476,18.04260733862269,18.207471315693695,48560474
2005-07-20,18.567169189453125,18.729534860375775,18.43977469055629,18.557178395840207,39000157
2005-07-21,18.469755172729492,18.80447852495102,18.334865847056584,18.584660643163343,48673764
2005-07-22,18.921878814697266,18.984326370892475,18.38981753465841,18.48973452973898,42140074
2005-07-25,19.251611709594727,19.35652526055782,18.984331302258894,18.984331302258894,53313749
2005-07-26,19.483919143676758,19.568848839911812,19.08424878690645,19.401487712466444,51131400
2005-07-27,18.74952507019043,19.643787392847642,18.649608048488687,19.483918800372145,94322385
2005-07-28,18.74952507019043,18.74952507019043,18.74952507019043,18.74952507019043,0
2005-07-29,18.367340087890625,20.033464437771325,18.234950148900154,20.033464437771325,69534759
2005-08-01,18.224958419799805,18.374835083619466,17.98515666285682,18.35734949169818,43821376
2005-08-02,18.64211082458496,18.904394653649824,18.085070253750168,18.135028755059558,69355639
2005-08-03,18.43728256225586,19.05927020477514,18.27741510226347,18.78449726539221,52383206
2005-08-04,19.139202117919922,19.279086843431926,18.43478422367806,18.459763477310847,95015316
2005-08-05,19.393993377685547,19.613813550025178,19.069261912265436,19.18416852860332,63685880
2005-08-08,19.381502151489258,19.796159799036957,19.311559788629598,19.386498681099525,68417533
2005-08-09,19.38649559020996,19.91605749391586,19.166677740378162,19.324048031722036,68613573
2005-08-10,19.886085510253906,19.98350425764349,19.53387544013302,19.53387544013302,53500408
2005-08-11,20.195829391479492,20.420643797851053,19.983504045761645,19.983504045761645,77669576
2005-08-12,20.125886917114258,20.428138476252393,19.738707935675293,20.383174237480283,65315114
2005-08-16,20.463111877441406,20.5330542449715,20.233300917996658,20.28325942867227,49572781
2005-08-17,20.70041275024414,20.75786604856768,20.29574592316519,20.47809661383862,44879446
2005-08-18,20.425642013549805,20.82781061867368,20.32822325915059,20.707909742904985,56183663
2005-08-19,20.083425521850586,20.558032507940588,19.98350623690216,20.433135098945943,50561910
2005-08-22,19.6337947845459,20.278261099112257,19.503900857979946,20.083423603644782,28316310
2005-08-23,19.151691436767578,19.983505006630637,19.096738662080558,19.983505006630637,38796007
2005-08-24,18.784496307373047,19.29907097623127,18.58965654219295,19.191659165752434,52624391
2005-08-25,19.129209518432617,19.783668843716722,18.79198679752683,19.783668843716722,60655346
2005-08-26,19.433958053588867,19.883586862436818,19.146696083516364,19.733711347127805,32822843
2005-08-29,19.1916561126709,19.48391458248693,18.894402245435426,19.48391458248693,30189578
2005-08-30,19.541366577148438,19.61380718940833,19.184162307317223,19.184162307317223,24255871
2005-08-31,19.51139259338379,19.583833208100327,19.37150789266788,19.583833208100327,20134127
2005-09-01,19.643781661987305,19.82613232316928,19.583832371624286,19.618801282389036,23012887
2005-09-02,20.263275146484375,20.353201368981363,19.658774238200643,19.696243686151146,61201907
2005-09-05,20.23080062866211,20.523059131476707,20.138376148553892,20.318228579326387,43702754
2005-09-06,20.298242568969727,20.430632481807965,20.16335439167481,20.233296744778947,36575353
2005-09-08,20.455617904663086,20.533055070221344,20.338215286710778,20.380679004177193,26956450
2005-09-09,20.460613250732422,20.583012391746106,20.128387010838146,20.468108045515788,22088151
2005-09-12,20.575515747070312,20.72039699648705,20.520560712363245,20.58301054117984,21135973
2005-09-13,20.400659561157227,20.622975698652155,20.363192379897455,20.578013723387894,15120823
2005-09-14,20.233301162719727,20.627974985875486,20.00598846549757,20.383176696559318,31348791
2005-09-15,20.685428619384766,22.76371358352523,20.245790545077657,20.73288886641323,20180982
2005-09-16,21.072603225708008,21.202497140133012,20.682926008274507,20.73288450984697,45503710
2005-09-19,21.467281341552734,21.57469088586657,21.077601822961537,21.182515365434476,36851970
2005-09-20,21.38984489440918,21.794511752060018,21.232474575485025,21.467282052909457,46592771
2005-09-21,20.902742385864258,21.48226503627654,17.4805682988622,17.4805682988622,47725053
2005-09-22,20.075929641723633,21.157538022322075,19.908568525728278,20.538047540811753,69304914
2005-09-23,20.10590362548828,20.428139048335797,19.60881456081992,20.10840189025902,52999361
2005-09-26,20.787843704223633,20.902748054563368,20.133384260740264,20.133384260740264,35021293
2005-09-27,20.830307006835938,21.100083387279042,20.593001278679253,20.83280300861111,37952323
2005-09-28,20.85279083251953,20.957704392199783,20.48309737138836,20.48309737138836,27464361
2005-09-29,20.872772216796875,21.20250018486143,20.68292897839129,20.91024166408711,53200198
2005-09-30,21.15753746032715,21.40233346568326,20.76535967295787,21.03264006140113,80361962
2005-10-03,21.28243064880371,21.477270392265076,21.132555141560008,21.132555141560008,26679678
2005-10-04,21.637142181396484,21.787017710969685,21.307414205998533,21.307414205998533,43509528
2005-10-05,21.202497482299805,21.759538065057388,21.132555126385476,21.732059417850593,59163566
2005-10-06,20.170846939086914,21.132554295077508,20.0434535550549,21.132554295077508,78244171
2005-10-07,19.751195907592773,20.305738227129588,19.68874608227833,19.83862385269636,66310121
2005-10-10,19.393993377685547,19.86610437969342,19.316558474686886,19.833631459443538,44797099
2005-10-11,19.69374656677246,19.7437050793054,19.111727745988528,19.533877968914304,47489378
2005-10-13,18.799482345581055,19.583835619321395,18.71704979474113,19.53387485183958,64346408
2005-10-14,18.934371948242188,19.11422438842994,18.637116900422377,18.86442958404929,66678702
2005-10-17,19.201650619506836,19.299069362490442,18.71455124728666,18.98432875188376,54845675
2005-10-18,18.7270450592041,19.411479182871496,18.1899882108167,19.32654948369092,40467679
2005-10-19,18.062591552734375,18.66209703867285,17.585485202511133,18.56467715677249,54022818
2005-10-20,17.915210723876953,18.577163688491122,17.56050355766572,18.249934037173077,49065844
2005-10-21,18.354846954345703,18.40980085083509,17.867748758906902,18.002638064385195,51721859
2005-10-24,17.60047149658203,18.97933369395887,17.52553373953106,18.40980289340596,46238320
2005-10-25,17.510547637939453,17.860259480797502,17.385651359390582,17.735363202248628,54322102
2005-10-26,17.33069610595703,17.780324966154144,17.20080329897874,17.535527810608563,49825935
2005-10-27,16.866079330444336,17.428115386084365,16.74118305778019,17.365666684022017,60674487
2005-10-28,16.52635955810547,17.430613783803143,16.436434467394132,17.428115518892657,28432592
2005-10-31,16.956003189086914,17.010957088817012,16.54634098262234,16.736184195785352,24103860
2005-11-02,17.4331111907959,17.535527607666676,16.536351745758633,17.055922967658702,50503739
2005-11-04,17.4331111907959,17.4331111907959,17.4331111907959,17.4331111907959,0
2005-11-07,18.167505264282227,18.309888265807153,17.010960185859346,17.010960185859346,84856478
2005-11-08,18.09006690979004,18.432285043633645,17.847766916976713,18.279911264601523,65026741
2005-11-09,18.12254524230957,18.424795738641013,17.985158755928072,18.189989352866203,70583496
2005-11-10,18.152511596679688,18.269915301596694,17.99763958718083,18.125035217139732,33756877
2005-11-11,18.549692153930664,18.649610319259,18.234952592079114,18.26992378022492,40923487
2005-11-14,18.26492691040039,18.70456386064705,17.995149356635665,18.69956733047956,39239775
2005-11-16,18.36234474182129,18.48474388428127,18.13753031363864,18.434785373898585,21952953
2005-11-17,18.337366104125977,18.684579686460744,17.935197479643346,18.479749108117893,48395318
2005-11-18,18.494735717773438,18.734537471548613,18.394817566060063,18.434785279329642,45136779
2005-11-21,18.025121688842773,18.57966405248777,17.940192001546972,18.55968019731447,31562760
2005-11-22,17.5405216217041,18.085072055740167,17.443102873882133,18.007636031556803,44311737
2005-11-23,17.118371963500977,17.540523305638562,16.94851144177265,17.485568264570485,69920415
2005-11-24,17.10588264465332,17.42062331720093,17.015957546397324,17.135858431712418,71580153
2005-11-25,17.098386764526367,17.385649877901024,16.886061411895337,17.195806645515432,57172127
2005-11-28,17.223283767700195,17.585484633486654,17.08589617897316,17.27823767173053,92568533
2005-11-29,17.380653381347656,17.56550007245877,17.0734064319412,17.16083437968042,53462079
2005-11-30,17.470577239990234,17.830279801414314,17.3906429602981,17.463083578059777,65851368
2005-12-01,17.50055694580078,17.830283802024027,17.298223502439132,17.830283802024027,43057022
2005-12-02,17.83777618408203,18.05509692526915,17.63544276809114,17.685402404512658,62416476
2005-12-05,17.690397262573242,17.98515401689316,17.615458375958074,17.885235878559744,33493630
2005-12-06,17.54302215576172,17.825288771112096,17.393145486051985,17.670416702711645,21215767
2005-12-07,17.470577239990234,17.642934858771817,17.395639489225307,17.543017857751913,23912629
2005-12-08,17.37065887451172,17.585481314998574,17.278234411221824,17.585481314998574,22871491
2005-12-09,17.787813186645508,17.83527454941299,17.38564582680007,17.425612396925125,35406189
2005-12-12,18.137527465820312,18.23494733779281,17.835277054563416,17.835277054563416,35212085
2005-12-13,18.462265014648438,18.599651499711506,18.090071014603172,18.184993779278038,43826375
2005-12-14,18.891908645629883,19.03429051903381,18.512222141271902,18.552188724876725,71584843
2005-12-15,18.427284240722656,19.20164654260515,18.25492664716463,19.03428321432274,84512369
2005-12-16,18.37982940673828,18.577166304820928,18.24244294438378,18.54968878605792,42149538
2005-12-19,18.986827850341797,19.03428809160366,18.437280889960288,18.479746864666822,34396364
2005-12-20,18.70705795288086,19.08674324518777,18.57466690488345,19.0342864788941,43834307
2005-12-21,18.752017974853516,18.844442438114484,18.427285484227372,18.694565816943935,45201623
2005-12-22,19.059267044067383,19.134203665976635,18.759513767668015,18.796983210083035,43311114
2005-12-23,18.409805297851562,19.219139063300876,18.31238654039988,19.111727245851366,51212725
2005-12-26,18.414796829223633,18.559676925034868,18.214961707105246,18.43478068087356,44027010
2005-12-27,18.74952507019043,18.779500855577307,18.334867393499128,18.409805159775438,24190778
2005-12-28,18.537200927734375,18.92937648451731,18.439781039056705,18.784497481188417,31555007
2005-12-29,18.502227783203125,18.677083685004682,18.389820579396478,18.559679951740577,39991922
2005-12-30,18.981834411621094,19.064266973344182,18.49723436418781,18.49723436418781,47406082
2006-01-02,18.934371948242188,19.169177163506305,18.749524109809457,19.081751471186244,22888234
2006-01-03,19.29407501220703,19.35402658129739,18.934372386428223,19.034289405324373,24164536
2006-01-04,19.1966552734375,19.426466215446286,19.11921811686677,19.426466215446286,27038404
2006-01-05,19.004318237304688,19.274094690380874,18.946866054049718,19.226634437139975,16543852
2006-01-06,19.19416046142578,19.229131648828375,18.854440516866383,19.064268772742658,28601856
2006-01-09,18.986827850341797,19.403983751508857,18.88940797161945,19.25410597058788,28629795
2006-01-10,18.59714698791504,19.021796495230316,18.534698298009197,18.976833393239694,19181938
2006-01-12,18.44976806640625,18.709553612894524,18.24243928208159,18.48473924118199,28201167
2006-01-13,18.34235954284668,18.884411683463455,18.284906245340373,18.884411683463455,19063518
2006-01-16,17.797805786132812,18.33486246197927,17.720369775703713,18.33486246197927,31799493
2006-01-17,17.415624618530273,17.92520501486222,17.34318512221308,17.82528686856675,32962078
2006-01-18,17.54302215576172,19.983506931336958,17.16583278214203,19.983506931336958,27362244
2006-01-19,18.00763702392578,18.06009379785633,17.612963218462145,17.630448809772325,29787844
2006-01-20,18.092565536499023,18.42229348501402,18.010134115100513,18.135030379561965,52757083
2006-01-23,17.840274810791016,18.082574809375522,17.43061257258426,18.01013418368967,62681231
2006-01-24,18.207469940185547,18.319877137357434,17.690397059486937,17.890231070938825,34886974
2006-01-25,18.147518157958984,18.384822726062865,17.990147867354757,18.277410934598297,20412228
2006-01-27,19.751195907592773,20.123387543233193,18.22995079425075,18.2349473233769,108045161
2006-01-30,19.831130981445312,20.123389494003025,18.82696091061172,19.511396081871812,100850386
2006-01-31,20.205821990966797,20.35819576882496,19.7187237444156,19.7187237444156,81755995
2006-02-01,19.85860824584961,20.28325666009011,19.71872352988312,20.28325666009011,83407480
2006-02-02,20.085922241210938,20.320727451198625,19.896076745878286,19.933546191985492,60306796
2006-02-03,20.025972366333008,20.183342695522835,19.78617060649743,19.993499447076232,35783130
2006-02-06,20.328224182128906,20.5730202117022,19.73371404321364,19.983506602856153,40932594
2006-02-07,20.420644760131836,20.69291942015465,20.29075309220207,20.328222538849825,28202865
2006-02-08,19.596324920654297,20.42064365042525,19.508896970867596,20.42064365042525,43767907
2006-02-10,19.44644546508789,19.923550563742754,19.336535418218915,19.731209113182285,41085234
2006-02-13,19.59132957458496,19.788667605428788,19.42396845899356,19.483917763656308,24289130
2006-02-14,19.159181594848633,19.653772287790737,19.04427728068969,19.598819526402004,20747159
2006-02-15,19.376508712768555,19.44395508450297,18.93937000662497,19.234127962452916,29355440
2006-02-16,19.57384490966797,19.683754990644584,19.24911345959127,19.49391174536208,27899460
2006-02-17,19.324052810668945,19.87859296974265,19.21913925716065,19.633796941144514,34011266
2006-02-20,19.7412052154541,19.83362970076152,19.234125335997224,19.296572905875628,33617986
2006-02-21,20.130882263183594,20.333214537001847,19.823636455625333,19.833627250920234,45161050
2006-02-22,20.558029174804688,20.627971531468027,20.133380768577847,20.233297774405244,38517253
2006-02-23,20.915233612060547,21.23247248349668,20.58550794347352,20.58550794347352,56139325
2006-02-24,21.147544860839844,21.429812581222226,20.887759261112272,20.982682010494006,53971534
2006-02-27,21.087594985961914,21.412326411108047,21.047627275416826,21.37235870056296,16705089
2006-02-28,21.532224655151367,21.874441629081307,20.583008617317613,21.204995005118707,63363690
2006-03-01,22.096759796142578,22.33156726007643,21.242466414403612,21.54721397536438,54617801
2006-03-02,22.478944778442383,22.93107185877826,22.31408193541698,22.331567525611852,53689229
2006-03-03,22.693763732910156,22.858626542101558,22.339055472346097,22.53139692501639,46334404
2006-03-06,23.645488739013672,23.730418446617517,22.748729146994215,22.748729146994215,44054498
2006-03-07,23.395689010620117,23.720420444159707,22.48893880896381,23.645483813601988,41793887
2006-03-08,22.169200897216797,23.375704369324335,22.059290825530773,23.280783886167203,45716291
2006-03-09,22.561378479003906,22.703761479676615,21.644635164993662,22.234148761707704,55951882
2006-03-10,22.763715744018555,23.22083719116023,22.68128430442533,22.68128430442533,28308330
2006-03-13,22.993520736694336,23.22582766615433,22.716247306861263,22.923578378809424,28834040
2006-03-14,22.9235782623291,23.400683441962006,22.76620795788768,23.075952037541025,36832579
2006-03-16,23.473125457763672,23.630495771548553,23.030989167723956,23.053471287670646,35609413
2006-03-17,23.09593391418457,23.65047851496869,23.033486349727163,23.50559726888879,21430449
2006-03-20,23.33574104309082,23.400686880935307,23.13091046962978,23.13091046962978,15518365
2006-03-21,23.390689849853516,23.830325533544457,23.238313829938683,23.400680644197163,35361460
2006-03-22,23.445648193359375,23.730414186436963,23.18586258646729,23.398187948820148,35097572
2006-03-23,24.244983673095703,24.41983955014768,23.0309855912323,23.485610871567456,62142555
2006-03-24,24.649654388427734,24.719596750410343,24.20502209463601,24.234996746079702,43588716
2006-03-27,25.871143341064453,25.998538994950298,24.719594978585672,24.719594978585672,56342288
2006-03-28,26.088464736938477,26.22834944836341,25.486459919732972,25.97855467427009,45176248
2006-03-29,26.09096336364746,26.270813521603962,25.801200878576132,26.138423601990905,29130962
2006-03-30,26.065982818603516,26.717943880117446,25.683798123806852,26.128430381144867,69888854
2006-03-31,26.802871704101562,27.10262496196054,26.041000631855507,26.173392804394553,46004888
2006-04-03,27.13260269165039,27.3174516487441,26.947755997477586,27.027689152625605,24552876
2006-04-04,27.112625122070312,27.372410743490345,26.687974373616917,27.22752947393872,40426310
2006-04-05,27.092639923095703,27.322448615453535,26.932771334078986,27.20004947449461,18437853
2006-04-07,27.015201568603516,27.97690906222403,26.877815107075016,27.200048272878707,39487491
2006-04-10,28.918630599975586,30.874516252066954,26.902795643639838,27.727114417447453,64207102
2006-04-12,27.90196990966797,29.91281056923372,27.592225807908306,28.9760834695756,59553105
2006-04-13,28.21421241760254,28.716298018811674,26.530601441990164,27.926948171698797,62760122
2006-04-17,29.740447998046875,29.84286326005974,28.319121125920265,28.421536387933127,58049902
2006-04-18,29.4556884765625,30.03770952715129,29.17591901195963,29.84286975531413,36014911
2006-04-19,30.412397384643555,30.79708037195226,29.57808557819819,29.717970300855903,63910916
2006-04-20,32.1684455871582,32.293342979966724,30.47484391047105,30.76460640488783,78278844
2006-04-21,32.69551467895508,33.29252078892699,28.731286484213594,32.0360587351303,95657392
2006-04-24,32.64555358886719,33.41741555193464,32.073525647320565,32.722988480184185,48252295
2006-04-25,31.124309539794922,32.66803346694858,30.874514749808107,32.64805187512005,58939978
2006-04-26,32.740474700927734,32.912832339832086,31.024393106150104,31.11431705981422,54493575
2006-04-27,31.86870002746582,37.21928461551546,31.678856772478003,32.9128367984382,73849681
2006-04-28,31.681346893310547,31.943630716906032,30.025212539442112,30.79457842198887,65660208
2006-05-02,33.52482986450195,33.80709759078887,32.42823414005549,32.42823414005549,53437666
2006-05-03,33.242557525634766,33.971955730795216,32.85288030342237,33.71217016168002,47742211
2006-05-04,32.78543472290039,33.61724815918962,32.50316704860289,33.322491425643406,37079725
2006-05-05,31.996091842651367,33.517338334439145,31.538970452253476,33.07270374304235,53946824
2006-05-08,32.198421478271484,32.92282316547982,32.0635332940047,32.39325896091425,29122140
2006-05-09,32.97029113769531,33.212591178463065,31.636391780886782,32.47320199322206,54711784
2006-05-10,33.37744903564453,33.72216429576458,33.075197485422294,33.212583936544895,49490304
2006-05-11,31.926149368286133,33.74215025899773,31.683849365205702,33.7221664036528,54444927
2006-05-12,32.16595458984375,32.87287082029226,31.24421471982515,31.968616542728874,58665475
2006-05-15,29.308303833007812,32.32331508727832,28.59389302476394,32.17343733302318,111738289
2006-05-16,28.68882179260254,29.575590464523653,26.25333247328118,29.165929311905757,122470962
2006-05-17,30.569766998291016,30.899494942309463,29.125957827998544,29.475669626642492,82105601
2006-05-18,27.230024337768555,30.474844803707224,26.488137016088462,30.474844803707224,113204112
2006-05-19,25.194198608398438,28.476490166347563,24.729582553153172,28.476490166347563,103510617
2006-05-22,23.52558135986328,25.57888563165388,21.482267883834886,25.478968622348248,59053197
2006-05-23,25.51643943786621,25.678804020983396,22.13173189664041,23.580537661117024,51468907
2006-05-24,24.175045013427734,26.328268631385306,23.80535161371766,25.97356029437267,53087110
2006-05-25,25.77122688293457,26.21336315258642,23.180865881220345,23.915258382097715,70596355
2006-05-26,27.621368408203125,28.546437227169758,26.1376721623468,26.445172603755807,93173407
2006-05-29,28.810375213623047,29.212691876254645,27.623930361620985,27.931433114452215,70172869
2006-05-30,28.033935546875,29.15119277694927,27.675182692854836,29.15119277694927,49082348
2006-05-31,26.50666618347168,27.57267296733883,25.24847110065771,27.57267296733883,78380165
2006-06-01,25.058849334716797,27.285674792834723,24.612971208507602,27.162674170579443,66368861
2006-06-02,26.537418365478516,26.752670024335405,24.65140814194724,25.11266103337676,66012154
2006-06-05,25.33816146850586,27.67517547097755,25.133158896236942,27.219048287849784,54458321
2006-06-06,24.61808967590332,25.702036360555862,24.20552638018478,24.60271489136841,62965008
2006-06-07,23.621278762817383,24.981974224747717,23.06264907324399,24.249093839080313,67008633
2006-06-08,21.776268005371094,23.57515314033737,21.427764276032548,23.57515314033737,61573184
2006-06-09,23.372713088989258,23.62127717978327,21.576388685785137,21.78138894476339,52312401
2006-06-12,21.876203536987305,23.57515124620693,21.60201324439005,22.960148128291642,53949591
2006-06-13,19.890254974365234,21.60201473819259,19.731379061191365,21.60201473819259,56994148
2006-06-14,19.687816619873047,21.012639262180002,19.2521898339911,20.346383663189958,59397496
2006-06-15,21.207387924194336,21.31501377393533,20.14138315566378,20.397633520696772,68616244
2006-06-16,23.590526580810547,24.292657381403554,21.537951741032554,21.537951741032554,97635021
2006-06-19,24.4156551361084,24.74621884550314,23.375274476256763,24.149153423275788,57199580
2006-06-20,23.874967575073242,24.236283245395303,23.267652956713615,24.087656414443263,58411157
2006-06-21,24.492530822753906,24.70265910795213,23.42140051351257,23.933903487003708,35407127
2006-06-22,25.0870361328125,25.620039604640425,24.707782858903737,25.112662326510765,33957298
2006-06-23,26.270919799804688,26.744987005095588,24.21578203106016,24.856411381843646,67437582
2006-06-26,25.45860481262207,27.982684302635327,25.11266623313257,27.931434228689618,99325181
2006-06-27,26.57586097717285,26.906427075371393,24.50278546735414,25.573918239598036,136113838
2006-06-28,26.358047485351562,26.61942353632434,24.087655709270948,24.087655709270948,63481172
2006-06-29,26.122289657592773,27.675173160216495,25.899349465918277,27.162670254471042,59514871
2006-06-30,27.3497371673584,27.6726146483055,26.650169291973008,26.752669416311463,59413300
2006-07-03,27.790489196777344,27.926301743683698,25.68922506812202,27.521424632829902,45436871
2006-07-04,27.56242561340332,28.136427695126308,27.4496740852358,27.931427449101655,59716016
2006-07-05,28.887250900268555,28.95643861201268,27.1626768459084,27.449679099912874,79296304
2006-07-06,28.05186653137207,29.012810453089724,27.67517612405962,28.187681406114407,74767472
2006-07-07,26.79880142211914,28.641250460672882,26.483612432510593,28.4439364053327,68012617
2006-07-10,27.0371150970459,27.188304789033786,26.204297329423195,26.8295519484766,68410800
2006-07-11,26.368289947509766,27.16266930765416,26.137663531892166,27.16266930765416,54419980
2006-07-12,26.64760971069336,26.773173190914555,25.625166550315786,25.625166550315786,64118130
2006-07-13,26.61429214477539,27.101171183280304,26.188914569402698,26.752667535043976,50122702
2006-07-14,26.206859588623047,26.355486425327765,25.778919041554847,26.240172020003666,35354336
2006-07-17,25.340726852416992,26.24016937324114,25.22028907693744,26.24016937324114,38082889
2006-07-18,24.484848022460938,25.599542320187847,24.295222522468595,25.343291958228434,41066640
2006-07-19,23.585403442382812,25.158787729191236,23.398338488498077,25.010160906730682,42192617
2006-07-20,24.961469650268555,25.158783657266998,23.62639828009233,24.08765113968207,53892132
2006-07-21,24.7564754486084,24.974287675506105,23.887782428574603,24.95891288595999,85421230
2006-07-24,24.548898696899414,24.69239976190316,23.634081728923213,24.446398599446077,52593388
2006-07-25,25.399662017822266,25.49703876734763,24.85640946594304,24.86153516892423,53234276
2006-07-26,25.443225860595703,25.81479057698968,25.017848227147834,25.368912453032216,45203654
2006-07-27,25.50984764099121,25.727662134462378,24.93840843416202,25.573911956294996,48867963
2006-07-28,25.50728988647461,26.119732513181017,20.75638498544003,20.75638498544003,47250532
2006-07-31,25.430416107177734,26.08642025267038,25.27666357587138,25.62516730159862,38526277
2006-08-01,25.44066619873047,25.594418736117444,24.958912736337183,25.28179027914134,32653828
2006-08-02,26.191482543945312,26.342669898073684,25.2715395181126,25.42016402059791,41560231
2006-08-03,26.122289657592773,26.650167348725585,25.9096008704586,26.49641717342889,34108146
2006-08-04,26.16329002380371,26.77316970548163,25.891664928478036,26.137666153622142,57454480
2006-08-07,25.822481155395508,26.26579646260779,25.732792953276046,26.13510727625554,32173417
2006-08-08,26.19660186767578,26.263226708476157,25.88141065653742,25.88141065653742,22134412
2006-08-09,26.491291046142578,26.84491806864772,25.958287661290907,26.496416748330507,38289058
2006-08-10,26.452857971191406,26.752672142213072,26.165855736661666,26.52204567824075,25261553
2006-08-11,26.924360275268555,27.11142289107015,26.296542934574575,26.547669870852168,42436011
2006-08-14,27.249799728393555,27.439427526984996,27.008924185002464,27.008924185002464,20066873
2006-08-16,27.288240432739258,27.818681105684185,27.142176453440992,27.52142976497845,27212109
2006-08-17,26.580984115600586,27.52142760461039,26.47079542683483,27.52142760461039,36697655
2006-08-18,26.29142189025879,26.59892464732794,26.04285776132903,26.511799291752705,30324443
2006-08-21,26.037729263305664,26.23504561987589,25.7840417793372,26.13766886737523,38828803
2006-08-22,26.416980743408203,26.696294402587014,26.2273552759047,26.26066770118076,27584229
2006-08-23,25.907039642333984,26.693732847470507,25.809662900216143,26.342666327010434,28353630
2006-08-24,26.519479751586914,26.64760606591986,25.635412129109138,25.881413352631366,35312741
2006-08-25,26.94485855102539,27.29079938299036,26.65017010421501,26.655295807015143,43058233
2006-08-28,27.0371150970459,27.239554863195693,26.90899107235305,27.049929356654253,20936359
2006-08-29,26.50922966003418,27.465047796486086,26.36572856486465,27.16267082043932,33206706
2006-08-30,25.976226806640625,26.54766834825404,25.8942271739854,26.54766834825404,47509813
2006-08-31,25.4329776763916,26.224794351280853,25.36891335110328,26.040292251586497,53600281
2006-09-01,25.719982147216797,25.86860665910474,25.22029104506752,25.24591492027204,31043391
2006-09-04,25.937788009643555,26.13766486575847,25.694349647797036,25.881412248029278,18105570
2006-09-05,26.337543487548828,26.388793550245854,25.75328998709479,25.98391642994305,34290115
2006-09-06,26.732166290283203,26.842354957718456,26.393916377616122,26.393916377616122,40764339
2006-09-07,26.762922286987305,26.896171991638646,26.311918465211033,26.701420816162774,29368312
2006-09-08,26.92948341369629,27.1524236255212,26.660418841540363,26.896170988775555,28587215
2006-09-11,25.456035614013672,27.057608730852355,25.217722945653414,27.003795818412417,33949117
2006-09-12,25.67641830444336,25.804544644712564,24.85641251242893,25.409916538109854,38182869
2006-09-13,25.725099563598633,26.181226722128372,25.602098955439793,26.08641515586578,23519777
2006-09-14,26.037729263305664,26.142794570513033,25.753292203357425,26.065918309140063,20999173
2006-09-15,25.845539093017578,26.03516688139371,25.49703773290472,25.93266443304579,24105035
2006-09-18,25.540599822998047,25.97622885446864,25.481663525459062,25.881414958124513,22470387
2006-09-19,25.02553367614746,25.958288467910464,24.856406391498282,25.702038171897843,35223911
2006-09-20,25.42784881591797,25.573912766587664,24.82822054850087,25.34328633131776,26276615
2006-09-21,25.77635383605957,25.91985495593383,25.625166482719813,25.778916687689268,24014247
2006-09-22,25.46116065979004,25.978789282085383,25.26897235501152,25.72766236384346,30100131
2006-09-25,26.019784927368164,26.317036142141127,25.192090942952746,25.57390694449736,58597472
2006-09-26,26.293977737426758,26.399040706497214,25.948039259127253,26.13253900707927,31103794
2006-09-27,26.46310806274414,26.775734154725377,26.322167482641245,26.445168102553815,30157281
2006-09-28,26.601486206054688,26.798800252785306,26.296546315652826,26.598923354335327,32912824
2006-09-29,27.45224380493164,27.539369163432752,26.803925837897555,26.906428307978732,56679854
2006-10-03,27.416364669799805,27.7930551006998,27.326676471966476,27.59317821389644,22448206
2006-10-04,26.842363357543945,27.608556245795345,26.752675149172582,27.470180816143472,24990493
2006-10-05,27.54192543029785,28.121053221028152,27.1626721852337,27.303610436296218,24988605
2006-10-06,27.500925064086914,28.054428996809214,27.329237236243134,27.777678191159737,44549609
2006-10-09,26.973051071166992,27.57267944766539,26.880800015992545,27.55730465870693,43069038
2006-10-10,26.542551040649414,27.36768261635301,26.44517426973872,27.160117135688413,68047693
2006-10-11,25.98904037475586,26.855170399536117,25.891665949947072,26.49641995287791,32257046
2006-10-12,26.457984924316406,26.522046931226058,25.881417576434966,26.009543911677913,26101806
2006-10-13,26.224796295166016,26.7936751030637,26.112044745725925,26.650173975203113,29223271
2006-10-16,26.22735595703125,26.63479594653081,26.168417337707304,26.39392040916063,21769001
2006-10-17,26.427236557006836,26.56817483580156,26.13767144395276,26.39392412617431,29278604
2006-10-18,26.086423873901367,26.75267719730381,25.912173147560665,26.650177043153278,75779494
2006-10-19,25.7353572845459,26.286296144552477,25.555980869994272,26.286296144552477,38741838
2006-10-20,26.055667877197266,26.696297222131825,25.855793304431018,26.086419775750514,84467545
2006-10-23,26.07616424560547,26.583543795129387,25.986476058640292,26.393918337584402,19450576
2006-10-26,25.65335464477539,26.201732960116534,25.55598020593403,26.201732960116534,60754957
2006-10-27,25.65335464477539,26.04798274653474,25.48166679020453,25.871169188417376,45365876
2006-10-30,25.530349731445312,25.88141393707814,25.438098690185473,25.614912218673783,24931823
2006-10-31,25.13572120666504,25.866038647076838,24.971721938087164,25.830163371808563,38184590
2006-11-01,25.107534408569336,25.420160479853003,25.022971923244842,25.394536609838678,28931419
2006-11-02,24.948665618896484,25.3919809819195,24.884601282789482,25.117790637657208,24692395
2006-11-03,25.24847412109375,25.36891188855641,24.83847128429506,25.18953550236802,28096391
2006-11-06,25.953166961669922,26.076167587927344,25.197225564433168,25.363787703415337,36831368
2006-11-07,25.481664657592773,26.240168897775405,25.368913117548303,25.9864790933871,48040380
2006-11-08,25.325349807739258,25.722538378414395,25.038347596305343,25.47141144340972,41935782
2006-11-09,25.732791900634766,25.87885354831988,25.225412286135974,25.543164097382867,34550239
2006-11-10,25.7430419921875,25.901917904023442,25.494477878393877,25.881417411944025,24447245
2006-11-13,25.47653579711914,25.881412900485614,25.422722885324806,25.83016283993242,14243309
2006-11-14,25.19722557067871,25.676416139310913,25.11778645712634,25.52266361538337,21558819
2006-11-15,24.917909622192383,25.2664109780492,24.856408153934712,25.189534723082943,21764750
2006-11-16,24.718036651611328,25.338165527612556,24.600159399210497,25.061414680351593,53170240
2006-11-17,24.41309356689453,24.938410787699926,24.272155309917732,24.85640882779993,33268415
2006-11-20,23.69302749633789,24.413095960366554,23.50083915629305,24.343908250807356,42309623
2006-11-21,24.379785537719727,24.523286671999436,23.67765465621916,23.80065529682694,44342811
2006-11-22,24.243967056274414,24.602717483202728,23.92621296386071,24.602717483202728,25232877
2006-11-23,24.141468048095703,24.600158132433375,24.049219318041498,24.53353327580859,28561294
2006-11-24,24.7590389251709,24.9051005902564,24.095346177570335,24.138910016903356,42481072
2006-11-27,24.72059440612793,25.097282465801417,24.625780517690153,24.90765701034908,20448290
2006-11-28,24.395151138305664,24.597590825458006,23.695583372209455,24.597590825458006,18365860
2006-11-29,24.466901779174805,24.702653886432635,24.3439011843931,24.584776672092246,15030616
2006-11-30,23.98002815246582,24.648846502931086,23.887779426781307,24.58478217954502,53020639
2006-12-01,23.992843627929688,24.241407736725947,23.90827880962431,24.08765520993332,12018748
2006-12-04,24.013343811035156,24.254219361827193,23.939030400230095,24.174780247815285,9718680
2006-12-05,25.26897430419922,25.368911580394478,24.14402878774655,24.32853087456296,47350143
2006-12-06,25.166475296020508,25.7276654927955,24.771847233646394,25.368912708819032,49793305
2006-12-07,25.217727661132812,25.445791288474528,24.856411992698682,25.112664667879027,20687195
2006-12-08,24.841035842895508,25.26641349611192,24.497657834104782,25.26641349611192,27100921
2006-12-11,23.25996208190918,25.08959895267544,21.786515142416278,24.80515957795854,81555953
2006-12-12,22.621898651123047,23.76478200576895,22.242645327000815,23.208715118131202,63035362
2006-12-13,22.373329162597656,22.796143902651355,21.768575198903555,22.64751710225386,80575967
2006-12-14,22.334890365600586,22.775642729647675,22.1785773376114,22.775642729647675,47656137
2006-12-15,23.531593322753906,23.667405903284685,22.447648566159206,22.652648862916895,69145695
2006-12-18,21.20841407775879,21.29246354782483,20.61288530206243,21.0659390135199,36985077
2006-12-19,20.614933013916016,21.536925845726163,20.45861995837531,21.24685004312507,38789405
2006-12-20,21.07054901123047,21.473376346301624,20.431456477548146,20.83940951571761,48550060
2006-12-21,21.21968650817871,21.428275695426258,20.884510097428493,21.111034602643794,26124081
2006-12-22,21.68196678161621,21.745515753713555,21.120263510984852,21.24685074197912,23394827
2006-12-26,21.643526077270508,22.12374035686768,21.42827441741337,22.05352890727125,20186206
2006-12-27,21.79522705078125,21.944877611956866,21.609188177398575,21.72245042636714,23190131
2006-12-28,21.58458709716797,22.098629149372794,21.48464982309345,21.876715008190917,47745655
2006-12-29,21.84699058532715,21.994591332556173,21.62302661296996,21.654802257461654,20251490
2007-01-02,21.68657684326172,22.143727781115253,21.523088281768004,21.7906137525268,12280772
2007-01-03,21.35805892944336,21.824437488308853,21.296559786669945,21.699900099196466,17252707
2007-01-04,21.101816177368164,21.518992321188385,20.86657699715883,21.448780852131296,21332845
2007-01-05,21.2309627532959,21.382663144027724,20.732808458640477,21.11103568765354,36058821
2007-01-08,21.018274307250977,21.394451726116554,20.92960985187317,21.394451726116554,15821057
2007-01-09,20.610321044921875,21.246850764355617,20.544719934259223,21.246850764355617,18863500
2007-01-10,20.479124069213867,20.87990166804255,20.390972636718363,20.5672731802854,19714369
2007-01-11,20.934223175048828,21.015709781972124,20.43606891091374,20.533443340120183,11666873
2007-01-12,21.20841407775879,21.324239196785335,21.020325357293643,21.063376161645817,17976939
2007-01-15,22.01714324951172,22.098632183623614,21.21507513116859,21.292462109704733,28548969
2007-01-16,21.856218338012695,22.3523205174636,21.790617224852078,22.107856027399606,28098754
2007-01-17,21.931041717529297,22.288768421234774,21.79727665814555,21.95153988618638,20340355
2007-01-18,21.552814483642578,22.098632255005317,21.441602040856814,21.972042701963996,24541964
2007-01-19,21.192523956298828,21.745514902365933,20.981884947880733,21.745514902365933,27884535
2007-01-22,21.353445053100586,21.538973182810974,21.08848246965609,21.337557233784548,18040999
2007-01-23,21.047489166259766,21.394453823771123,20.957287919573243,21.394453823771123,13517581
2007-01-24,21.781387329101562,21.972038855806634,21.061321303215323,21.147420569887238,46824077
2007-01-25,23.108776092529297,23.217425681492866,21.9377037767092,21.972042274667643,110804694
2007-01-29,23.52338409423828,23.59821052468442,22.886856847347243,23.181545258606626,79403028
2007-01-31,21.061323165893555,24.418219865222362,20.889122295896914,23.285585757513836,237129131
2007-02-01,20.72153091430664,21.382660677969138,20.458618112524317,21.28784910540816,140035173
2007-02-02,20.959331512451172,21.881326522354883,20.809680965797256,21.881326522354883,119076490
2007-02-05,21.29245948791504,21.40316120350933,20.63338186139017,20.97522073630623,50509724
2007-02-06,21.061323165893555,21.518987155945965,20.99315920917115,21.3826615639246,40985671
2007-02-07,21.045440673828125,21.256079726634276,20.90706522985633,21.13153996992043,31734387
2007-02-08,20.959331512451172,21.065933587265327,20.75996768794736,21.065933587265327,20939874
2007-02-09,20.535491943359375,21.038769502472796,20.445290728227658,20.975218224280344,24636481
2007-02-12,20.105506896972656,20.7804724382184,20.048618088340753,20.54472025668683,52533614
2007-02-13,19.586849212646484,20.295642435316953,19.48024945309352,20.11421623740008,50512728
2007-02-14,19.86770248413086,20.064503473869692,19.31009774535134,19.706776771539143,59004905
2007-02-15,20.035293579101562,20.25054527311107,19.937919139291775,20.159830997984788,23428205
2007-02-19,20.096281051635742,20.273094602962086,19.828753229569443,20.15983002319206,18484351
2007-02-20,20.13010597229004,20.490395551011122,20.069117532629726,20.250543747793117,28268528
2007-02-21,20.61288070678711,20.759968407323996,19.989676055491653,20.186990070146308,34792291
2007-02-22,20.599040985107422,20.997768614686844,20.436065477220698,20.793792132221455,72656438
2007-02-23,20.85068702697754,21.15203801045868,20.571884032546436,20.66721097811945,73767751
2007-02-26,21.29245948791504,21.51898630045109,20.79379453673736,20.943445093404502,72753282
2007-02-27,21.246849060058594,21.72706568012539,21.19047329146623,21.30117501174064,60271150
2007-02-28,20.046566009521484,21.05671019442311,19.896915449058913,19.97840205378019,67320350
2007-03-01,20.436067581176758,20.58571813594586,19.983013961850798,20.191603133466764,41768323
2007-03-02,20.089614868164062,21.09514628770861,19.93329951616038,20.612879905426365,68548788
2007-03-05,19.061019897460938,19.992237907463153,18.811942798926538,19.992237907463153,53580914
2007-03-06,18.99337387084961,19.434639385370605,18.31379447497903,19.208112533176454,53856665
2007-03-07,18.721235275268555,19.37621573052602,18.354283163512733,19.126626683942927,43019440
2007-03-08,19.378263473510742,19.43463808510584,18.08265490466914,18.891384336049622,49727487
2007-03-09,19.652454376220703,19.933304872204367,19.117912882176714,19.477690627157717,61951894
2007-03-12,19.72932243347168,19.97839952731009,19.496135480901025,19.828748985772336,26068535
2007-03-13,20.148555755615234,20.31819611542798,19.79749148918354,19.79749148918354,27296248
2007-03-14,19.477685928344727,19.697550246244855,19.253721976976347,19.570960714728855,29408327
2007-03-15,19.627336502075195,20.13727658483474,19.516637112606265,19.706775605955304,20493364
2007-03-16,19.504846572875977,19.933297683344477,19.142506106679797,19.70677322917402,19769547
2007-03-19,19.475637435913086,19.747264868022317,19.419261668333046,19.661163273641275,17111964
2007-03-20,19.183513641357422,19.747267922215215,19.099463011561983,19.570965072438398,25366471
2007-03-21,19.486909866333008,19.706774168459663,19.16762017404118,19.706774168459663,26429006
2007-03-22,20.02606773376465,20.09166884530951,19.634002489813646,19.70677912192842,28147793
2007-03-23,19.856426239013672,20.381741110198423,19.774424283515284,20.381741110198423,20203578
2007-03-26,20.014795303344727,20.223384534354203,19.856432401737624,19.856432401737624,30323707
2007-03-28,19.994293212890625,20.36380816810862,19.79954200581102,19.97840538838497,29790587
2007-03-29,19.930740356445312,20.18699067302261,19.63861244198151,19.978401499260446,32809615
2007-03-30,20.370466232299805,20.43145466520457,19.824650864874368,20.028114331316623,38192938
2007-04-02,19.204010009765625,20.191603886889393,19.08357224164835,19.978402039167523,31386194
2007-04-03,19.53252410888672,19.629900857742168,19.21272365567907,19.366986885825263,18170165
2007-04-04,19.84259033203125,20.01017853826491,19.57096288822592,19.706777770840343,20961746
2007-04-05,21.088485717773438,21.29245990641159,19.84258938504913,19.84258938504913,91891109
2007-04-09,22.354883193969727,22.470197595384796,21.163312653132568,21.208413272987865,84415240
2007-04-10,22.452260971069336,22.737211101637754,22.256996728208904,22.515296913369454,86859756
2007-04-11,23.172325134277344,23.53005186998017,22.635735030723108,22.635735030723108,92166609
2007-04-12,22.472244262695312,23.467011326162098,22.404593342394673,23.27892496062101,66192354
2007-04-13,23.15900421142578,23.349142766999016,22.610625822903728,22.65367663130733,80822578
2007-04-16,24.21424674987793,24.327509015835044,23.376303302816122,23.539278858903828,101300874
2007-04-17,23.917503356933594,24.508932423806012,23.74530248260958,24.25729475849677,63358632
2007-04-18,23.172325134277344,23.53005186998017,21.396501071252118,23.10416117276946,154936552
2007-04-19,22.914016723632812,23.047781760382488,21.756785031141234,21.756785031141234,48411134
2007-04-20,24.161970138549805,24.304958233161628,21.020324727124624,21.020324727124624,82943658
2007-04-23,25.238231658935547,25.369431579709847,24.30957384081519,24.427451109195985,83385300
2007-04-24,26.26426124572754,26.545114082866903,25.029642081500448,25.233618642181902,124347259
2007-04-25,25.874759674072266,26.502064168262372,25.532407661369152,26.502064168262372,56508287
2007-04-26,25.39197540283203,26.230429433901968,25.238225208520056,26.049003229616005,43434663
2007-04-27,24.338783264160156,25.369428060336546,24.23679615727611,25.369428060336546,37079998
2007-04-30,24.891767501831055,25.00708187087511,24.01487547686161,24.191688985590716,39558770
2007-05-03,25.229001998901367,25.36276474887293,24.47459503902982,25.14290039711651,50506459
2007-05-04,25.07063865661621,25.666167428520204,24.979926700824738,25.369429111880823,33238707
2007-05-07,25.027587890625,25.59595363097645,24.941486290324242,25.152125301014177,22382959
2007-05-08,25.068078994750977,25.595956853025886,24.938926578041986,25.066026856054638,31788058
2007-05-09,25.476022720336914,25.593899948694673,24.961983012058862,24.984533317235655,29136567
2007-05-10,26.112558364868164,26.50206077165873,25.595955685860662,25.595955685860662,77074902
2007-05-11,25.804540634155273,26.08077840870514,25.478074222032944,25.95829082572813,30354579
2007-05-14,26.814682006835938,26.96176969799072,26.051562901619448,26.051562901619448,36132760
2007-05-15,26.830570220947266,27.084260009487274,26.645044386772117,27.0002105550128,36370775
2007-05-16,26.687589645385742,26.986893165767817,26.425189802656934,26.927954531312327,27224814
2007-05-17,27.102197647094727,27.566526427795672,26.728583127356245,26.955109941056836,80632523
2007-05-18,26.792133331298828,27.023270482472746,26.393405669667644,26.94383369944202,29545401
2007-05-21,28.212282180786133,28.3778228993285,26.8710611113204,26.886948934594894,58190051
2007-05-22,28.48390769958496,28.84880993260451,27.29694995345582,27.29694995345582,33251661
2007-05-23,29.884065628051758,30.06754164276754,28.316317914324568,28.540794907985518,91341104
2007-05-24,28.6176700592041,29.62319918087576,28.452129367561433,29.446898692489803,49236829
2007-05-25,28.226119995117188,28.5182479418253,27.997032627881463,28.427533671533556,48568999
2007-05-28,28.37986946105957,30.210016956914764,28.314268358427476,30.210016956914764,21252980
2007-05-29,28.57257080078125,28.71760868918382,28.14668015056478,28.45008089743028,19972201
2007-05-30,28.395755767822266,30.33250524232224,28.268653202985625,30.33250524232224,36790854
2007-05-31,28.638172149658203,29.627815907633426,28.363984169714147,29.627815907633426,30066824
2007-06-01,28.771930694580078,29.254194723453317,28.660715959711567,28.77193069458008,17940414
2007-06-04,28.907756805419922,29.213720505435113,28.728893397813927,28.858043507727775,17238185
2007-06-05,29.07072639465332,29.30647857333994,28.858037559920724,28.858037559920724,17960113
2007-06-06,28.010868072509766,29.19321321248309,27.906318118416202,29.174764859236173,15446800
2007-06-07,27.85916519165039,28.350656949548526,27.41021351718076,27.634688193703884,26807728
2007-06-08,27.31052017211914,28.072823198594136,27.18654742071466,28.072823198594136,21996507
2007-06-11,27.05149269104004,27.720421239900734,26.890591692113368,27.699847131327797,15612181
2007-06-12,28.135595321655273,28.387235026731457,27.04674008091881,27.04674008091881,66044618
2007-06-13,27.832796096801758,28.585605579899184,27.678753088660354,28.135608353385997,52699886
2007-06-14,28.713796615600586,28.893689876934165,27.65553925381881,27.65553925381881,28381213
2007-06-15,28.000551223754883,28.912149175213017,27.79058777183251,28.688469649974895,18496605
2007-06-18,27.473527908325195,28.396734223413212,27.3500832642526,28.000547646901556,18013428
2007-06-19,28.541284561157227,28.772350214538857,27.27992196775671,27.419720774199853,23498903
2007-06-20,28.4178409576416,28.762857590955512,28.212625537279383,28.678976863184495,14578857
2007-06-21,28.436304092407227,28.749138093209535,28.235834362247587,28.431556037077556,15656543
2007-06-22,27.986310958862305,28.63255316249952,27.62968822382205,28.0422314453568,12822179
2007-06-25,27.986310958862305,28.154070028785654,27.66239652307582,27.967846827628094,10943769
2007-06-26,28.173059463500977,28.48536538518669,27.87235724472664,27.93302578122109,12370967
2007-06-27,27.636537551879883,28.140345085228805,27.45717244486244,28.072818526394695,15469004
2007-06-28,27.676109313964844,27.953599342339977,27.42447193372183,27.60647276050646,17928232
2007-06-29,27.85810661315918,28.063321970401407,27.575870978848588,27.606466896805383,7683450
2007-07-02,27.673999786376953,28.385132812559856,27.61596932421011,27.858112987097268,12842104
2007-07-03,28.01426124572754,28.250072515189196,27.559516164104373,27.699843033699604,18787756
2007-07-04,28.74175453186035,28.856231183597576,27.933027060567046,28.119250251816446,27821911
2007-07-05,29.289867401123047,29.378496161588544,28.655757175227983,28.937995212026618,35786965
2007-07-06,29.06618881225586,29.634882475986657,28.958570219395444,29.31571856688981,19584419
2007-07-09,29.212848663330078,29.47187214362984,29.010271359635425,29.23869652940143,14110522
2007-07-10,29.567367553710938,29.751480784070342,29.10787422748646,29.33155379703639,22137190
2007-07-11,30.567583084106445,30.823970859274137,29.23869414529678,29.38060529858127,38612601
2007-07-12,31.336748123168945,31.430124947830503,30.77755052926913,30.87303494559206,21471355
2007-07-13,32.44670867919922,32.619215788987674,31.336750927397524,31.336750927397524,32727827
2007-07-16,32.40027618408203,33.20003540379536,31.989845475041815,32.62659373696925,27962808
2007-07-17,31.758790969848633,32.73580565200209,31.43276894030783,32.36757921097349,18222743
2007-07-18,31.840551376342773,32.22302186123602,30.78915241757399,31.803095033052475,20126100
2007-07-19,31.82683753967285,32.31165049730897,31.646944328197954,31.98984851293899,12790927
2007-07-20,33.34933853149414,33.575128047562536,31.89647654686454,31.89647654686454,59841038
2007-07-23,33.62418746948242,33.88321335108279,33.10877378018723,33.2021506044688,44304185
2007-07-24,33.65689468383789,34.15331374718992,33.06235074423138,33.73391496952449,34406848
2007-07-25,33.080810546875,33.84100343911342,32.74529013486835,33.598859836188566,23847536
2007-07-26,32.81282424926758,33.47753050465968,32.502625925799386,33.2021528474492,15800432
2007-07-27,30.385589599609375,32.51212609049306,30.13131172424427,32.40978361855369,31431351
2007-07-30,30.00575828552246,31.477082220486395,29.6116815667358,30.5443818936111,38206177
2007-07-31,30.602401733398438,30.768050771755327,29.951937373164075,30.166648845604566,22349260
2007-08-01,29.08676528930664,30.450998393850885,28.961210652334927,30.448888412607978,30498124
2007-08-02,29.825862884521484,30.073280325019454,29.056699337378916,29.516192624755273,16246064
2007-08-03,30.4204044342041,30.53488107964828,29.8448502610149,29.8448502610149,14634582
2007-08-06,30.280607223510742,30.541740731185275,28.728038396895208,28.728038396895208,17736443
2007-08-07,29.835359573364258,30.777555963421857,29.70716445158091,30.544380296505267,19513247
2007-08-08,30.329660415649414,30.590796253781456,29.96143408025592,30.590796253781456,15893287
2007-08-09,30.4204044342041,31.477077373899686,30.12445027368064,30.684176002186973,31326028
2007-08-10,29.609039306640625,29.891275007419438,29.145326088494,29.76994032357321,24362203
2007-08-13,29.982542037963867,30.315950166332048,29.844850815671183,29.89127518599332,11010430
2007-08-14,29.893909454345703,30.3017021418619,29.81214111350731,30.03107256643152,12439504
2007-08-16,26.83467674255371,29.0239941327864,26.685381804099205,28.051725123723262,72324500
2007-08-17,25.386558532714844,26.72019321000245,24.598402945699043,26.627344485074723,124284350
2007-08-20,26.547687530517578,26.799855371012505,25.74107016401523,25.74107016401523,30500262
2007-08-21,25.475189208984375,27.41972227612864,25.325894283724853,26.813572167116153,22727745
2007-08-22,26.547687530517578,26.76714707849865,25.183980174592566,25.647693341501796,27635204
2007-08-23,26.105077743530273,27.345338114280988,25.85765794689254,27.000321528378276,22238001
2007-08-24,27.181798934936523,27.40125849202722,26.11404566624427,26.207420103073968,20966994
2007-08-27,28.11449432373047,28.203123079946252,27.326341184874583,27.373293636502623,20511198
2007-08-28,28.25007438659668,28.65100900901679,27.75576533898205,28.23108455762184,20294379
2007-08-29,30.774917602539062,30.95903081917961,27.51310114957519,27.89768173222471,80056550
2007-08-30,30.656206130981445,31.710243054985856,30.49741514734291,31.24389191508241,66701832
2007-08-31,32.16236114501953,32.30690801659549,30.777553798419447,30.777553798419447,66491698
2007-09-03,32.2509880065918,32.75901320313003,32.036276498657976,32.1766033990009,36644922
2007-09-04,31.887510299682617,32.64031968567828,31.73557729292992,32.40978210126005,31721207
2007-09-05,31.805742263793945,32.45620679961101,31.53985830452768,32.083229926753035,40521135
2007-09-06,32.302154541015625,32.40977552446302,31.52560742311925,31.943424301683137,22001838
2007-09-07,32.096946716308594,32.8756063880225,31.94765177902179,32.40978314832809,32318482
2007-09-10,32.32537078857422,32.5749005769771,31.530359443961196,31.71025267891771,27476864
2007-09-11,33.05074691772461,33.18368768675799,32.41399853247287,32.43510073492701,48079576
2007-09-12,33.18104934692383,33.50074137920944,33.10877472227038,33.3419503537029,32005614
2007-09-13,32.94786834716797,33.474888057038285,32.78960544015589,33.295520561620016,19900019
2007-09-14,32.81757354736328,33.76187984799252,32.67091669505593,33.20215410466849,28513311
2007-09-17,32.90620040893555,33.337733435875855,32.74318940599623,32.875604482909644,21093690
2007-09-18,33.12512969970703,33.249102444041924,32.735798745514096,32.96897436597135,15802450
2007-09-19,34.740997314453125,34.83437412946243,33.62207414961999,33.63579022091905,40694757
2007-09-20,34.48725509643555,35.060696881289346,34.298391457479106,34.741002453,21719415
2007-09-21,34.5289306640625,34.974179754822735,34.37488768336762,34.41498210938297,20034718
2007-09-24,34.948848724365234,35.27751110292943,34.405477272134796,34.83437210597599,17811961
2007-09-25,34.69457244873047,35.59931460690876,34.18601924322003,34.880797983400335,29396287
2007-09-26,35.06070327758789,35.580334659807015,34.74575684719015,35.03960107102768,22272329
2007-09-27,37.07275390625,37.77227837756607,34.9741757131825,34.9741757131825,93713319
2007-09-28,39.660888671875,40.498104255226686,37.305925330504536,37.58552289468582,104132708
2007-10-01,39.240962982177734,40.05232833567932,38.89858690397417,39.87085324313905,36866159
2007-10-03,39.19454574584961,40.234338834564184,37.53910644815305,39.5743806270596,27068196
2007-10-04,40.33720397949219,40.861588047008944,38.709727529781176,39.21775267251293,40710775
2007-10-05,38.891204833984375,40.80355751473438,38.332004851923074,40.56774620522084,21979788
2007-10-08,36.81847381591797,39.5791199626624,36.140049198123805,39.073204814113694,31169944
2007-10-09,38.966121673583984,39.12438461895445,35.860458391448844,37.072758622468925,30833197
2007-10-10,44.74116516113281,45.21068024251942,44.292749894331685,44.44046293378994,22092105
2007-10-11,39.6656379699707,40.26229423947301,39.17132653201268,39.632929680122984,19002189
2007-10-12,39.65403366088867,41.51468811127161,38.94975877048546,39.4045039033806,33709286
2007-10-15,42.52863693237305,42.85307703941033,39.917285241679934,40.01065968467041,43667061
2007-10-16,42.349273681640625,43.088364594460955,41.51469595059754,42.43526438836146,28462158
2007-10-17,40.388389587402344,41.42818281475911,37.30593816873132,40.337214766064214,39356722
2007-10-18,38.94501876831055,42.24903936280082,37.81870687254852,40.849985488262256,25574421
2007-10-19,39.7379150390625,40.61680700942285,36.42228877841461,38.238628877245404,40375144
2007-10-22,39.05474853515625,40.523434229738534,37.81870801103346,37.81870801103346,22632681
2007-10-23,41.71040725708008,41.9551889590303,39.54430497204859,39.590726945571966,22943614
2007-10-24,42.72698974609375,43.22604927982061,41.74522482491165,42.202079956030495,33001891
2007-10-25,46.114891052246094,46.69994131450849,42.62200936958601,42.80401258102337,92931106
2007-10-26,46.061073303222656,48.87077925201979,45.05873442356007,46.50631988684929,66533720
2007-10-29,53.86143493652344,56.00395734259422,53.11543345652186,53.11543345652186,40572324
2007-10-30,53.82563018798828,54.57760086117522,53.27358923066204,54.010639490479065,22238391
2007-10-31,54.05836868286133,55.025189230980004,53.473504881603716,53.77190351227501,17736244
2007-11-01,52.85581588745117,55.436984718734834,52.10085842590681,55.204232054987706,22519329
2007-11-02,53.56004333496094,53.759973009231985,46.24622740331399,51.62341996195902,13972833
2007-11-05,52.4678955078125,53.71223001453547,52.226191550438486,53.41382658607326,13537518
2007-11-06,51.34591293334961,53.43770502959651,50.85951800768115,53.109465518078345,11100465
2007-11-07,51.47123336791992,52.51265601405461,51.03258669036428,51.345905745761165,8505236
2007-11-08,50.608863830566406,51.38470616859481,50.13142018603201,51.319055397389334,8348435
2007-11-12,48.57674789428711,49.11685535263598,47.23991335450284,48.81845666323124,25876279
2007-11-13,49.77035140991211,50.60886232330361,48.34101224798765,48.57674711324473,16005619
2007-11-14,51.20863723754883,51.918833431907146,50.78789316229569,50.865477379538916,14288513
2007-11-15,51.31606674194336,55.80103610229632,50.9132252112477,54.96551699862184,19370358
2007-11-16,50.34028625488281,51.3250092979887,47.50547561174339,51.3250092979887,12506950
2007-11-19,51.49213409423828,51.60552828038607,50.495472461912634,51.60552828038607,11746268
2007-11-20,51.28324508666992,52.99308500882154,50.76402720644331,51.51301559416268,26507923
2007-11-21,49.23919677734375,52.39926530601795,48.52004920860864,51.44438288760197,17368566
2007-11-22,48.821441650390625,49.892700558160115,46.837069701162314,49.53462019857012,19587144
2007-11-23,48.79755783081055,52.51861812236822,48.075428169781304,52.51861812236822,9485433
2007-11-26,50.75507354736328,51.14597682979879,48.49915719863684,50.1015719978179,17829533
2007-11-27,50.662574768066406,51.47422702662204,50.37014042550035,50.84161493436076,16048464
2007-11-28,48.73489761352539,51.131057256782476,48.22164408998223,51.026619161433636,15116811
2007-11-29,47.63976287841797,50.579016895244145,47.22200093469769,50.579016895244145,25541832
2007-11-30,49.289920806884766,49.47493007612978,48.042604103845285,48.042604103845285,10842104
2007-12-03,50.26271057128906,50.429817259407265,49.415253227853704,49.534611734281434,9018336
2007-12-04,52.07698059082031,52.339574043979,50.37012792440752,50.37012792440752,23741797
2007-12-05,51.65327072143555,52.69170662435198,51.17582705928908,52.22023208328438,22075880
2007-12-06,50.61781311035156,52.48282159747922,50.346268302834915,52.220228081334795,9746460
2007-12-07,49.65696716308594,51.563750153100315,49.307838085158814,51.08630647326409,14262514
2007-12-10,49.73155212402344,50.191093105160256,49.53460940290705,49.65396790371711,8852236
2007-12-11,49.91059494018555,50.787893026739034,49.683806629526835,50.03592255553333,16201948
2007-12-12,51.61148452758789,51.7427812775955,49.266050388215255,49.85688815280925,45582355
2007-12-13,53.118408203125,53.706258969454986,51.82931251147254,52.18441061917514,44064674
2007-12-14,52.34258270263672,54.24339668770145,52.103860848106244,53.38400087886412,34356073
2007-12-17,49.137733459472656,52.81701931737902,48.63940040420276,52.33957579041064,17165814
2007-12-18,48.770713806152344,50.42385935745959,48.543930203925804,50.42385935745959,26083210
2007-12-19,49.194435119628906,50.33432680325915,47.88445457357743,49.34960357102235,23943101
2007-12-20,49.19145202636719,49.88672309491895,48.99749146576358,49.531629744828805,17581154
2007-12-24,51.584632873535156,51.76367303504166,49.65397365336917,50.0717356232576,19243030
2007-12-26,53.28253173828125,53.58689951843067,51.82633404312325,52.24409599036493,14322982
2007-12-27,54.016605377197266,54.503000309867275,53.17511227417849,54.07031790628868,32505362
2007-12-28,55.583213806152344,55.89056858675898,51.96062155091301,51.96062155091301,22969002
2007-12-31,55.824920654296875,56.53213006313726,54.07628841187998,55.80104417042709,16068480
2008-01-01,55.63691329956055,57.11400042380216,55.436983630469875,56.03975480807016,14286067
2008-01-02,55.714500427246094,56.09943937563938,53.75102313163071,55.801035941592644,15938538
2008-01-03,55.27286148071289,56.039752354289696,54.76259495506092,56.039752354289696,15642150
2008-01-04,55.583213806152344,56.28744106850293,55.150531376481325,56.08154701050294,9810045
2008-01-07,55.251983642578125,56.6365614706666,54.48807484364143,54.48807484364143,9657369
2008-01-08,53.193016052246094,55.95919438713677,52.318700012342205,55.80103898136706,22797769
2008-01-09,53.34220886230469,54.15386098638568,52.27393238308203,52.81702191265705,13003782
2008-01-10,50.975894927978516,54.90584171437052,50.728221816598,54.90584171437052,14609168
2008-01-11,50.92516326904297,51.6681825144752,49.62413404691612,50.9758888419501,14095280
2008-01-14,50.023990631103516,54.995355047658,49.72260501470748,54.995355047658,17026667
2008-01-15,50.853538513183594,51.557765579271916,49.89268709931103,51.26533607265946,18440604
2008-01-16,48.81845474243164,51.325021795464295,47.87848791581463,51.325021795464295,30965293
2008-01-17,48.38576889038086,49.504771020091844,48.0426042228092,49.504771020091844,34202389
2008-01-18,46.699806213378906,48.866200403147346,45.96872033904331,48.3798054702465,22146455
2008-01-21,43.06527328491211,46.550599225880816,37.359840761585104,46.371559066208,39468325
2008-01-22,40.024559020996094,51.30114090729586,32.1079748918211,41.53745361857918,37703714
2008-01-23,41.68964767456055,43.20552233617914,40.880977597861886,42.37298533536276,23681916
2008-01-24,40.03053665161133,44.16339288567263,38.863786217303904,42.6713851099021,26668419
2008-01-25,42.67436599731445,42.910100831511386,40.284170769008604,41.77617833281761,15483155
2008-01-28,41.57923126220703,42.01490055311929,39.92609089790466,42.01490055311929,8652349
2008-01-29,42.68331527709961,43.05333378545561,41.609069690592165,42.61170017909751,9918302
2008-01-30,43.16672134399414,44.1633826708991,42.37595879168002,42.731056875602874,14175512
2008-01-31,44.07984161376953,44.485670156615825,41.352455113305936,43.32787095919918,25357458
2008-02-01,46.3387336730957,46.610278458770125,44.04701210135237,44.16338843806998,22898667
2008-02-04,47.872520446777344,48.75578782739573,46.371561378064904,46.371561378064904,22008474
2008-02-05,48.76174545288086,48.997485044331235,46.46107289903,47.98291636291573,25143128
2008-02-06,47.67557907104492,48.81845783554485,46.923608429578664,47.147409841566486,17333761
2008-02-07,46.06122589111328,48.615541297474685,45.66137125439749,47.445808654641525,17682231
2008-02-08,44.84077453613281,46.66997345487603,44.26187485742441,46.66997345487603,11849360
2008-02-11,43.36964416503906,44.879554391111704,42.617668832991974,43.57255601947487,10998926
2008-02-12,42.39088821411133,44.70051733576773,41.89554200501415,43.68594843504934,11601002
2008-02-13,45.24360275268555,45.500227124803835,42.91010214419346,43.42932000850707,19050280
2008-02-14,46.45511245727539,47.189180457983284,45.894120275066555,46.490922400890284,14735950
2008-02-15,48.827396392822266,49.00344957065243,45.655390114093976,45.655390114093976,24120086
2008-02-18,49.009422302246094,50.489491603693104,48.23656227172314,49.20040068212024,24811798
2008-02-19,48.517066955566406,49.952375140894205,48.34100897169108,49.52864406718597,14381403
2008-02-20,46.100013732910156,48.758771782122054,45.66136701948055,45.66136701948055,17212217
2008-02-21,48.0903434753418,48.34100348643021,46.55059258681204,46.55059258681204,18400289
2008-02-22,48.02469253540039,48.78860117070191,47.3085272937205,47.3085272937205,22021111
2008-02-25,48.29027557373047,48.46036442660679,46.434218602281454,48.024699918930324,18194387
2008-02-26,48.317134857177734,48.97958291766784,47.87848339424075,48.34100655797166,20678232
2008-02-27,48.475276947021484,49.76735462868263,48.16792228206492,48.93780002940885,21921566
2008-02-28,49.194435119628906,49.47493120036021,48.16196848375096,48.8423239334359,20943783
2008-02-29,47.8486442565918,49.52864333638553,46.50584072844225,49.52864333638553,28879281
2008-03-03,46.126869201660156,47.96501883473831,45.595713106777296,46.85496802257595,18176932
2008-03-04,46.42825698852539,47.26676306235766,45.14513031149161,46.84601894015874,24290595
2008-03-05,47.696475982666016,47.96503389529743,46.44318979331686,46.78336760982937,19486759
2008-03-07,46.16566467285156,47.52935778132988,45.431596678538874,47.14740576228376,18626007
2008-03-10,48.490203857421875,48.87812495301991,44.417027574523395,45.655392910132164,26308435
2008-03-11,48.8870849609375,49.64204253639,47.81582611199162,48.209716397559895,25925212
2008-03-12,45.88218688964844,49.53461991834023,45.41668146899088,49.236216434289915,27096134
2008-03-13,41.594154357910156,45.655397597424475,41.250994456369796,45.655397597424475,30995963
2008-03-14,42.6773567199707,43.4770707933845,41.77618670449756,42.074585409585026,28099265
2008-03-17,39.32332229614258,41.773194573106906,38.85781454341819,41.17937940757031,23822742
2008-03-18,38.138668060302734,40.22449083268462,37.598560658916604,38.79813396903855,22835544
2008-03-19,38.067054748535156,39.806733261611704,37.89696586992555,38.91451458118163,23715903
2008-03-24,35.27699279785156,38.79215883891682,34.22662136898777,38.79215883891682,23708734
2008-03-25,37.947689056396484,38.37440228456748,35.808153795490576,35.83799222706612,19160006
2008-03-26,39.25170135498047,39.890280087981985,37.2762859055102,38.19536070004005,26402784
2008-03-27,39.09056854248047,39.98577413511885,38.323677535658284,39.329290352458685,25889935
2008-03-28,42.73703384399414,43.265203032580274,39.38300226343532,39.38300226343532,39794218
2008-03-31,41.438987731933594,42.790747424334164,41.06896916209046,42.7310657765221,21891485
2008-04-01,40.06932067871094,41.89553432926905,39.32033238165745,41.71649419697973,13819768
2008-04-02,38.72353744506836,41.17938134764426,38.40424684072398,40.88097788639011,19226729
2008-04-03,39.397926330566406,39.86641630583994,38.10883275843769,38.79217046761932,20760784
2008-04-04,39.4725227355957,40.60645013175052,39.09355287997782,39.299449304869775,29107372
2008-04-07,40.61539840698242,40.880974069528015,38.502717009407874,39.7470491471351,18878207
2008-04-08,39.212913513183594,40.61241419236943,39.01298621019124,40.61241419236943,16380004
2008-04-09,40.513946533203125,40.82129650876096,38.98613121994113,39.50833130669576,21443354
2008-04-10,40.869041442871094,41.11969669990835,39.985771754365516,40.04545100852683,15946862
2008-04-11,41.37334060668945,41.94030190797821,40.12303688242587,41.10776014868942,21662911
2008-04-15,41.30769348144531,41.77618584279017,40.299098423626276,41.43302112616175,10038912
2008-04-16,41.248008728027344,42.34016183901732,41.01824298969969,41.7642444600492,11239685
2008-04-17,42.83848190307617,43.08913712505676,41.47777120291003,41.77617460066106,20675419
2008-04-21,46.326805114746094,46.49092487172408,43.09809860830386,43.56659095438567,28948052
2008-04-22,46.69382858276367,47.028037159071545,45.66434420461652,46.37155346679585,17680982
2008-04-23,47.594993591308594,47.96501206954681,45.13020140796065,46.222349485293094,33926300
2008-04-24,46.332767486572266,47.74420880646368,45.98363845431389,47.74420880646368,19934648
2008-04-25,47.968013763427734,48.09632357895528,45.965739283285224,46.293978807646916,20604455
2008-04-28,46.458099365234375,48.54392224351159,42.97873776557423,48.54392224351159,20503063
2008-04-29,48.36488342285156,48.93781386131804,46.49092364616412,46.72964545871178,33489034
2008-04-30,48.83336639404297,49.15265935713404,47.75016943744192,48.26342295893818,20378863
2008-05-02,47.58605194091797,49.3555735301092,47.26676374191165,48.997493217595206,15486777
2008-05-05,47.97696304321289,48.54392437020542,46.92360679191882,47.98292738480491,16114253
2008-05-06,48.85425567626953,49.20040250917081,47.32644291789863,47.32644291789863,24122321
2008-05-07,49.12580490112305,50.07173607281649,48.40068817825961,48.97958773243734,40757979
2008-05-08,50.423858642578125,50.692421311881255,47.80389228433735,49.41526352103578,35096550
2008-05-09,50.38207244873047,51.19372468410403,49.71365520977328,50.7282193092103,30183650
2008-05-12,50.301513671875,50.54918680854739,48.03068115022784,49.95238458779565,21307010
2008-05-13,50.811767578125,51.80245987561863,50.37013395027357,50.480541162456625,21022220
2008-05-14,52.88267135620117,53.31834065563399,50.27166162567793,50.27166162567793,35245490
2008-05-15,52.620079040527344,53.83158571382534,48.072441422893675,52.57829998199491,29974694
2008-05-16,53.18405532836914,53.40785670173297,52.01134071989714,52.63798360949201,19705372
2008-05-20,53.404876708984375,54.29411311880911,52.817025906025854,53.17510620636137,18121943
2008-05-21,55.025203704833984,55.23408471289564,52.75735344289609,53.17511545901939,31678439
2008-05-22,54.25830841064453,54.88793355702928,53.783851727980014,54.56864533808496,23755148
2008-05-23,53.539161682128906,54.72680166263536,53.14527139556294,53.90619809373626,28650068
2008-05-26,52.196353912353516,53.413829842982054,51.63834391168545,53.413829842982054,22010941
2008-05-27,51.742774963378906,53.05574230323243,50.94306109953298,52.65588298175001,16581927
2008-05-28,53.91215133666992,54.27321855313673,51.11016344928181,51.68309856743631,19533477
2008-05-29,53.47948455810547,55.072943501007934,53.115435098186644,54.18967611560225,32781514
2008-05-30,53.879329681396484,55.20423052582309,53.35414272776019,54.034498119596385,21701086
2008-06-02,51.86214065551758,54.66412864850388,51.56373723559448,54.070308758119594,17101693
2008-06-03,51.42348861694336,51.90689651232696,50.37013253779648,51.325014868210005,20854493
2008-06-04,48.5648078918457,52.26498364019358,48.34697563534357,51.742778835378424,36366817
2008-06-05,50.23585891723633,50.668536509087566,47.80388443716458,48.93781180432387,31049482
2008-06-06,49.18548583984375,51.13404763184333,48.714011346151615,50.90725928659618,22054279
2008-06-09,49.1287956237793,49.71365956431661,47.14741065711636,48.9020072578484,26727260
2008-06-10,48.949745178222656,49.683813166422496,48.04260615359244,49.683813166422496,20182271
2008-06-11,49.93447494506836,50.60886131141028,49.25411945816488,49.385416214920276,16880236
2008-06-12,51.07734298706055,51.32501606024096,48.20373985991601,49.59429149747517,23182859
2008-06-13,50.19109344482422,51.55776859960466,49.898659141961616,51.32501593711054,23275288
2008-06-16,50.66555404663086,51.62342342179016,50.43877048615312,50.716284400759605,12743647
2008-06-17,50.7640266418457,51.08033266267169,49.86285198267744,50.549176547832666,19938542
2008-06-18,49.089988708496094,51.37872297896769,48.82440830464735,50.90724858439335,16588582
2008-06-19,48.74683380126953,49.65397283487175,48.13212909759265,48.63940875031248,20824065
2008-06-20,46.39542770385742,49.23620792650891,46.04629869869208,49.23620792650891,20658258
2008-06-23,44.50654983520508,47.44580395338356,43.59045952123616,44.22307157876809,18877031
2008-06-24,42.438629150390625,45.33909112591312,41.25397622405068,44.5035672180454,21536350
2008-06-25,44.31855392456055,44.51848359253358,40.58257315904548,41.71052650909546,26812330
2008-06-26,45.151100158691406,45.58974686958514,43.62030036824456,44.46179340531024,33033766
2008-06-27,43.372623443603516,46.83109514565359,42.44161280006782,44.89447180863768,80891945
2008-06-30,43.49795150756836,44.402108289811146,42.67734806629122,43.15777380294472,34884089
2008-07-01,41.638919830322266,44.46179789443652,41.224140000697766,43.11898941593767,30579027
2008-07-02,44.21112823486328,44.76018688156922,40.194646691777066,42.67137733204869,39450377
2008-07-03,39.2725944519043,44.252912587602765,38.85184793183622,44.22307176487969,42855368
2008-07-04,38.21923065185547,39.81269404633153,37.38370923575886,39.15024364344808,47358953
2008-07-07,38.90556335449219,39.74705406774045,38.46392965936218,38.46392965936218,30431410
2008-07-08,38.908546447753906,39.50833075753493,37.59856343467289,38.493766643243234,19160751
2008-07-09,40.4393424987793,40.57660837191287,39.38300174592791,39.38300174592791,21316152
2008-07-10,41.710533142089844,42.247658421928826,39.98577507371322,40.64822560291475,26816497
2008-07-11,39.75003433227539,42.164101371684225,39.28154442323711,42.09845060807508,24211213
2008-07-14,40.78548812866211,41.77021135521479,38.55344578836705,38.55344578836705,22225953
2008-07-15,38.66683578491211,40.49305194379427,38.34456304792103,39.64260767577373,17390167
2008-07-16,37.315086364746094,39.56204708830972,36.83167596435469,39.1502541940608,28858615
2008-07-17,36.249786376953125,39.71124028265089,35.62911021906581,38.4937620568239,46078200
2008-07-18,36.320274353027344,37.4511634621761,35.61231640927607,36.78611488652775,39280330
2008-07-21,36.71868896484375,37.696342211999855,35.64296312617548,37.696342211999855,20977413
2008-07-22,38.346065521240234,39.008051198933536,36.18235759681031,37.69021045404567,44337373
2008-07-23,40.91739273071289,41.432268390535015,39.24404254142698,39.34517799907147,58832585
2008-07-24,38.67094039916992,41.6805213005158,37.97830882701869,41.06757050893104,51312732
2008-07-25,37.8526496887207,39.21952577184753,37.32857810123937,38.30929681838207,43090344
2008-07-28,37.02516174316406,38.24799519875864,36.905636926894715,37.66569273516823,23865692
2008-07-29,35.82379150390625,37.08340155975258,35.41617943687131,37.08340155975258,27921084
2008-07-30,38.624961853027344,38.891594360725044,36.470449560286916,36.470449560286916,42821214
2008-07-31,40.154273986816406,40.62624521180891,38.55447876563216,38.55447876563216,46567254
2008-08-01,41.671321868896484,41.91956993958502,39.538261512694795,39.985715211049786,44848164
2008-08-04,42.388465881347656,42.90640677214619,41.00626594989244,41.67131204721131,34284280
2008-08-05,41.4292106628418,42.78382566353663,40.15427644327364,42.59994165187255,69155921
2008-08-06,39.590354919433594,42.170868519048604,39.33904649539002,41.8858466425193,44574721
2008-08-07,39.50761795043945,40.81626320361572,38.98967445535561,39.593429345774084,42068897
2008-08-08,39.99184036254883,40.209437810318434,38.92224495877952,38.92224495877952,21504662
2008-08-11,39.52293395996094,40.803998637634585,39.35743935107303,40.20943729617862,21698157
2008-08-12,37.26115798950195,40.74270775536415,36.65740310455857,39.96426232088469,63628034
2008-08-13,37.414390563964844,38.297036640668814,36.7769247710813,37.077268287263756,33996141
2008-08-14,37.78828430175781,39.70068388940828,37.26727810609887,39.70068388940828,26012414
2008-08-18,36.95161056518555,38.06717808827497,36.71562621312393,37.818934968197674,22598742
2008-08-19,36.65433120727539,37.94152389585372,36.30495019442083,37.94152389585372,30050476
2008-08-20,37.12630081176758,37.7576384039971,36.89950992378701,36.96080621763504,25876857
2008-08-21,36.019927978515625,37.573753142865336,35.67361227445222,37.255020279246466,36044850
2008-08-22,36.39383316040039,36.617558775980115,35.452956016678975,36.47045353905769,61024912
2008-08-25,35.86975860595703,37.05275064986316,35.55102571037427,36.83821851565046,34092936
2008-08-26,35.413116455078125,35.7962110079559,34.9564717336821,35.7962110079559,32597675
2008-08-27,35.633766174316406,36.07815441662816,35.367133719770834,35.367133719770834,32203169
2008-08-28,35.0576057434082,36.10268367413287,34.76339035633884,36.10268367413287,34013009
2008-08-29,36.8198356628418,41.43534267238575,35.612325867394595,41.43534267238575,48879929
2008-09-01,35.808467864990234,36.65433770639646,35.367144789588046,36.65433770639646,22287260
2008-09-02,36.11799621582031,36.4060808988137,35.56634192768419,36.16090312402564,21666470
2008-09-04,35.71958541870117,36.225270056627615,35.42843536797936,35.85443432825383,12742818
2008-09-05,34.346580505371094,35.45908275828005,34.01865415566055,35.45908275828005,47500251
2008-09-08,34.87678146362305,35.514249714568194,34.76338723826098,35.22922781696953,20124784
2008-09-09,34.5457878112793,35.05760058439939,34.32512753055332,34.815485618772705,20445576
2008-09-10,32.80194854736328,34.67756941540962,32.486278536841034,34.35577124827373,46890240
2008-09-11,32.26255798339844,32.91534788126767,32.02657360579638,32.91534788126767,32861295
2008-09-12,32.09706115722656,33.09923212440851,31.90398369797578,33.09923212440851,27387064
2008-09-15,30.675020217895508,31.750743745679124,29.87818552088486,31.750743745679124,30329808
2008-09-16,29.82301902770996,29.973192009164183,29.176359787909792,29.91189816683996,30873705
2008-09-17,29.0384464263916,30.334832703880927,28.630834386807766,30.034486732165682,41979512
2008-09-18,28.18031883239746,28.649224731892904,26.88699781711443,28.44695135816859,67131636
2008-09-19,29.39089012145996,29.728012397313964,27.720605270874177,28.502115889708094,32323927
2008-09-22,30.27967643737793,30.855848568204763,29.369447230192524,30.022237303559823,32079673
2008-09-23,28.82391357421875,30.049810059841988,28.719712814698198,29.550258493596555,25645932
2008-09-24,29.792375564575195,29.91190287076805,28.808593901763132,28.808593901763132,20790456
2008-09-25,29.709625244140625,30.647436997887365,28.86988363955939,30.647436997887365,35123389
2008-09-26,28.309040069580078,29.721888526173675,28.07612097573437,29.42154251322573,20989966
2008-09-29,27.334447860717773,28.621640663434142,26.681657996376973,28.318231842928235,19430164
2008-09-30,26.18210792541504,27.09233697871971,25.29333356125657,26.969746818854464,45286334
2008-10-01,26.868608474731445,27.392680063650324,26.059514978672535,26.356795655067273,26737577
2008-10-03,24.08888816833496,26.868610302315247,23.908067014664624,26.868610302315247,60855505
2008-10-06,21.453205108642578,23.580136976373762,20.809608734504597,23.580136976373762,85569691
2008-10-07,21.928241729736328,24.517951607671765,20.873970360349063,24.517951607671765,59410888
2008-10-08,20.736053466796875,21.391908602666373,19.372242817193385,21.269318467723167,56132101
2008-10-10,17.61614990234375,19.595974577993193,17.16869739204044,19.454996255338262,63258604
2008-10-13,18.633644104003906,19.298694062276343,17.778580748442312,17.778580748442312,41660841
2008-10-14,18.691871643066406,20.13536562792747,18.4957288839639,19.519352052484138,40919282
2008-10-15,16.715112686157227,18.26893682628243,16.54961562188144,18.26893682628243,53884051
2008-10-16,16.494449615478516,17.45064946869861,15.323717641649095,15.872306711132262,62836766
2008-10-17,15.176612854003906,17.10127169390203,14.9038496931309,16.55574659926015,64588572
2008-10-20,15.452437400817871,16.512839336677434,15.078538806989936,15.62712792860699,69347086
2008-10-21,17.043039321899414,17.269828991840352,15.599544185048721,15.624061721884727,64932980
2008-10-22,15.020308494567871,16.825442246688894,14.591244228157418,16.3565363685177,50692707
2008-10-23,12.749332427978516,14.40429435627831,12.56544845100294,14.097820243249735,101289302
2008-10-24,10.910487174987793,12.50415413053864,10.613206506772688,12.320268915465544,100667493
2008-10-27,10.315927505493164,11.155666710282771,9.194231081613635,10.732733029079974,82307897
2008-10-29,11.452946662902832,11.829910548286998,10.864515950364021,11.511176427592495,67834884
2008-10-31,12.856600761413574,13.172269619896534,11.777810564045224,11.777810564045224,83875161
2008-11-03,13.828121185302734,14.09168958587017,13.362279446655903,13.668754759096112,60252768
2008-11-04,14.692378044128418,15.047888402001746,13.215170937234957,13.760695853884908,81278473
2008-11-05,13.230496406555176,15.61793127428406,13.006770830399763,15.01417776752613,71997031
2008-11-06,11.403911590576172,12.810629374557044,11.23841574160904,12.810629374557044,124710077
2008-11-07,11.615379333496094,11.973953867127214,10.790962964215577,11.27825703316456,131315774
2008-11-10,13.135492324829102,13.264210630966334,11.774745602929977,11.774745602929977,108548360
2008-11-11,11.713449478149414,12.994511629642442,11.646025025217789,12.951605940479366,99419457
2008-11-12,11.34261703491211,11.857495214660723,11.039208169043869,11.646027127884508,105520272
2008-11-14,10.536588668823242,12.013794876853902,10.420127909000874,11.646025670972742,122997631
2008-11-17,10.193336486816406,10.84306160295854,9.641682739024821,10.640789482429527,136505571
2008-11-18,10.098331451416016,10.512072314796862,9.690720586783627,9.991065369823064,94770439
2008-11-19,9.923639297485352,10.597883217319394,9.807179156969573,10.297538482949236,95336293
2008-11-20,9.635554313659668,9.807180156601323,9.32295077901998,9.50070539323751,76601158
2008-11-21,9.788790702819824,10.083005430371678,9.27084855032904,9.561999199425678,95732184
2008-11-24,9.558935165405273,10.052358588699473,8.428044716804983,8.428044716804983,93891665
2008-11-25,9.237136840820312,9.991063337670706,9.166647084743076,9.991063337670706,68996002
2008-11-26,9.531352043151855,9.672330948822783,8.95211541403355,9.31681991284493,88081812
2008-11-27,9.531352043151855,9.531352043151855,9.531352043151855,9.531352043151855,0
2008-11-28,9.280044555664062,9.433281642088165,9.074706467182432,9.292303939793406,67321699
2008-12-01,9.402633666992188,9.733625957632237,9.289237597590976,9.488446278566714,79153857
2008-12-02,9.12067699432373,9.218748987881622,8.979698695319263,9.194230836104147,37170901
2008-12-03,10.095264434814453,10.187206418698656,9.194229679568831,9.194229679568831,186096338
2008-12-04,11.474400520324707,11.845233807160383,9.9297692326853,10.113653836743325,136184045
2008-12-05,11.18631362915039,11.55101750179963,10.873710134436198,11.339550684484953,119224101
2008-12-08,12.013794898986816,12.562384016566208,11.498918009804639,11.498918009804639,169876178
2008-12-10,13.35308837890625,13.66875720969682,12.075090207702672,12.13638528117999,164388891
2008-12-11,13.343894004821777,13.846512146729523,12.78304609392659,13.521649844831524,133685128
2008-12-12,13.414382934570312,13.60133222655242,12.519476859712498,13.117102269167164,97410486
2008-12-15,13.926196098327637,14.551404422525094,13.607463164680379,13.668758242790418,103585435
2008-12-16,13.788283348083496,14.085564052932426,13.35002555620782,13.82812496552674,84227777
2008-12-17,13.445032119750977,14.275577957549414,13.15388201684379,14.275577957549414,85956482
2008-12-18,13.635042190551758,13.972163185037152,12.580769842102567,13.205977991112366,123288498
2008-12-19,14.042656898498535,14.36751921791846,13.536973423372643,13.607463192831462,87816481
2008-12-22,13.739246368408203,14.511562365810521,13.613592136999882,13.901678136409055,65773674
2008-12-23,13.576813697814941,13.846511524550264,13.141621262279678,13.650367539006028,61130313
2008-12-24,13.377604484558105,13.54616561178986,12.939346780859445,13.484870544877959,61293265
2008-12-26,12.994514465332031,13.84651377559966,12.871925528153414,13.423578813217706,61202799
2008-12-29,13.166138648986816,13.291792870597414,12.406081480678443,13.110972961951534,82714075
2008-12-30,13.184527397155762,13.52164969191054,12.966931172071531,13.239693086680006,57465324
2008-12-31,13.313244819641113,13.668755212172767,13.129359626081765,13.300986052157926,64973842
2009-01-02,14.073299407958984,14.447197918062395,13.913932990813759,14.0702353299159,55795156
2009-01-05,15.0540189743042,15.201126635589207,14.257185604493102,14.269444371749548,79015833
2009-01-06,15.142898559570312,15.630193854907137,14.600438800981827,15.017244330396544,78569351
2009-01-07,14.32767391204834,15.979571611692394,14.097818961723252,15.329845913039444,105218373
2009-01-09,13.178398132324219,14.465591021711074,12.76159260540016,14.097821800043981,88071820
2009-01-12,12.268166542053223,13.267273226054597,12.157836412606677,13.043546434774068,73657773
2009-01-13,12.412209510803223,12.749331753563904,11.707319333545591,12.019922814130314,88486541
2009-01-14,13.061936378479004,13.221304051721122,12.596095808674564,12.688037800353657,53422003
2009-01-15,12.117997169494629,12.626743458789885,11.973953562255389,12.626743458789885,79126084
2009-01-16,12.507218360900879,12.749332093961783,11.74409717681644,12.258972789700518,97538308
2009-01-19,12.783042907714844,12.957733398239096,12.387690938702658,12.50415167475341,54706219
2009-01-20,11.955567359924316,12.528674122346663,11.829913113253184,12.50722188609138,87087959
2009-01-21,11.578601837158203,11.885075987361542,11.523436146532461,11.777809912079967,65045635
2009-01-22,10.987106323242188,11.891204642750354,10.858386795379577,11.823780186589177,78021288
2009-01-23,10.193336486816406,11.033076182935588,10.11671796186357,10.971781117552545,77925584
2009-01-27,10.539652824401855,10.8277388067021,10.358834139499374,10.42012798500665,66901625
2009-01-28,10.861452102661133,11.075985491435304,10.239309692790927,10.726604402189345,165631469
2009-01-29,11.259869575500488,11.431494815142063,10.849193404874551,10.849193404874551,125771545
2009-01-30,11.315033912658691,11.544888897635758,10.787897032342226,11.333422066036057,90332959
2009-02-02,10.5733642578125,11.216959329376225,10.49061574154824,11.210829945997812,49887836
2009-02-03,10.466100692749023,10.873711533253589,10.273021389179466,10.784833612510768,60089690
2009-02-04,11.005495071411133,11.094372991536801,10.542718543513839,10.542718543513839,71578426
2009-02-05,11.14340877532959,11.547955559771273,11.042272079219169,11.069854926076934,85931490
2009-02-06,11.43149471282959,11.51117794674316,11.155667473149617,11.278257630141633,42675675
2009-02-09,12.237520217895508,12.311074050126333,11.508111279347828,11.51117535767619,85053651
2009-02-10,12.065896987915039,12.494961327451177,11.909594592851274,12.228328768363246,99907241
2009-02-11,11.655220985412598,11.86975313592332,11.468271680208005,11.771680524367287,74998469
2009-02-12,11.376328468322754,11.829910260347257,11.299709325403185,11.554083063782324,56738932
2009-02-13,11.900400161743164,12.013795622801348,11.462142393278963,11.462142393278963,64582096
2009-02-16,11.28745174407959,12.06896119394729,11.216961977928095,11.679738508443844,64356483
2009-02-17,10.52126407623291,11.180184535691145,10.432386164613495,11.155665771769685,63045964
2009-02-18,10.466100692749023,10.72353853707103,10.300603620930515,10.475294156447339,65536096
2009-02-19,10.570301055908203,10.738860973011246,10.322056684822167,10.604013284749616,52569700
2009-02-20,10.303669929504395,10.524331486296614,10.178015073981214,10.417065400615499,43335291
2009-02-24,9.853153228759766,10.174951521876647,9.709110200799415,10.113656433601385,85780252
2009-02-25,9.954286575317383,10.297538217360575,9.788790751892808,10.297538217360575,52478626
2009-02-26,9.994129180908203,10.144301559182255,9.748950113365925,10.052358948689887,54880318
2009-02-27,10.591755867004395,10.744992955716492,9.571195408198898,10.021713209817054,152702125
2009-03-02,9.748950004577637,10.466100272338581,9.62942455091614,10.432386816452087,92088848
2009-03-03,9.51602840423584,9.951222040953764,9.442473953873858,9.776531525141984,75762699
2009-03-04,9.60184097290039,9.984933615852436,9.44247391804869,9.724430495934651,128824005
2009-03-05,9.304560661315918,9.984933322459446,9.23407151891565,9.984933322459446,105728210
2009-03-06,9.60797119140625,9.797985796905982,9.11454775080731,9.194230978377124,72574704
2009-03-09,9.338273048400879,9.755077912536617,9.264719212756223,9.503768871825379,61177472
2009-03-12,9.55587100982666,9.736690928610564,9.439410858341713,9.736690928610564,57233266
2009-03-13,10.236244201660156,10.282215816581498,9.684590344572557,9.788792344499836,94777524
2009-03-16,10.340444564819336,10.509005704563194,9.954287209845399,10.35270333369089,69863892
2009-03-17,10.334315299987793,10.754184887769863,10.236243307224331,10.720472659430923,87231052
2009-03-18,10.8185453414917,11.054530941516518,10.463034902093067,10.68063112136498,90726960
2009-03-19,10.600948333740234,11.125019937697706,10.398676181025198,10.898229018665646,92811419
2009-03-20,10.80322265625,10.96565443546983,10.358835470165488,10.420129323546393,89690315
2009-03-23,11.915722846984863,12.010730142296206,10.935004200118787,11.143406943255426,135696796
2009-03-24,11.483593940734863,12.464312643453967,11.403910714865736,12.136385049644868,152479314
2009-03-25,11.937175750732422,12.07202465044645,11.140342347325431,11.511175594435127,157250433
2009-03-26,12.593031883239746,12.684973876037104,12.075089699887192,12.136384770786757,146203131
2009-03-27,13.681015968322754,13.932324419569715,12.626743404962351,12.648196864728318,197916656
2009-03-30,12.035246849060059,13.546165098731517,11.790067817802461,13.178395938293193,167604155
2009-03-31,12.620615005493164,12.994513632785816,11.992342601228875,12.197681297312378,172648466
2009-04-01,12.859663963317871,13.080325474824582,12.439794398458702,12.691102830825812,125074469
2009-04-02,13.797473907470703,14.119272085425242,13.147748167638058,13.17839631435976,143350642
2009-04-06,14.444140434265137,14.689319555105572,13.975234429990778,14.0947592974169,142021062
2009-04-08,14.897721290588379,15.04789430427962,13.555363767658463,13.797477564572585,127102249
2009-04-09,16.004093170166016,16.292177950067074,14.710770831180882,15.19806492092791,194817499
2009-04-13,17.355642318725586,17.741800902555187,16.304436317317442,16.433155845260643,185490367
2009-04-15,17.959396362304688,18.250547634029203,16.249269945605814,17.775512381934632,190335715
2009-04-16,16.494449615478516,18.327166103075694,16.2431399638857,18.327166103075694,199882939
2009-04-17,15.826337814331055,17.622277008862483,15.541315899538276,17.15337109610384,200752098
2009-04-20,16.099096298217773,16.46686547083406,15.697616127419563,16.1818448222204,124153816
2009-04-21,14.968207359313965,15.872308143866402,14.84561844154578,15.446307942632323,168868618
2009-04-22,14.765935897827148,15.79875380530231,14.542209057162829,14.594309441654609,119961524
2009-04-23,16.111358642578125,16.325890793479292,14.628021740806147,14.955950579107371,174487705
2009-04-24,16.007156372070312,16.672206273903853,15.731329150331273,16.19410690151997,160518860
2009-04-27,15.553574562072754,16.457674151459848,15.388078719621708,15.875372783402266,142565378
2009-04-28,14.36445140838623,15.777298238601748,14.220409054976745,15.642449346922515,125184961
2009-04-29,14.594308853149414,14.931431139979768,14.06717319046342,14.526885622887361,176959070
2009-04-30,14.594308853149414,14.594308853149414,14.594308853149414,14.594308853149414,0
2009-05-04,16.132810592651367,16.203299125325984,14.955949178853572,15.017243021568909,132248582
2009-05-05,17.539525985717773,17.70502180583402,16.2124928921707,16.359599333415453,175956222
2009-05-06,16.592517852783203,17.74486022995038,16.43928082801574,17.591623205182916,145856687
2009-05-07,18.042146682739258,18.26587229622999,16.67220647526522,16.856090473909436,218120749
2009-05-08,17.309669494628906,18.563149959444026,17.171756518099304,18.370071301461035,191309793
2009-05-11,16.58945655822754,17.701958829542054,16.377989731974484,17.48129731328079,178300773
2009-05-12,16.889801025390625,17.00626054393564,15.82020453915022,16.371858894386552,156712646
2009-05-13,16.203298568725586,17.027714836622817,16.077644354819565,17.00932545733595,159975426
2009-05-14,16.20943260192871,16.473001100562588,15.409534867954997,15.814080467530035,150575073
2009-05-15,16.67220687866211,16.880609648711,16.316696415296835,16.36573272210366,106010512
2009-05-18,19.507091522216797,19.920831689570843,18.44975499359918,19.614357582427395,693276
2009-05-19,20.19666290283203,21.51450280792938,18.388464819399026,20.2273110559181,238501428
2009-05-20,22.771041870117188,23.230754233211954,19.920830618186493,19.920830618186493,261281165
2009-05-21,22.4124698638916,23.754828344374737,21.89452891289661,22.43392209545047,189956953
2009-05-22,22.289880752563477,22.924283716194058,21.5849904795802,22.12744899289257,128883444
2009-05-25,22.60248565673828,23.0897784848638,22.15809729400399,22.28068744105566,84118282
2009-05-26,22.17954444885254,23.15106948522294,21.89145975531288,23.095903808969066,88463250
2009-05-27,22.893632888793945,23.218496370144624,22.44617927556333,22.859921890986037,90867178
2009-05-28,23.58626365661621,23.898868361519035,22.590223464390018,23.2184957253966,149211664
2009-05-29,24.845874786376953,25.296393716205696,23.598523660999934,23.898869614219098,127391468
2009-06-01,26.92683982849121,27.386549817194314,25.143158200540505,25.74384771886516,130073154
2009-06-02,29.084421157836914,29.654465049354194,26.724569716336788,27.270093611814303,184863615
2009-06-03,29.918027877807617,30.573883068675205,29.32040368082829,30.573883068675205,160582088
2009-06-04,28.848432540893555,29.85060348293858,28.361137264811017,29.85060348293858,118055625
2009-06-05,28.434694290161133,29.513483227026,28.210968670438536,29.11506706746297,107802834
2009-06-08,25.526248931884766,28.8085901051884,25.081863041746438,28.685999963209287,146202574
2009-06-09,26.85941505432129,27.49688087341824,24.39536070864566,24.39536070864566,131875509
2009-06-10,26.92683982849121,28.425499545500323,26.59278283987678,27.567370960977073,118838989
2009-06-11,27.73592758178711,28.122084908045345,26.816505259543327,27.276215193561317,100116995
2009-06-12,28.057727813720703,28.931180433515888,27.720605534658702,28.149669807245253,148940687
2009-06-15,26.5897159576416,27.88916752680879,26.362925055537513,27.640921938838673,84631278
2009-06-16,27.625600814819336,27.938205585357643,25.140094089190402,25.989029250540014,139920230
2009-06-17,25.559961318969727,27.69915196723199,25.20138437104196,27.43864761963235,130551229
2009-06-18,23.800800323486328,25.76836600389447,23.249145866859863,25.437374311601857,168880226
2009-06-19,25.28719711303711,25.43430478008392,24.036783170243066,24.088883546675504,150530245
2009-06-22,24.686508178710938,25.86030423344937,24.539400508675087,25.7438447104816,112301453
2009-06-23,24.54246711730957,24.82442370436613,23.50658276096144,23.904998877169206,130661029
2009-06-24,24.947011947631836,25.09411961429034,24.036783106794374,24.689572917427522,93116823
2009-06-25,24.50875473022461,25.37607676072691,24.122597365836786,25.069602623050734,142788283
2009-06-26,23.816123962402344,24.701835401070408,23.295117666869622,24.51795140363724,182921725
2009-06-29,24.380037307739258,24.787646919351165,23.44529078592113,24.02759093228332,95630026
2009-06-30,23.94484519958496,25.247362324893,23.705795482830794,24.517954403582223,135837307
2009-07-01,24.269702911376953,24.4198758882408,23.356408736311593,24.02758794673324,91883408
2009-07-02,25.76837158203125,26.277119227477186,24.36165351751204,24.82443137990935,179841545
2009-07-03,26.844091415405273,27.153630866580183,24.579245101392644,24.824425399279487,190430442
2009-07-06,25.228160858154297,27.78564986507465,24.875076210046252,27.483459658824145,135862823
2009-07-07,25.224987030029297,25.765749500912843,24.4933652685687,25.46355923279819,112945797
2009-07-08,23.061931610107422,24.99913520012569,22.902885193722504,24.754202496203536,134609465
2009-07-09,23.160539627075195,23.53907404105268,22.425739027747934,23.0237589049725,116500116
2009-07-10,22.451189041137695,23.94305865398788,21.872255781115673,23.526353357019687,102860691
2009-07-13,21.566879272460938,22.01221323557131,21.000669748505185,21.916784893086103,95361358
2009-07-14,22.762922286987305,22.902884555979657,21.90406453006936,22.01221649776268,75222686
2009-07-15,24.23252296447754,24.391571919767365,23.030122644001004,23.189169052021413,86945580
2009-07-16,24.442462921142578,25.6893969773069,24.111643993662543,25.44128278169687,178789491
2009-07-17,24.960969924926758,25.384035830219688,24.525177858110016,25.384035830219688,82103234
2009-07-20,24.887798309326172,25.51444691254184,24.62059741125979,25.364940040941985,101635631
2009-07-21,26.22062110900879,26.395572668708922,23.96850377873768,24.620599660921005,277294772
2009-07-22,25.406295776367188,26.999954051201545,25.09774250002837,26.27469553901896,206235639
2009-07-23,26.44965362548828,26.643694458863365,25.638511181455666,25.638511181455666,126612208
2009-07-24,28.151464462280273,28.3105108881397,26.66277636476119,26.720033893196888,155436154
2009-07-27,29.188457489013672,29.318877707205324,28.132379772206757,28.361409902246756,127033636
2009-07-28,29.97732925415039,30.206359346124458,28.542719828830805,29.423843261572348,152682917
2009-07-29,28.14192008972168,29.95824551008397,27.114471296261225,29.729215415061457,229121932
2009-07-30,28.7653865814209,29.073939875974453,26.809098935010283,27.67431720939532,203707311
2009-07-31,29.414304733276367,29.95188564008082,28.968970653923403,29.579714243062355,133889612
2009-08-03,30.86800193786621,30.98251700103828,29.582896659026968,29.592438731868025,116152591
2009-08-04,30.241350173950195,31.30060667204711,29.837368534234965,31.033405756115812,134340891
2009-08-05,30.11093521118164,30.632610975832012,29.43975253897053,30.346325868002392,115301600
2009-08-06,28.90852928161621,30.435388132854055,28.596796979259498,29.761026534919658,140166604
2009-08-07,29.042131423950195,29.4874654739797,28.316872822785616,28.431387875026253,178809130
2009-08-10,29.01350212097168,29.87554144192866,28.437747878019152,29.646511341709452,124030172
2009-08-11,29.46201515197754,29.710129374223712,28.6031548977732,29.010318069988866,100338021
2009-08-12,28.227806091308594,29.328417647508335,27.547081378135765,29.042132553046187,159618622
2009-08-13,29.91689109802246,30.028224598343694,28.61588093286429,28.62860454313506,109860307
2009-08-14,29.897809982299805,30.70577339508927,29.681506020105676,30.091848259186815,124994993
2009-08-17,27.86199378967285,29.500186003323996,27.744297209996446,28.69222273713203,98631401
2009-08-18,28.736759185791016,29.09302540115806,27.36576521529821,27.92879584821654,123551425
2009-08-19,27.59479522705078,29.010320559445184,27.356223055258663,28.75584578383387,107391471
2009-08-20,28.122831344604492,28.59043102475128,27.674315806135546,27.674315806135546,62774346
2009-08-21,28.307327270507812,28.482278819822376,27.617058049467985,28.119649563824865,74319121
2009-08-24,29.147104263305664,29.264800864996314,28.7558487146317,28.7558487146317,62972187
2009-08-25,29.12801742553711,29.608340766081255,28.64451254529111,28.75584605669924,81258520
2009-08-26,29.27751922607422,29.703766543705875,29.137556964057374,29.35386088866376,70099182
2009-08-27,27.718852996826172,29.13755990205852,27.03812830738511,29.07394184348583,178629552
2009-08-28,27.906532287597656,28.246893377713043,26.847273085434235,27.54708195793876,166185925
2009-08-31,26.99040985107422,27.85881217444104,26.63414366815258,27.356220652172397,146677375
2009-09-01,26.53553581237793,27.610700069630113,26.27787949997389,27.29260469321806,110844010
2009-09-02,26.408294677734375,26.78364754334538,25.924789852786308,26.211077447818855,111166764
2009-09-03,26.761383056640625,27.190811921081753,26.53235551766441,27.190811921081753,77752168
2009-09-04,27.37212371826172,27.502543897989394,26.73275152349247,26.83454294540844,90385901
2009-09-07,28.1132869720459,28.19917069710325,27.645684782913804,27.661589931189344,69074817
2009-09-08,29.042131423950195,29.582893835090367,28.26597837613182,28.552263459463816,138641293
2009-09-09,29.30615234375,29.57017175718261,28.832189506076666,28.94670456425701,92120882
2009-09-10,29.894624710083008,30.2190831601365,29.344320253366963,29.767388599541913,119288327
2009-09-11,29.83736801147461,31.745940126643664,29.36340524844491,30.409938117663724,86753145
2009-09-14,30.464017868041992,30.581711905038166,29.611520658805844,29.633786340941235,96452530
2009-09-15,31.329240798950195,31.396040402557734,30.39722024663311,30.39722024663311,86866838
2009-09-16,33.72449493408203,33.96624607035969,31.59007179311524,31.809559796070804,201627818
2009-09-17,33.14238357543945,34.49428828396311,32.96106893127642,34.22708990079192,130655256
2009-09-18,32.945167541503906,33.95989284728092,32.76385287664163,32.77339494933865,116953306
2009-09-22,33.2346305847168,33.50183151669326,32.4457539473635,32.82746738109884,88161561
2009-09-23,33.120113372802734,33.775390775010145,32.9610669682226,33.27279924577974,79045170
2009-09-24,32.61433792114258,32.906983465112766,32.03540226930586,32.455288993336275,102529939
2009-09-25,31.7045955657959,32.72250247297952,31.386500134914133,32.31852074083299,117061741
2009-09-29,32.067222595214844,32.44575707304201,31.9431654625728,32.44575707304201,66741833
2009-09-30,32.410762786865234,32.75112640145852,32.00042058225028,32.00042058225028,58490770
2009-10-01,32.49665069580078,32.75748856697618,31.939983109424794,32.34714634190058,90876677
2009-10-05,31.618701934814453,32.30578963838481,31.453292450991274,32.00995996280749,73502053
2009-10-06,32.47119903564453,32.66841881883698,31.33877732564007,32.30260801282742,86324946
2009-10-07,32.88473129272461,33.50183802366377,32.54754915943744,32.89427591351049,90339267
2009-10-08,34.03304672241211,34.252534732223296,33.15192333284107,33.20918085302926,96543647
2009-10-09,33.88036346435547,34.69468987287898,33.65451745285508,34.335242121544354,104419706
2009-10-12,34.71059799194336,34.95234917509149,33.889910981214676,33.953529043287936,76935048
2009-10-13,34.71059799194336,34.71059799194336,34.71059799194336,34.71059799194336,0
2009-10-14,36.345603942871094,36.625528472095944,34.926897154380235,34.926897154380235,92509657
2009-10-15,36.5587272644043,37.242630859835884,36.27562120820055,36.829107163233225,86095828
2009-10-16,36.049781799316406,36.546012908160186,35.77303875172562,36.49829744773042,55716278
2009-10-20,36.59053421020508,36.94043984857421,35.97661175750883,36.15792383433681,62856793
2009-10-21,35.19092559814453,36.59372759782582,35.04460276414231,36.511022833548466,53793732
2009-10-22,34.50701141357422,35.37223224898732,34.31297316088601,35.117754933331824,66209514
2009-10-23,33.69587326049805,35.23227432064804,33.54636890172134,35.054141196651344,64032343
2009-10-26,34.34477996826172,35.203637637140474,33.50182744840209,33.65451331280874,72040663
2009-10-27,31.860458374023438,34.227090888011865,31.469200312319668,34.227090888011865,108533382
2009-10-28,30.61988639831543,32.04495645436119,30.36223006411393,31.809565804957078,132189793
2009-10-29,29.75148582458496,30.352687320793304,29.404761664317967,29.900990176860887,116818106
2009-10-30,29.99959945678711,31.36423038516197,29.582894165168277,30.5371803341922,72063041
2009-11-03,28.32958984375,30.234982724761306,27.99558938393095,29.646504996336603,70859644
2009-11-04,29.83736801147461,30.02822471353765,27.559803555229724,29.07393865595312,129380328
2009-11-05,30.90298843383789,31.046132238022057,29.14391805392394,29.805558545387886,102552526
2009-11-06,31.79684066772461,32.25489578494483,31.17337095606074,31.38967745019933,87578892
2009-11-09,32.39485549926758,32.636609197768216,31.882721888564994,31.936797871005385,70098385
2009-11-10,32.10538864135742,32.87199955518341,31.809561510044393,32.757484512213516,80059532
2009-11-11,33.49864959716797,33.68632731953285,32.05449553119182,32.31851492053023,74691868
2009-11-12,32.576175689697266,33.336426207505106,32.27398542550812,33.336426207505106,96347065
2009-11-13,33.12965774536133,33.40003765004967,32.127656233769436,32.572990238921385,73574361
2009-11-16,34.13483810424805,34.6215244778912,33.47638171755218,33.47638171755218,76214020
2009-11-17,34.27798843383789,34.65970191090379,33.74994958923219,34.35433011034314,69367343
2009-11-18,34.82510757446289,35.035050982550494,33.403221718113,34.481564973623875,101314398
2009-11-19,34.17300796508789,35.35314507804515,33.877180849290625,34.67241793488049,110954303
2009-11-20,35.17819595336914,35.308616158033885,33.3364232201584,33.845375332514465,96981302
2009-11-23,36.45694351196289,36.70505778216265,34.990523576319525,35.11775970416312,100148315
2009-11-24,35.544010162353516,36.8322969903929,35.36269549346473,36.77185791834002,112438102
2009-11-25,35.82393264770508,36.32334270614798,35.43585355941017,35.75395150683481,58016914
2009-11-26,34.589717864990234,36.12930035137022,33.6131660214938,35.88118610264071,188335403
2009-11-27,34.66288375854492,35.21955137359802,32.89109201047524,33.40004416683671,135729029
2009-11-30,36.84819793701172,37.02633104550611,33.82310899049474,34.9905200884323,149173154
2009-12-01,37.00406265258789,37.586177389083744,36.520555261303684,37.497109567723655,98519481
2009-12-02,36.56827163696289,37.62434917308116,36.4028621479101,37.28080658406916,90394822
2009-12-03,37.12812423706055,37.535284919328355,36.523741198812544,36.71459792782994,80145138
2009-12-04,36.64143371582031,37.15356732512251,36.36786971759593,36.64461270804327,76970326
2009-12-07,35.36268615722656,36.57462844021542,35.20045567698672,36.26289618388343,71442807
2009-12-08,36.148380279541016,36.32015282603362,34.990514002094834,34.990514002094834,82199389
2009-12-09,34.666053771972656,35.881177500955594,34.45292886964671,35.881177500955594,113748863
2009-12-10,34.9237174987793,35.40722237203592,34.43067055382464,34.99051964247417,93432430
2009-12-11,34.77103042602539,35.607622490730726,34.12847915918683,35.607622490730726,98245932
2009-12-14,34.6406135559082,35.18137594755169,34.306613030428146,34.77103120757386,68734367
2009-12-15,34.767852783203125,35.43585129780636,34.6088038196417,34.99051980382739,69577517
2009-12-16,35.47719955444336,35.64897210948246,34.5229135256322,34.79965649946013,95754709
2009-12-17,35.89390563964844,36.192914279948205,35.37222746779579,35.37222746779579,88746539
2009-12-18,35.83346939086914,36.4219446473658,35.55354486901871,35.753946189474604,85674683
2009-12-21,35.36587142944336,36.34242583444169,35.18137778371135,36.07204589814323,71318974
2009-12-22,36.72096252441406,36.924542873957584,35.53128563785351,36.13566615379792,79276566
2009-12-23,38.429134368896484,38.57863872085391,36.70823718329776,36.962711971427304,109031379
2009-12-24,39.1639289855957,39.3388830817556,38.044233468703375,38.69950830266153,102210270
2009-12-29,39.574275970458984,39.94644988899313,39.21800975053781,39.21800975053781,80183029
2009-12-30,39.113037109375,39.87010342077799,38.973074842179585,39.44385608737528,76718630
2009-12-31,39.29753494262695,39.69197456458037,38.97626054890618,39.29435595001357,80477664
2010-01-04,40.31861877441406,40.49357033386542,39.24663609375143,39.571094538250954,58460615
2010-01-05,41.295166015625,41.65779523042127,40.62398355962694,40.62398355962694,81889733
2010-01-06,40.846656799316406,41.98862059251812,40.52537990016568,41.98862059251812,77150753
2010-01-07,41.33970642089844,41.53056568701456,40.72260235068934,41.02797411975166,80144960
2010-01-08,41.253822326660156,42.08405133906418,40.77349644671709,41.416050281561304,86063510
2010-01-11,41.25700378417969,41.727787620572855,41.04706291106679,41.35243214848637,69701832
2010-01-12,39.79693603515625,41.27290019775101,39.68878408165807,40.8116610785315,71713280
2010-01-13,40.66852569580078,40.83075364942292,39.125761724769646,39.125761724769646,108267579
2010-01-14,41.20610809326172,41.42877511901941,40.81485002831381,41.01843036287785,69719623
2010-01-15,41.043880462646484,41.41287029961539,40.71624045360109,41.35243123307555,45054843
2010-01-18,40.557186126708984,40.843471157487144,40.12775730690717,40.843471157487144,62440445
2010-01-19,40.56673049926758,41.072503551010385,40.20728278400239,40.461760079538685,52644632
2010-01-20,41.587825775146484,41.823216422169395,40.58900311114853,40.58900311114853,83223827
2010-01-21,41.22519302368164,41.95681212823597,40.859382197769726,41.320621381034854,114584655
2010-01-22,39.73331832885742,40.78621420944752,39.252995065060546,40.78621420944752,92159151
2010-01-25,38.801307678222656,39.806490910394196,38.61045094083585,39.44386158099737,55929884
2010-01-27,35.60444641113281,38.53410730936966,35.19728570475662,38.16511744160314,114462197
2010-01-28,37.242637634277344,37.497114977215816,35.94480878928462,36.008426851384364,132070852
2010-01-29,36.20563888549805,36.96270512453231,35.09866701192306,36.771848431971634,121650868
2010-02-01,36.889549255371094,37.20446308910155,35.49628963518085,35.62670983357441,72603684
2010-02-02,36.47285079956055,37.82793729220323,36.30425973621266,37.217193653727094,96492646
2010-02-03,38.19692611694336,38.40050646144145,36.71459853454218,36.771856063647526,94742656
2010-02-04,36.752769470214844,37.916999025073125,36.51737883694737,37.916999025073125,73042031
2010-02-05,35.00323486328125,35.72213279474929,34.35432060348119,34.35432060348119,92254675
2010-02-08,33.963069915771484,36.002065031770016,33.59726161405321,34.99052132329247,149715255
2010-02-09,33.94398498535156,34.49428946872368,33.7181364204797,33.78175702610144,77117827
2010-02-10,33.237815856933594,34.6533413359917,33.037414498629,34.09985526655781,72714050
2010-02-11,33.969425201416016,34.24934969496123,33.390492074391446,33.390492074391446,67435025
2010-02-15,34.347965240478516,34.640613391335556,33.75630585955756,34.195279359477865,76216833
2010-02-16,34.99687576293945,35.117751329199095,34.3575035471076,34.48156065262204,67436264
2010-02-17,37.17583465576172,37.299891776041044,34.67878455200789,34.67878455200789,100638356
2010-02-18,36.7177734375,37.34442205721969,36.269257905426315,37.15356535954678,51247268
2010-02-19,35.67441940307617,36.415583056539994,35.40721849933071,36.135658542832296,79509359
2010-02-22,36.43785095214844,36.92453734141383,36.07204268577614,36.13566073945454,60442820
2010-02-23,36.6128044128418,36.92453669128141,35.95116392988886,36.078402582274784,59777684
2010-02-24,36.091129302978516,36.56827365372683,35.85255712760436,36.39014054394347,54013803
2010-02-25,36.215187072753906,36.51737985882995,35.62989073925899,36.19928192114257,45827281
2010-02-26,36.539642333984375,37.68160613724584,35.88118337980795,36.262899343150515,57457137
2010-03-02,38.7376823425293,38.855376374490575,36.972251484955486,36.972251484955486,70037812
2010-03-03,38.69314956665039,39.272082767061846,38.445035337902624,38.807664609847635,65223764
2010-03-04,39.28799057006836,39.48202882980168,38.368693717472965,38.80766723028034,76708795
2010-03-05,39.32297897338867,39.92099885150624,39.18937724323099,39.44385454587189,48593292
2010-03-08,39.55519485473633,39.9528134796814,39.237099445326315,39.67607044802199,45969692
2010-03-09,39.10667419433594,39.59336059201853,38.87128357075066,39.443856252836554,39470151
2010-03-10,38.9476318359375,39.4247736645939,38.3305251776669,39.19256455640546,37101522
2010-03-11,38.69950866699219,39.12575852373443,38.32415834554076,38.93490182364438,35099332
2010-03-12,38.65180206298828,39.055783757268586,38.40368780299308,38.80766949727339,42020594
2010-03-15,38.81085205078125,39.24664408933297,38.43550163373709,38.50230124105393,35664147
2010-03-16,39.901920318603516,40.14367406025611,38.69633824494921,38.86492930136525,46839187
2010-03-17,40.21364974975586,40.93890578178056,34.099851365413066,34.099851365413066,60062999
2010-03-18,40.66534423828125,40.82121166023833,40.08641101074867,40.39814330739332,42724073
2010-03-19,40.98662185668945,41.06614506521249,40.4840302880663,40.74804968385078,36154030
2010-03-22,40.01960754394531,40.95162795796112,39.8669216666693,40.47130464399114,40374830
2010-03-23,40.58582305908203,40.732145869457284,39.99098465094127,40.207288600348946,39673429
2010-03-25,40.601722717285156,40.7734927282006,39.733320402821334,40.52537850900217,44968051
2010-03-26,40.97707748413086,41.35242782241077,40.48084647547164,40.71623709540803,38550348
2010-03-29,40.94208908081055,41.406509827922726,40.4872129530205,40.703516901341196,26806599
2010-03-30,40.382232666015625,41.35242381271153,40.213644202995155,41.03432848005398,31669916
2010-03-31,40.21046447753906,40.69078776375486,39.831930072112726,40.398139636946595,41394419
2010-04-01,41.492393493652344,41.60690854714748,40.410868659524,40.46176565400497,44671662
2010-04-05,43.16558074951172,43.24828550563244,41.6832556720489,41.6832556720489,63183830
2010-04-06,43.744510650634766,44.2089288459903,42.815674259923696,43.35643412550085,61411294
2010-04-07,43.62044906616211,44.07532514304919,43.1019523899922,43.89719459741145,41024579
2010-04-08,42.7043342590332,47.01452801261509,42.510296014372116,43.261004319226885,40836594
2010-04-09,43.01924133300781,43.64271088755397,42.70114602510187,42.87927909185692,33147239
2010-04-12,43.53138732910156,43.795406739572634,42.65662689214877,43.133768717098505,43082241
2010-04-13,44.02125930786133,44.119869215955426,42.977902696590235,43.41687369942801,54701968
2010-04-15,43.64908218383789,44.61609189816198,43.14012755754567,44.2725467612339,55101659
2010-04-16,44.259822845458984,44.42523232416409,43.00652559779094,43.515475096747416,45323836
2010-04-19,42.612083435058594,43.76994971514269,42.14448123985313,43.432767699675296,66863514
2010-04-20,42.67889404296875,43.579104282481175,42.338530400450004,42.815677336332506,46050616
2010-04-21,42.55164337158203,43.248273065516486,42.351244618903735,42.82202324756125,32931293
2010-04-22,41.68960952758789,42.84429693561855,41.333343334785745,42.31307663862635,68764396
2010-04-23,41.247459411621094,42.16039317493614,40.910277341877176,41.7341458255322,67122977
2010-04-26,41.78822326660156,42.28763330929194,41.35243128302763,41.35243128302763,44468700
2010-04-27,41.193382263183594,41.84229661431727,41.120219589362456,41.67688712377868,38305192
2010-04-28,39.72059631347656,40.97071201246645,39.593357666052746,40.97071201246645,53504292
2010-04-29,40.248634338378906,40.754407379878955,39.84465272248578,39.9528046793542,54895600
2010-04-30,39.370697021484375,40.97071862220113,39.12576430508572,40.74805159010429,78450945
2010-05-03,38.619991302490234,39.3070790928195,38.425953033714094,38.80766903884584,57489202
2010-05-04,36.76231384277344,40.07050907430987,36.39968452475039,38.61681280960113,91443465
2010-05-05,36.46011734008789,36.733678777993816,35.35314543110177,36.26289756274066,123134542
2010-05-06,36.638248443603516,36.892723178947705,35.70304659517827,36.45375228634539,84530421
2010-05-07,35.5217399597168,36.19928313862147,35.14638702978199,35.62671294497426,74479700
2010-05-10,38.26371765136719,38.55318422849528,35.88118035235434,38.101489717950926,80316843
2010-05-11,37.02951431274414,38.73132481555961,36.8354760439848,38.48957363820649,95626856
2010-05-12,37.182193756103516,37.40803974232932,36.39013566649358,37.02632635070823,67048728
2010-05-13,36.58736038208008,37.76749510127646,36.36151181808376,37.21718807276811,58111504
2010-05-14,34.860103607177734,36.5173828408205,34.70423616538219,36.5173828408205,85005442
2010-05-17,34.12211227416992,34.40521831689059,33.27279669327709,33.88035859914009,115249760
2010-05-18,33.73722839355469,34.4370373340693,33.559095255010426,34.27799088965371,98708788
2010-05-19,32.604801177978516,33.68632854424661,32.4680204425593,33.40004091451374,113781201
2010-05-20,32.32805633544922,33.20918231097262,32.06403695147347,32.76384828753067,92988383
2010-05-21,32.39803695678711,32.63660911518299,31.001598393565537,31.650512728477583,129421578
2010-05-24,31.876359939575195,33.336419042358166,31.497825532053096,32.82746444651589,70739548
2010-05-25,30.324050903320312,31.491461855513126,30.17136758418927,31.491461855513126,115377750
2010-05-26,30.82028579711914,31.69186719792587,30.352686067853586,30.409941046170744,134210488
2010-05-27,31.322877883911133,31.644152264791863,30.126838000858786,30.728036934871295,195005274
2010-05-28,31.60916519165039,32.350329001607875,31.176554719782704,31.809566548590716,153497329
2010-05-31,31.854095458984375,31.990876194846816,30.93480114294551,31.609162750325556,95833629
2010-06-01,30.53717041015625,32.30578244357715,30.346313747830404,31.809554102622428,120922640
2010-06-02,30.810741424560547,30.976153470506755,30.308152396342184,30.855275338958773,104347419
2010-06-03,30.906171798706055,31.472381422642457,30.74394129529253,31.17973326528676,99276332
2010-06-04,30.871179580688477,31.173369806114934,30.444932234910016,30.82346667523668,86411802
2010-06-07,29.401578903198242,29.964606992539505,29.105749203499837,29.964606992539505,87594426
2010-06-08,28.717670440673828,29.70376681539222,28.571347645737518,29.535175791544937,94488871
2010-06-09,29.458833694458008,29.6655955469045,28.66359403693888,28.819461447942956,116357076
2010-06-10,29.99323272705078,30.114110845395714,29.118469875087403,29.824641707059644,81094666
2010-06-11,30.130022048950195,30.43539130374287,29.94234430222958,30.21908733864436,72959721
2010-06-14,30.804384231567383,30.944346522122515,30.25407714229883,30.28906898857255,56467850
2010-06-15,31.294252395629883,31.411946453490525,30.57853578638963,30.804384376383965,63071931
2010-06-16,30.8902645111084,31.68232264081039,30.778931008371938,31.49782646697785,70320398
2010-06-17,30.59761619567871,30.979329604396682,30.311331139140233,30.918893091468977,80697148
2010-06-18,30.139562606811523,30.944344449977507,29.977332093872143,30.70259072413374,63044725
2010-06-21,32.114933013916016,32.21990343765518,30.543540366394293,30.543540366394293,108694748
2010-06-22,31.431026458740234,32.31851292943028,31.319692957477486,32.31851292943028,75718154
2010-06-23,31.65687370300293,31.92407205726508,31.138377049078457,31.23698693592063,84731474
2010-06-24,31.707773208618164,32.22308840559688,31.491466711953084,31.68232598483866,94390397
2010-06-25,31.176546096801758,31.930433310893733,31.065212606465874,31.68231911196275,62896877
2010-06-28,31.815921783447266,31.91453167550757,31.192454678394903,31.192454678394903,43474763
2010-06-29,30.63896942138672,31.80956199568522,30.53717798749615,31.796838384857576,71452505
2010-06-30,30.89661979675293,31.011134819499713,29.907344597911845,29.907344597911845,62437600
2010-07-01,30.219083786010742,30.91889514482811,30.044132219941165,30.772569793771055,52153300
2010-07-02,30.215904235839844,30.60080178216659,29.974153057617936,30.225448855408654,56401850
2010-07-05,30.012319564819336,30.28906254700075,29.900986064067304,30.282702015475415,26618720
2010-07-06,30.562625885009766,30.661235781556712,29.78011233909294,30.09184463216792,55621729
2010-07-07,30.212724685668945,30.791657943498276,30.123656854955364,30.791657943498276,79492807
2010-07-08,30.839366912841797,31.103386284197036,30.416301139156765,30.79165401105059,55717212
2010-07-09,31.551898956298828,31.675956055850822,30.95069759861202,31.093841385506284,66962502
2010-07-12,32.18558883666992,32.71905109151411,31.781448724974954,32.00776635903393,80987207
2010-07-13,32.900108337402344,33.12965969780987,32.00776991630879,32.020704721093146,81575544
2010-07-14,32.71259307861328,33.59199677998301,32.58973313353563,33.301018013865686,71352141
2010-07-15,33.155517578125,33.43033293388056,32.72551566400654,32.78370932887679,78717209
2010-07-16,32.896881103515625,33.49500720302839,32.783722251663626,33.23635765907162,42836013
2010-07-19,33.061763763427734,33.24928476883491,32.46040410130433,32.46040410130433,42551024
2010-07-20,32.93567657470703,33.585531472958316,32.67055965745532,33.30101752500299,53786847
2010-07-21,34.32591247558594,34.42290539785894,33.052069679970195,33.49500393871584,116351397
2010-07-22,34.972537994384766,35.07276203407668,33.76982103872356,34.2709515933134,111839122
2010-07-23,34.636287689208984,35.49306317068503,34.49726442705345,34.98223158301981,70279683
2010-07-26,34.4261360168457,34.97899795442755,29.744596198665292,34.67185329655948,47804900
2010-07-27,34.261253356933594,35.04689788476187,34.0252371462214,34.917573117964096,55504058
2010-07-28,34.439064025878906,34.87876707905798,34.222447494637436,34.27741005265583,51186212
2010-07-29,34.47140121459961,34.69125148084818,34.10282657727394,34.335611648861644,42287110
2010-07-30,34.72358703613281,35.16329020476846,34.27095164980488,34.27095164980488,58903801
2010-08-02,35.38636779785156,35.48659440861874,29.097973873451895,29.097973873451895,40540867
2010-08-03,35.37020492553711,35.64502035078273,35.12449022363255,35.56419335060615,44176741
2010-08-04,34.95313262939453,35.557723415030274,34.73004867493965,35.37020240606825,26217140
2010-08-05,34.80440902709961,35.370203178453345,34.72681573213051,35.20531548486987,29274186
2010-08-06,34.36793899536133,35.2182470574694,34.23861683944145,34.78177766140139,34298775
2010-08-09,34.924034118652344,35.0468914595218,34.345307770380394,34.52959507620063,26467251
2010-08-10,34.68155288696289,35.77757569244171,34.50696408366936,34.98223274073542,76355770
2010-08-11,33.64048385620117,35.42192660397601,33.53702356398824,34.788237815863965,88011089
2010-08-12,33.62109375,34.33561230706965,32.81604967704711,33.49500269681695,127290034
2010-08-13,34.08989715576172,34.91757201241628,33.870046871489144,34.91757201241628,82309640
2010-08-16,33.4820671081543,34.713881970450096,33.30101350559008,34.15132154536297,79233197
2010-08-17,33.21049118041992,33.87004721805131,33.05530198139474,33.54673401346904,75989247
2010-08-18,33.74394226074219,33.81507072767354,33.25897779442084,33.30100813446975,58597190
2010-08-19,33.773048400878906,34.23538484014605,33.5208663007508,33.74395026709241,49049630
2010-08-20,33.55320358276367,33.81185312751361,33.4335799159139,33.62433207811827,46480693
2010-08-23,33.72455596923828,34.06403249822642,33.6016986105385,33.624329343524714,46916480
2010-08-24,33.220191955566406,34.00583910902249,33.003575355945344,33.72455882847423,45887129
2010-08-25,32.13710021972656,33.17169578201942,31.878453270927817,33.04237101310374,95974402
2010-08-26,32.450706481933594,32.64146119368412,32.137094426923234,32.33108283984611,62397768
2010-08-27,32.98740005493164,33.75364736840167,32.46040259698366,32.65439099556715,99182623
2010-08-30,34.13515853881836,34.23215145599457,33.63402544620359,33.688988012969034,80154280
2010-08-31,33.79890823364258,34.11898504818415,33.33657189271042,33.88943372803257,76185733
2010-09-01,34.78501510620117,34.85290989262414,33.99290322352421,34.012302843516096,79756741
2010-09-02,35.17945098876953,35.37020311365994,34.92403519582446,35.046892540483235,62561066
2010-09-03,34.97899627685547,35.30554053739319,34.6815501479019,35.240876872080804,37492092
2010-09-06,37.22600555419922,37.352096590277185,35.1180182952849,35.176214556402726,166248114
2010-09-07,37.271270751953125,37.791803453295095,36.87360057612524,37.06435270534874,92089488
2010-09-08,37.542850494384766,37.92759102292013,36.721640575640485,36.98675746429773,85601599
2010-09-09,38.38669967651367,38.58068552686258,37.18398274409191,37.69804550641977,89099134
2010-09-13,38.89429473876953,39.23053754483445,38.499855664111486,38.73263814945169,78745738
2010-09-14,38.59684371948242,39.8221911398398,38.48045119695982,39.081808248273255,82144925
2010-09-15,39.03654861450195,39.427753956776186,38.693838432856296,38.79729874537985,75721418
2010-09-16,38.496620178222656,39.48918263257203,38.28646843417369,39.243467942160414,73781176
2010-09-17,39.10768127441406,39.718736933459745,38.62594778355682,38.62594778355682,103258755
2010-09-20,39.961212158203125,40.21339421688993,39.15940193824286,39.246696325257176,87497369
2010-09-21,39.78986358642578,40.33302702391053,39.47625151770139,40.10347565515018,72225657
2010-09-22,40.016178131103516,40.62723630333024,39.66376944121201,40.025879234287736,80251369
2010-09-23,40.316864013671875,40.38152509944843,39.57324987659539,40.15520741568179,70755618
2010-09-24,40.73392868041992,40.98934446767765,40.34919073799688,40.413851815579534,61453824
2010-09-27,41.76529312133789,41.99807819418058,41.00874681266378,41.09280751362757,75373987
2010-09-28,42.1370964050293,42.411911795372625,41.513106036359574,41.70709184775957,71986965
2010-09-29,42.23086166381836,42.98094317633007,42.0433432274647,42.0433432274647,74615016
2010-09-30,42.15003204345703,42.54770480145008,41.5195768106828,42.2243942265121,79557546
2010-10-01,43.181400299072266,43.598470149756714,42.2567298947536,42.2567298947536,84295340
2010-10-04,43.30425262451172,44.009070065466716,43.08763605911021,43.45297699592367,55818783
2010-10-05,43.21695327758789,43.8086118161315,43.077930026109165,43.45297202403653,41875297
2010-10-06,43.857112884521484,44.293582288807954,43.394779048564025,43.57906636051007,58252929
2010-10-07,42.01101303100586,44.099601058032626,41.84289161859166,43.97027888620052,80930791
2010-10-08,40.51731491088867,42.60913392448328,40.045279950510256,42.35048700736038,164344849
2010-10-11,41.39025115966797,41.69092840848915,40.81798961630298,41.69092840848915,49075461
2010-10-12,40.95378494262695,41.513111724785,40.413855190847634,41.448450641802005,48329945
2010-10-13,41.24475860595703,41.383781858975645,40.834153659884905,41.16393161495216,74212544
2010-10-14,42.19205856323242,42.63822903203914,41.4258112497626,41.4258112497626,83963769
2010-10-15,41.11544418334961,42.5865092517148,40.80829946923874,41.74590212066765,47962257
2010-10-18,41.77499008178711,42.21792427407289,40.41385049461507,42.21792427407289,48942171
2010-10-19,40.940853118896484,42.19529885306298,40.7694980110568,42.03364226050572,48909392
2010-10-20,39.81249237060547,40.70483078053105,39.70903464588284,40.41385204620043,73839691
2010-10-21,40.63370132446289,40.85355416228308,39.95151725958492,40.029110551263514,48854665
2010-10-22,39.92888641357422,40.93114998852746,39.83189349845387,40.866488908124644,60258730
2010-10-25,40.10670852661133,40.788892627117455,40.03234634309493,40.37505653848753,58328847
2010-10-26,39.16263961791992,40.4106178240378,38.97835231184354,40.19400127391848,84837904
2010-10-27,39.76076126098633,39.89008599861239,38.92015434996488,38.94278507871084,73358289
2010-10-28,39.04624938964844,40.05174667401713,38.86842688629519,39.92888673670913,82196607
2010-10-29,38.111881256103516,39.1497078045901,37.56871781068511,39.1270770731278,77094169
2010-11-01,38.273536682128906,38.98805262055423,38.18947598349063,38.81346382075217,57844589
2010-11-02,38.735870361328125,38.90722545914499,38.02135183688299,38.43842421608545,63507476
2010-11-03,39.418052673339844,39.66376733840266,38.90398743698443,39.004214041349925,52399454
2010-11-04,40.18754196166992,40.258670455334325,39.77370321771043,39.92889242306616,44328357
2010-11-08,40.944087982177734,41.29649413410716,40.14227498854783,40.47851781089201,59861789
2010-11-09,41.46784591674805,41.69739728242684,40.924685075587135,41.0863390707176,58532187
2010-11-10,41.215660095214844,41.86874859731645,41.12513459105241,41.50663881357068,35795474
2010-11-11,40.805057525634766,41.92694729673801,40.56580765288856,41.29325837462555,51387863
2010-11-12,39.2467041015625,40.788894888256344,39.02362012767882,40.64664050486356,72318232
2010-11-15,39.98062515258789,40.34273244689487,39.32107165615992,40.213407673490174,74383441
2010-11-16,39.18204116821289,40.34596140291181,38.43519334341018,40.148741858652365,93340295
2010-11-18,40.31362533569336,40.51084485925708,38.57421256914886,39.40835471237604,77964294
2010-11-19,39.188499450683594,40.37181644084199,38.87812113887052,40.34271831229502,62828159
2010-11-22,40.40415954589844,40.546416527599064,39.3598655055699,39.47948916484438,51501797
2010-11-23,39.582942962646484,40.27159443509306,38.981583296766395,39.83189134502877,61762408
2010-11-24,39.87069320678711,40.45265070438482,39.60557630142268,39.67023997162172,66846919
2010-11-25,38.97188949584961,40.32332817342643,38.80376808652612,40.11641011326655,61781963
2010-11-26,38.71970748901367,39.3242983417589,37.61398351937325,39.211139501398605,89759337
2010-11-29,38.27029800415039,39.12060598374632,37.87909269513218,38.81022766159278,60096177
2010-11-30,37.814430236816406,38.086011924594324,37.12254509713932,38.086011924594324,82175689
2010-12-01,39.6734733581543,39.75430295053659,37.95669372266676,38.01488999356904,65364369
2010-12-02,40.26836395263672,40.756564831177236,39.867460065704556,40.213401385614546,58160490
2010-12-03,39.73813247680664,40.400919524170405,39.21113498662744,40.31685882895479,47165678
2010-12-06,41.06370162963867,41.37731364290546,40.09053634951451,40.21339367642132,87730875
2010-12-07,41.34175491333008,41.66506549297388,40.93761733603339,41.344988614603935,72345385
2010-12-08,40.3653564453125,41.144536068537874,40.168136910768375,41.08633980076652,50830185
2010-12-09,39.09151077270508,40.73716170753472,38.80376315690092,40.64016879824947,62020643
2010-12-10,40.02587890625,40.155201057325655,38.438421669701725,38.97511765827789,53324662
2010-12-13,40.80183410644531,40.9958199665372,39.883631089235685,40.09054916739819,54667940
2010-12-14,41.810550689697266,41.96573985118343,40.866483506409104,40.93114457826505,59805750
2010-12-15,41.56160354614258,42.2017572379096,41.17362933652841,41.69739309553995,61594891
2010-12-16,42.7028923034668,42.84838296263479,41.500175562086284,41.70709359698913,94510734
2010-12-20,43.09086608886719,43.440041099230456,42.24379170046504,42.29552315354154,68054084
2010-12-21,43.72455596923828,43.88944625772951,43.0844022013199,43.13613106647589,45445832
2010-12-22,43.51116943359375,44.14485574536812,43.11673039748942,43.79568334600319,65741073
2010-12-23,42.76432418823242,43.8280203738317,42.62853461804617,43.650195273948526,53807282
2010-12-24,43.507938385009766,43.692225710065955,42.35695297054461,42.66410023832651,41613388
2010-12-27,42.841915130615234,43.840944939137586,42.777254054429356,43.462671818128,29346116
2010-12-28,43.00033950805664,43.30748416149209,42.85161514407743,43.00033950805664,22483600
2010-12-29,43.197566986083984,43.452982823781696,43.06500851457148,43.1458355247697,22932832
2010-12-30,43.50147247314453,43.75041827184599,43.323649977021525,43.362446623999716,37228115
2010-12-31,43.99613952636719,44.24832162324046,43.452976095384564,43.65989155247166,41844165
2011-01-03,45.52539825439453,45.74848480801345,44.300050710781285,44.30651811336397,69842837
2011-01-04,44.92081069946289,46.16232425054914,44.82705147843922,45.819614025583576,83358418
2011-01-05,44.031700134277344,45.04689587039207,43.792447677149156,45.03719735611437,51717481
2011-01-06,44.183650970458984,44.671849169700785,44.067258455211565,44.47139596878175,39851736
2011-01-07,42.75785827636719,44.484338939423104,42.4280802856276,44.26125238122827,61225072
2011-01-10,42.07566833496094,43.045602613642394,41.707093723307125,42.67702800198858,65583559
2011-01-11,41.80732727050781,42.70289951740976,41.43228778344622,41.96575017180564,61733208
2011-01-12,41.95927810668945,42.58650223890186,40.49468068314126,41.907549242230296,89637761
2011-01-13,41.225364685058594,42.41838304311606,41.06047697925842,42.14680131253805,71520950
2011-01-14,40.248966217041016,41.163935399306155,39.92888674653928,41.06047508076665,71101317
2011-01-17,40.45588684082031,40.60784233248292,39.650842739417456,39.90625855620664,53388877
2011-01-18,40.9052848815918,41.30619134057263,40.54317765924487,40.54317765924487,61502011
2011-01-19,41.35791778564453,41.67476352844475,40.93438062092036,40.98934318240022,60524280
2011-01-20,41.00874710083008,41.593938310336505,40.77596202635163,40.98934748161277,66863598
2011-01-21,40.70805740356445,41.06046604244812,40.54316974168353,40.75332144477638,38829691
2011-01-24,41.98191452026367,42.1791340668374,40.413856663216535,40.66603877958631,65492957
2011-01-25,42.376346588134766,42.968005129769054,42.04980233598658,42.05626973796449,62526586
2011-01-27,42.03687286376953,42.70289362644442,41.855819253991314,42.495975585131056,55390333
2011-01-28,41.218894958496094,42.32138507861617,40.75009374151006,41.836417945315844,49091667
2011-01-31,41.36439514160156,41.5098832438687,39.96122486859352,40.15521073097149,71870522
2011-02-01,40.850318908691406,41.5648373681617,40.54963908954198,41.218893502737295,66983778
2011-02-02,40.49467849731445,41.05724151858682,39.818959238403714,40.808290546492465,161644397
2011-02-03,41.260929107666016,41.441982726813144,40.45911874342457,40.45911874342457,57170205
2011-02-04,41.11866760253906,42.15972773958284,40.866485526288606,41.238293827675115,73568483
2011-02-07,41.40964889526367,41.739426871086884,41.00227762455982,41.36438743443273,54739177
2011-02-08,40.071144104003906,41.7135640552861,39.851293837627054,41.7135640552861,66087518
2011-02-09,38.74233627319336,40.13580782591457,38.48368935754272,40.01941528990402,86728122
2011-02-10,38.83286666870117,39.08828248711955,37.57842089829859,38.73264004444634,90243721
2011-02-11,38.493385314941406,38.98481726996125,37.18721084004572,38.92662100582267,92871740
2011-02-14,40.10670852661133,40.284528437769104,38.76496846723035,39.2693326565787,55967071
2011-02-15,39.87069320678711,40.54317880705057,39.57324705535544,40.349192974518004,61726365
2011-02-16,41.47431182861328,41.674765053718716,39.17233861911926,39.44392032445461,106958539
2011-02-17,42.36018371582031,42.483041060939854,41.484011204844826,41.64243408533425,65019762
2011-02-18,41.277095794677734,42.76755771533973,41.0055140663799,42.4571793370086,60134456
2011-02-21,41.218894958496094,41.474310740391275,40.24249587878897,41.474310740391275,54992972
2011-02-22,40.371822357177734,40.801826946928706,40.10993916187708,40.79535954451192,52707220
2011-02-23,40.54317855834961,47.656016538546766,39.731667107749104,40.278064243643726,46232356
2011-02-24,38.968650817871094,40.47528108445444,38.48045257068584,40.349190043564256,80050967
2011-02-25,39.240238189697266,39.534450660972524,38.22827601520453,39.321067783259394,81304755
2011-02-28,39.25963592529297,39.87069416031992,38.752038011639435,39.70257016720098,67748302
2011-03-01,41.024906158447266,41.11219795774734,39.392184975845375,39.51827600709203,57340998
2011-03-03,40.37506103515625,40.892357498072336,39.967689714617855,40.73716830029426,54692879
2011-03-04,39.974151611328125,40.94085226705488,39.84482685777961,40.75009754358692,42240235
2011-03-07,38.97511672973633,39.67993408695136,38.480451099302655,39.66700187215189,47068306
2011-03-08,39.8318977355957,40.000019151559286,38.99775546998965,39.24994018296754,44832452
2011-03-09,39.63467025756836,40.1261021897339,39.24993233437239,39.9612145083642,36670480
2011-03-10,38.57421112060547,39.50857984110087,38.48691672708674,39.50857984110087,65346001
2011-03-11,37.588111877441406,38.4384198678386,37.319763895732564,38.4384198678386,76674809
2011-03-14,38.868431091308594,38.978358824324,37.63984970853942,37.63984970853942,55859088
2011-03-15,38.36406326293945,38.79083417054457,37.18074604651533,37.827367221596376,80503138
2011-03-16,38.7681999206543,39.28226259490505,38.570980402482654,38.570980402482654,55389199
2011-03-17,38.32527160644531,38.777907005773436,38.15068277903613,38.186248320485845,39407553
2011-03-18,38.61301040649414,39.020381654427624,38.35112722558773,38.7358677443707,44467629
2011-03-21,38.891056060791016,39.18526847844959,38.5742103254467,38.861957930217926,36924852
2011-03-22,39.10768127441406,39.47625333729972,39.0009872493681,39.1206134912329,31133514
2011-03-23,39.469783782958984,39.56030928981849,39.04948031424534,39.11090768949913,29042852
2011-03-24,39.427757263183594,39.85775928782704,39.162642940956175,39.767233772180575,35588313
2011-03-25,39.796329498291016,39.89008870965185,39.33399307677558,39.89008870965185,41579412
2011-03-28,39.66376876831055,40.10023814420142,39.44714963635237,39.747829460288585,30080075
2011-03-29,39.631439208984375,39.99031531549015,39.34046047138155,39.60557477751286,50570123
2011-03-30,39.8189582824707,40.28129468139001,39.7478298048702,39.83189049757697,34915388
2011-03-31,40.23603057861328,40.5334767037121,39.70256570282784,39.909486322307394,51198419
2011-04-01,40.51731491088867,40.73393147743877,40.10670992020601,40.28452983754252,26314449
2011-04-04,40.811519622802734,41.00873912184893,40.459110967309826,40.54963646496851,23313661
2011-04-05,41.07340621948242,41.24799501699432,40.300694024592445,40.96994849268918,32982608
2011-04-06,41.02167510986328,41.41934784528801,40.81152337753153,41.125135420023554,26515102
2011-04-07,41.277095794677734,41.51311198533743,40.99581555112967,41.125140306939706,26255251
2011-04-08,40.72747039794922,41.50664751115018,40.45912235214455,41.28679722308336,23551524
2011-04-11,40.41061782836914,41.05400784366455,40.29099418843003,40.672501016047285,20522523
2011-04-13,41.151004791259766,41.383787280780226,40.05174824906163,40.19077152029408,21998062
2011-04-15,40.77595901489258,41.25445875594558,40.62076983971236,41.021676287691314,26136267
2011-04-18,39.57970428466797,41.14452803937393,39.41158291681762,40.86001415869434,35313998
2011-04-19,39.40512466430664,39.89655925723298,39.12384441901759,39.314599147001964,33385070
2011-04-20,40.381526947021484,40.51085171352405,39.81896641341303,39.83189863116003,28071975
2011-04-21,40.740394592285156,40.93114670594979,40.51407694547705,40.624002067862236,22928298
2011-04-25,40.523780822753906,41.04107984908294,40.43648641788345,40.721000364557945,23177548
2011-04-26,40.56904220581055,40.66926882083945,39.80602852232306,40.607838853522054,27935537
2011-04-27,40.09377670288086,40.92468517854831,40.0291130334402,40.73716416181553,23069008
2011-04-28,39.66700744628906,40.36859120113507,39.573248228559564,40.290997901434594,30562118
2011-04-29,39.864227294921875,40.051748320866466,39.47625302631572,39.709038105285885,19750925
2011-05-02,39.744598388671875,40.025881203241745,39.25316641928608,39.831892787431606,21650872
2011-05-03,39.007450103759766,39.754297835864385,38.797298368668166,39.61204087841283,25270257
2011-05-04,38.134517669677734,39.05272070591242,38.03429362481199,38.871667060139735,40294661
2011-05-05,37.70127868652344,38.431960611354214,37.56872022350023,38.1506803555294,25341504
2011-05-06,38.4416618347168,38.57098659657051,37.698045101316026,37.80797283176281,25949500
2011-05-09,38.4804573059082,38.849031959721344,38.15714670570994,38.66797833429421,20398039
2011-05-10,38.04722213745117,38.5839182078435,37.69804450922066,38.40932939372825,29235214
2011-05-11,38.422264099121094,38.629182174818126,38.05368941591855,38.15068234480881,21083822
2011-05-12,37.80796813964844,38.34143045068688,37.70450782519879,38.28000048444612,26223983
2011-05-13,38.40932083129883,38.92661716623771,37.81442862215158,37.89848930894205,26341686
2011-05-16,37.361793518066406,38.344657335365575,37.271265429274585,38.344657335365575,28845946
2011-05-17,37.112850189208984,37.827366126859715,36.64404894468119,37.516987764680685,34886776
2011-05-18,36.96736145019531,37.43292901773669,36.61495272036952,37.24540799234253,26563678
2011-05-19,36.38863754272461,37.17105094518896,36.252847963757986,36.79600886865702,31280176
2011-05-20,37.47496032714844,37.74330836090409,36.404801893636346,36.51472703273404,33421250
2011-05-23,36.17201232910156,37.15164512220838,36.05238868932148,37.15164512220838,24547948
2011-05-24,36.6311149597168,36.78630413331204,35.79373912691023,36.03298899499324,51265184
2011-05-25,36.28840255737305,36.87359627088094,36.097650450421156,36.70870859310572,46353470
2011-05-26,37.12577819824219,37.49758389705403,36.59878074689441,37.180740757292355,65164366
2011-05-27,37.84029769897461,38.04721832959449,36.57938724222307,37.37473016362815,50946093
2011-05-30,37.45879364013672,37.95022823254858,37.316536666917344,37.95022823254858,25150822
2011-05-31,38.08601379394531,38.15067487086045,37.45878969722401,37.85646244009039,27971024
2011-06-01,37.65278244018555,38.63241275514816,37.510525465565166,38.280004020073214,48938067
2011-06-02,37.174278259277344,37.31007041340104,36.95442799407556,37.31007041340104,22400954
2011-06-03,37.06758499145508,37.7174398289693,36.92209432961394,37.329468182769126,25504645
2011-06-06,36.72163772583008,37.051415665986596,36.488855277332235,37.051415665986596,28930765
2011-06-07,37.371498107910156,37.50405396361484,36.5987833473474,36.66344701367058,22026821
2011-06-08,37.3553352355957,37.58811772184617,37.14841459333714,37.18721383190582,26249625
2011-06-09,37.31330490112305,37.613982171452776,37.14194979597151,37.3100711997355,24619983
2011-06-10,36.82187271118164,37.42646353905646,36.6117183685582,37.342402837620014,36858716
2011-06-13,36.40156555175781,36.7281098328871,36.24637636986692,36.7281098328871,50666205
2011-06-14,36.27547073364258,36.66021124162884,36.110583054090746,36.598781279898404,33993979
2011-06-15,36.30133819580078,36.621417656888894,36.22697860216246,36.340137432257166,30186316
2011-06-16,35.77434158325195,36.346600519943095,35.65471535641686,36.1267502726121,42485066
2011-06-17,37.05465316772461,37.2001438311044,36.40479832333781,36.46945940204428,44860571
2011-06-20,36.28517150878906,37.17750991480266,35.467195283867966,37.15487918487684,36025821
2011-06-21,36.094417572021484,36.76043828914147,36.00065836686153,36.592316906630096,28209894
2011-06-22,36.08795166015625,36.53412215365539,35.96832802029091,36.29163858378031,24929281
2011-06-23,35.98772430419922,36.33366817928378,35.777572571731426,36.19141122360834,21483880
2011-06-24,37.43616485595703,37.520225563684804,36.162319433590724,36.26901346357291,31907967
2011-06-27,38.108642578125,38.37375686349088,37.16780907010561,37.27126678788821,42812712
2011-06-28,37.972862243652344,38.312338787827066,37.69804678878265,38.21211215762983,24359543
2011-06-29,38.900760650634766,38.97512283916212,38.08601804539577,38.13128209880513,29757006
2011-06-30,39.460086822509766,39.602341196033116,38.991285586316835,39.120610333097524,38847461
2011-07-01,38.946022033691406,39.87715711555865,38.51602002836672,39.87715711555865,26111140
2011-07-04,39.421058654785156,39.50682820322107,38.932831588047804,39.437553205125,19662023
2011-07-05,39.414459228515625,40.041238924371385,39.20333479876986,39.57940208795051,31108334
2011-07-06,39.44414520263672,39.7773276870471,39.18353978859003,39.42105441964011,21858286
2011-07-07,40.02804183959961,40.11381138261218,39.48703171765092,39.52002081624464,30642476
2011-07-08,39.24951934814453,39.98185994433657,39.06478514032096,39.98185994433657,42517373
2011-07-11,38.78107833862305,39.31219010426024,38.665619144281756,39.28909932205745,19060188
2011-07-12,37.73865509033203,38.59635059617407,37.60670132597231,38.309352281398915,46518112
2011-07-13,37.936580657958984,38.22357894430346,37.61659327337652,38.068534409247086,42319302
2011-07-14,38.03883361816406,38.50396972888797,37.67266213153104,37.85409947708355,26549383
2011-07-15,37.80131912231445,38.35222478959999,37.54401055286287,38.13450154429558,22675237
2011-07-18,37.71226119995117,38.0685344799258,37.62319221954155,37.84091551332156,19976380
2011-07-19,38.02894973754883,38.15100782663195,37.5275301941002,37.738654629499216,26839851
2011-07-20,37.96626663208008,38.37861975336615,37.87389822264685,38.200484451835784,25420109
2011-07-21,37.827720642089844,38.15100482581424,37.72545655004514,37.9662706291626,12536318
2011-07-22,38.546871185302734,38.68872062933546,37.979470767507614,38.26646909419341,24242628
2011-07-25,39.008697509765625,39.25611308951045,38.20048578647402,38.26646133718593,26818596
2011-07-26,38.487483978271484,39.302294575842105,38.3060465912639,39.10436528243718,22599760
2011-07-27,38.25656509399414,38.975710473506936,38.03554237949666,38.46439005688252,26539863
2011-07-28,37.51762771606445,38.193888363660626,37.35598430859091,37.93657974359931,27964821
2011-07-29,37.2108268737793,37.738641744563495,37.105266012953,37.606688026867445,23666004
2011-08-01,37.85740661621094,37.99925602765532,37.13166236967732,37.65617524823531,25227926
2011-08-02,37.23723220825195,37.83102017435828,37.04919855981906,37.67267618839711,21414469
2011-08-03,37.16794967651367,37.30980173502335,36.683022108847034,36.940330721962546,24673618
2011-08-04,36.79848098754883,37.4747416110539,36.56426315904302,37.34278786764691,25777753
2011-08-05,35.16226577758789,36.056249805238984,34.76970393097539,36.056249805238984,51686067
2011-08-08,33.588714599609375,34.30126106594532,33.186257163222855,34.30126106594532,58005022
2011-08-09,32.00857925415039,33.30831752071204,31.520352214427234,32.658447066599265,92862356
2011-08-10,31.99538803100586,33.31821988418101,31.711686501378225,33.18956555301173,62699383
2011-08-11,31.959095001220703,32.3285633914092,31.675396153099673,31.767761929814867,34025237
2011-08-12,31.33561134338379,32.32196361060741,31.0750033076178,32.32196361060741,72276542
2011-08-16,30.94304847717285,31.794144825418062,30.761611120379097,31.668789979358134,44275761
2011-08-17,31.200359344482422,31.319115324507205,30.385546180858693,31.02552084958885,41751401
2011-08-18,30.52080726623535,31.183872887110564,30.256899736617477,31.183872887110564,31816546
2011-08-19,30.309677124023438,30.873775333894812,29.68949639528868,29.9534012335822,44750855
2011-08-22,31.0057315826416,31.16737499323601,30.09195628414021,30.43833124732273,27650652
2011-08-23,31.37190055847168,31.553335299452502,30.6197660916236,31.206957723491605,28137702
2011-08-24,29.98638916015625,31.66219710173483,29.831344644431933,31.272934772719687,57619606
2011-08-25,29.273841857910156,30.41193925891342,29.09900598823655,30.131539866514885,102319671
2011-08-26,27.861949920654297,29.346422583344395,27.598042378029085,29.155092124522163,51857846
2011-08-29,29.517959594726562,29.689498677385046,28.1522405263858,28.294089949225405,54489559
2011-08-30,30.913368225097656,31.200366532521485,30.019384202165206,30.019384202165206,79355759
2011-09-02,32.33515930175781,32.50669837015822,30.415237812485472,31.009028317844205,78362190
2011-09-05,32.63865661621094,32.72112672394585,31.681993856495616,32.06466001704734,64301116
2011-09-06,32.68813705444336,32.82998912427143,31.543443314376525,32.32856432665615,50338800
2011-09-07,32.88936233520508,33.219245367261905,32.65184771445617,32.65844394859893,33796202
2011-09-08,32.41762924194336,33.12357949759958,32.26258472189197,32.97183441538544,35187069
2011-09-09,31.46426773071289,32.38134507345271,31.345511737226133,32.3285619902393,48120569
2011-09-12,30.009483337402344,31.009030812531204,29.83134802062821,30.959547165743828,63890835
2011-09-13,30.17441749572754,30.863873064107302,29.742270476552015,30.37564617972032,44408820
2011-09-14,30.97603988647461,31.246546246284925,29.960000564046844,30.349262914143026,36271366
2011-09-15,30.72203254699707,31.470867633824827,30.35586095722054,31.338913883980457,58540563
2011-09-16,30.40534782409668,31.305928101539404,30.15793484714434,31.035424338626008,77131031
2011-09-19,29.936912536621094,30.27339183588847,29.795060467815375,30.27339183588847,26530605
2011-09-20,30.421838760375977,30.520803411066144,29.834644449063177,29.936911179495027,35881857
2011-09-21,30.250301361083984,30.507609995507973,30.029278622541558,30.507609995507973,24168903
2011-09-22,29.188066482543945,29.755466671402264,29.029722550962926,29.755466671402264,46546105
2011-09-23,28.554698944091797,28.914271670127498,28.04668055577649,28.868090101490775,56415180
2011-09-26,28.72953987121582,29.00994195302119,27.72339604188998,28.501920880591964,40432338
2011-09-27,28.960453033447266,29.38600391569659,28.732834084219412,29.135291542756676,41373784
2011-09-28,28.198421478271484,29.293634043618333,28.079662852712545,29.16168030873768,36602885
2011-09-29,28.62067985534668,28.897779860091447,27.512271911375084,27.974108774835262,57060920
2011-09-30,27.403404235839844,28.554696758688163,27.324233574238487,28.409547904088626,54617244
2011-10-03,26.03768539428711,26.96795775049817,25.918926771508936,26.96795775049817,53011249
2011-10-04,26.229021072387695,26.746937738573187,25.750689737217108,25.984907568633503,49738666
2011-10-05,26.43025016784668,26.839303877244284,26.258711089443853,26.44344527836507,44295126
2011-10-07,27.690401077270508,27.802563471243197,27.09331378311697,27.28134739679077,46120898
2011-10-10,28.69654655456543,28.792211756874195,27.48917160619125,27.690400323976363,55640139
2011-10-11,28.604177474975586,29.247448940868175,28.416143870843374,29.016530572343125,51411773
2011-10-12,29.300230026245117,29.359606691498694,28.614071200944146,28.69984072389886,33613160
2011-10-13,29.913820266723633,30.177727785169093,29.135295464807136,29.399202983252597,49684947
2011-10-14,28.887882232666016,29.755476012259717,28.647068143240475,29.689500454082854,45961137
2011-10-17,29.033029556274414,29.254052287309154,28.594286174017917,29.095708314452704,29295461
2011-10-18,28.320480346679688,28.686649263677946,27.911424021087235,28.38975533300393,35440245
2011-10-19,28.633874893188477,28.85819444723756,28.336978257930376,28.482127137020075,24879519
2011-10-20,29.13529396057129,29.2870417004252,27.941116595839382,28.330378976700274,59382601
2011-10-21,28.56789207458496,29.359611904615846,28.439237767308928,29.267246132082757,34943591
2011-10-24,28.802108764648438,29.29033575367458,28.6866495723113,28.97034839634074,26014093
2011-10-25,29.824748992919922,30.07876081847628,28.83180039907114,29.016534591144243,51806866
2011-10-28,31.91291046142578,32.43742602286419,30.817697771501727,30.877077091035417,57079320
2011-10-31,31.853530883789062,32.23949381596685,31.342213078980212,31.665499895674383,51688313
2011-11-01,31.140981674194336,31.7017830774551,30.722029680239164,31.470864697191047,31523286
2011-11-02,30.867176055908203,31.173968272979938,30.28988015147055,30.583474618348628,38998951
2011-11-03,30.46142578125,30.992537599677483,30.039174292118314,30.698940427742617,40645377
2011-11-04,30.82099723815918,31.421384026967548,30.68574669168617,30.850686897953512,45328056
2011-11-08,30.837493896484375,31.14098674977294,30.613174355284315,31.03212377585925,22588676
2011-11-09,29.53115463256836,31.358707859319882,29.30023623084297,31.061811261865053,62211735
2011-11-11,28.360065460205078,28.623972935462863,27.91802004289875,28.36336489802011,64010459
2011-11-14,27.21537208557129,28.894479676636955,27.02074221735191,28.699847166753713,53556458
2011-11-15,26.42034912109375,27.380311143249596,26.133353515754475,27.281346503765555,85149679
2011-11-16,26.78322410583496,27.53865805481374,25.971712918173246,26.397261177862024,82471038
2011-11-17,26.397258758544922,27.413300671110697,26.258708789405745,26.845900401864295,57891738
2011-11-18,25.823265075683594,26.278503002570375,25.404313043091,26.278503002570375,63792329
2011-11-21,25.051340103149414,25.81666712382129,24.863306465384504,25.658323146843674,51412896
2011-11-22,25.843059539794922,26.354377357452474,25.114015785697653,25.236073864964787,65603617
2011-11-23,25.245967864990234,25.625334547037507,24.916084827339272,25.5923454507733,52574014
2011-11-24,25.440595626831055,25.66491776463062,24.213431990130676,25.137105476175226,74903175
2011-11-25,24.737943649291992,25.137104265341435,24.553209489314273,25.05133473957809,50875360
2011-11-28,25.529666900634766,25.67151895904126,24.93917845109203,24.991958892206444,49490822
2011-11-29,25.542861938476562,26.25870782209818,25.341630584366673,25.664917356000366,57130488
2011-11-30,25.414209365844727,25.631932662170424,25.17009584723662,25.335038698997504,36560386
2011-12-01,26.565500259399414,27.063625579238423,26.25871064298331,26.48303015964573,76267004
2011-12-02,27.65081787109375,27.898230817726738,26.19933193028769,26.390664996461222,73408040
2011-12-05,27.126304626464844,27.53866045315755,26.98445519421491,27.499075117994224,48231828
2011-12-07,27.548547744750977,27.776166654765955,26.984446984063936,27.231859876470168,49446025
2011-12-08,26.65787124633789,27.5023715949926,26.52261805068867,27.307741718120578,39519651
2011-12-09,26.229021072387695,26.680959545217945,25.800173382233538,26.06078143432654,49057302
2011-12-12,25.430702209472656,26.753533806379085,25.331737561719542,26.57539849708897,38855239
2011-12-13,25.902435302734375,26.06077925521758,24.622485931970242,25.133806321063673,68703256
2011-12-14,24.790729522705078,25.895837811431527,24.708259425162538,25.85954927784807,57789947
2011-12-15,24.757740020751953,25.06453226557181,24.2398233786888,24.414661884607742,61269890
2011-12-16,24.078184127807617,25.189891465485253,23.913243907032975,24.939181695908427,53039116
2011-12-19,23.989110946655273,24.0781799183007,23.355735114950363,24.015501166032376,43601723
2011-12-20,22.613500595092773,24.183745177656178,22.471651174486116,24.101275075752547,68611048
2011-12-21,23.055543899536133,23.31615196313175,22.514536426795765,23.223783545022982,88327231
2011-12-22,23.349140167236328,23.55036890315189,22.54092578555427,22.893899612079583,75231220
2011-12-23,22.913694381713867,23.659230033156703,22.76194928591754,23.481094715627435,68795475
2011-12-26,23.5965518951416,23.73180508715563,22.96647542847703,23.05884384863255,47794089
2011-12-27,23.035749435424805,23.708713286767843,22.903798328949495,23.619644308649164,32604424
2011-12-28,22.884002685546875,23.13801184920357,22.62999352189018,22.93678312431616,33968736
2011-12-29,22.557418823242188,23.009357268447523,22.504635743451633,22.755348107881947,50911750
2011-12-30,22.125274658203125,22.88730488270813,22.036205675793987,22.732260343883283,43335417
2012-01-02,22.504634857177734,22.82792163213281,21.910845705811173,22.293510471320694,40366454
2012-01-03,23.87364959716797,24.002303886247162,22.70916212037579,22.761945196021376,61120216
2012-01-04,24.012205123901367,24.246420309475816,23.50748357705802,24.015501920179332,57216892
2012-01-05,23.923141479492188,24.510333255719935,23.712017029143766,24.081485477669574,43814647
2012-01-06,23.992412567138672,24.26621574099594,23.105027491122154,23.685620295227125,47790478
2012-01-09,23.8670597076416,24.134264027779004,23.39202775054751,23.916540717236202,40503994
2012-01-10,24.526824951171875,24.63568792317736,23.830770271319963,23.830770271319963,54776879
2012-01-11,25.269065856933594,25.36143164484117,24.49713724312445,24.65218179693173,59006033
2012-01-12,25.6550235748291,25.895837631646536,25.123911818014065,25.269060668012866,50840450
2012-01-13,27.426494598388672,28.033477527898345,25.856250235280328,25.862846468845568,127759440
2012-01-16,27.825654983520508,28.330376523832996,26.93167109604978,27.215369922086982,83431943
2012-01-17,29.211166381835938,29.583934194951002,27.911425551300955,27.94111521016242,86114532
2012-01-18,28.033483505249023,29.362914114253037,27.79926829296993,29.26724889468349,76374390
2012-01-19,28.755924224853516,29.15508487824016,28.36996132281576,28.36996132281576,68626572
2012-01-20,28.802108764648438,29.326624286978976,28.402950748281857,28.897773971395576,62047734
2012-01-23,28.142343521118164,28.894478012030834,27.91472456772715,28.699845513360337,47336879
2012-01-24,28.525007247924805,29.029728803654866,27.822356395502407,28.238008975221803,60889502
2012-01-25,29.34971809387207,29.48497128573983,28.633872084264627,28.699847640258714,77401484
2012-01-27,30.266794204711914,30.52080338655724,29.524555362636015,29.689498208096367,60675886
2012-01-30,29.181474685668945,30.111744434499304,28.831797679786067,30.085354215501265,48811211
2012-01-31,29.742280960083008,29.91711949168121,28.508518207229276,29.346419685238477,69311452
2012-02-01,31.07170867919922,31.27293741536976,29.745577626622538,29.821451492855427,86156967
2012-02-02,31.398296356201172,31.721580566200256,30.63296664358802,31.404895233104707,83893036
2012-02-03,30.844083786010742,31.272934075073987,30.362455702519753,31.272934075073987,61778258
2012-02-06,30.82759666442871,31.53684379069468,30.550494048625517,31.319120495539586,54807937
2012-02-07,29.778568267822266,31.14098804684961,29.640018267976558,31.009034282315348,78653204
2012-02-08,29.73238182067871,30.468021757967573,29.184775504729643,29.953401896495468,100564034
2012-02-09,29.831350326538086,29.976499198337542,29.029732093267427,29.550948256396026,97885885
2012-02-10,31.342212677001953,31.5632327599031,28.541502253150526,28.633870668639567,219661196
2012-02-13,32.01187515258789,32.25269186913887,30.77811247668516,31.40489212901347,68409083
2012-02-14,32.19331359863281,32.44732279263625,31.757867001772134,31.866727330155346,65026574
2012-02-15,32.66834259033203,32.77390347098542,32.13063194826505,32.39453943322587,67922516
2012-02-16,31.60941505432129,32.539687462352084,31.31582056035404,32.43742338055921,56593425
2012-02-17,31.536840438842773,32.262584678891635,31.042017222140004,31.932701653868587,60177196
2012-02-21,32.427528381347656,33.051008607724384,31.6819927169132,31.6819927169132,80347460
2012-02-22,31.042016983032227,32.77720162845454,30.877074150959412,32.500099044237274,47300762
2012-02-23,31.101398468017578,31.596221715451154,30.375654182896646,31.009030052942634,70342471
2012-02-24,31.37190055847168,31.728173806365753,30.768214378939305,31.2168560370884,62730462
2012-02-27,29.188066482543945,31.53353844564706,28.93735679851084,31.53353844564706,69732575
2012-02-28,30.336069107055664,30.481217965302918,29.451980846973637,29.471774833703275,54473637
2012-02-29,31.177265167236328,31.352103657893487,30.303075355613913,30.67914255407207,58134270
2012-03-01,30.533998489379883,31.13108847263027,30.124942134740827,31.13108847263027,52593190
2012-03-02,30.738525390625,31.173971948454586,30.365757586951755,30.738525390625,39576718
2012-03-05,29.735679626464844,30.679147203140616,29.597129644632354,30.679147203140616,36603378
2012-03-06,28.036781311035156,30.151335466703845,27.875140542840732,29.616924231898576,76826382
2012-03-07,27.96091079711914,28.356769415712797,27.44299409807197,27.8487483896313,79199179
2012-03-09,30.032577514648438,30.18102317540031,28.50191820565713,28.50191820565713,68592743
2012-03-12,30.11174774169922,30.566988315237282,29.64661149536593,30.355861256737597,48752139
2012-03-13,30.883670806884766,30.99583055096801,30.31957000723487,30.31957000723487,42574892
2012-03-14,30.40534782409668,31.391697651772045,30.26019894806235,31.338917202910146,60170311
2012-03-15,30.530698776245117,30.80450194234125,30.01938097921671,30.448228675110943,52057512
2012-03-16,29.99298667907715,31.263037798995473,29.679598196455743,30.547191860797874,58889705
2012-03-19,29.57073974609375,30.58018288663955,29.438785997275556,30.019381435410082,35216384
2012-03-20,30.006181716918945,30.151330554163394,29.36950649559626,29.623515639942344,46254912
2012-03-21,31.167377471923828,31.282836682721552,29.560846835965087,29.877532164393998,52355843
2012-03-22,29.682903289794922,31.385101847259158,29.491570197548317,30.976045437972786,71839086
2012-03-23,29.590532302856445,30.045770204696456,29.211165623547316,29.633417071024905,49505968
2012-03-26,29.039634704589844,29.79506619571829,28.897782608514007,29.564147742025913,46622411
2012-03-27,29.491565704345703,29.732382412637833,28.937363143132778,29.68289876744166,51260146
2012-03-28,30.025981903076172,30.210716120800427,29.122102162486392,29.353020595057757,53596605
2012-03-29,29.894018173217773,30.019375663406922,29.385999904193547,29.696088908879418,42849700
2012-03-30,31.124494552612305,31.315827649765097,29.900627373549973,29.933616476219402,52029761
2012-04-02,31.124494552612305,31.490663553918964,30.817702237780722,31.06511522447302,34405919
2012-04-03,31.550039291381836,31.817243573561342,31.28283236753864,31.37519813843737,44075454
2012-04-04,31.37519645690918,31.61601314758922,31.09149764185787,31.299325238153116,32777032
2012-04-09,30.332765579223633,31.167370080783737,30.068858119508757,31.167370080783737,28123669
2012-04-10,29.87422752380371,30.345959916680783,29.64990539624907,30.312970824639113,45858307
2012-04-11,29.448684692382812,30.006189404401166,29.26724992017599,29.57733901631072,44102061
2012-04-12,29.907224655151367,30.11175287219288,29.564146428714924,29.73238874488226,32501080
2012-04-13,29.676301956176758,30.514203336900557,29.494864568981658,30.217309396486332,32601433
2012-04-16,30.029273986816406,30.14473317482363,29.359609639709088,29.51135735965983,27332705
2012-04-17,30.45152473449707,30.672544792347136,29.781860402262733,30.672544792347136,30274336
2012-04-18,30.692337036132812,31.10798955182217,30.53399309483861,30.64285339875067,42288244
2012-04-19,30.82099723815918,30.985940086090356,30.451528851456157,30.788008140240176,29199181
2012-04-20,31.028825759887695,31.305925737148705,30.616469948889073,30.71873404208355,40414956
2012-04-23,30.53729820251465,31.622612572318896,30.32617114714463,31.009030676497353,50229389
2012-04-24,31.02552604675293,31.23005423132959,30.35586161042354,30.613172881072035,24618891
2012-04-25,30.71213722229004,31.355408788198265,30.30308085730397,31.14098493289552,32090693
2012-04-26,30.79789924621582,31.302618061259952,30.58017600590449,30.745116173566785,41107445
2012-04-27,30.425142288208008,30.923265046694496,29.976500540885954,30.791311280815755,26944077
2012-04-30,30.59007453918457,30.962842311651016,30.362455607176642,30.51420068129411,28311968
2012-05-02,30.4713191986084,30.96944452254372,30.355860001338275,30.675847372343547,17368535
2012-05-03,29.56414031982422,30.33606881146557,29.425590339058118,30.28328572792211,33198366
2012-05-04,28.534908294677734,29.422293418441026,28.284195890970285,29.30023797573502,44138115
2012-05-07,29.13529396057129,29.2870417004252,27.782772621280106,27.855347053022435,41960861
2012-05-08,28.185230255126953,29.33982229244832,27.974105835206203,29.32662718130727,34951012
2012-05-09,27.541961669921875,28.52831152433269,27.330834585423368,27.815764878726725,43700848
2012-05-10,27.419898986816406,28.040079740600486,27.26815389679337,27.57824295285354,40466870
2012-05-11,27.182384490966797,27.70359795706013,26.98445255120868,27.182384490966793,36799434
2012-05-14,26.931671142578125,27.53865676716135,26.5226148089831,27.083418869555757,34122630
2012-05-15,27.588134765625,27.710192821499884,26.67435963198959,26.7436346121273,40830811
2012-05-16,26.43025016784668,27.139499906113,26.29499698295348,27.116406481457993,53639660
2012-05-17,26.776628494262695,27.037236557032553,26.52261666610036,26.61498508391645,41059300
2012-05-18,26.387367248535156,26.522617801248394,25.73089790631059,26.19933360838343,65056708
2012-05-21,26.57209587097168,26.80961311041265,25.64512297629651,26.001398835457966,100642912
2012-05-22,26.3444766998291,27.043828019662833,26.186132755558884,26.87558840439553,43633988
2012-05-23,26.143251419067383,26.4830301316918,26.01789655057445,26.192732422201875,36166983
2012-05-24,26.30159568786621,26.555604865771752,25.823264349280475,26.304892484226528,37976097
2012-05-25,26.958066940307617,27.083424473312697,26.126761632823158,26.235621972891565,41989966
2012-05-28,27.172481536865234,27.41329820481021,26.918472402408074,26.98444794328549,33404005
2012-05-29,27.43309211730957,27.644219151231006,27.083417755392368,27.254956819413817,33892818
2012-05-30,27.070226669311523,27.353928195682048,26.88879188897556,27.182389089425737,25407535
2012-05-31,26.631481170654297,26.905284360112667,26.33128775791435,26.76013549039999,44273011
2012-06-01,26.252111434936523,26.87889105346197,26.067377251492964,26.65456889797332,32242225
2012-06-04,26.654573440551758,26.799722318350767,25.671523039394653,25.92553225471085,33387726
2012-06-05,26.258716583251953,26.977862144449645,26.143257360812022,26.786529039406933,25081653
2012-06-06,27.050434112548828,27.14939877391621,26.522619063037347,26.522619063037347,30987723
2012-06-07,27.123010635375977,27.700306739129836,27.050436192570796,27.380319303049532,40270572
2012-06-08,27.076820373535156,27.46278328887489,26.75353357094473,27.17578502041737,36208505
2012-06-11,27.043834686279297,27.64422416081835,26.83600969412903,27.44629220044054,29086978
2012-06-12,27.24176597595215,27.340733284133414,26.740343766155796,26.849206748489504,31589327
2012-06-13,27.17908477783203,27.479278159958085,27.07352125380715,27.36051952563806,30734778
2012-06-14,26.84920310974121,27.495774113912915,26.786524351387147,27.18238560547032,30293019
2012-06-15,27.350629806518555,27.439698801645484,26.86570213304655,26.92508146313117,26602125
2012-06-18,27.693702697753906,28.05327540604328,27.287945781443266,27.644221693324095,56844796
2012-06-19,27.726694107055664,28.040082633454716,27.400107827266833,27.7761751156113,39621295
2012-06-20,28.158838272094727,28.33037734786611,27.782771023930163,27.96750521001752,40682407
2012-06-21,28.379859924316406,28.498618565407046,27.89493232874813,27.997196420613527,30497074
2012-06-22,27.617830276489258,28.165436641945124,27.479280286834708,28.03348288711683,41262347
2012-06-25,27.357221603393555,28.02028980119685,27.152696061655078,27.71019808792081,26393946
2012-06-26,27.083419799804688,27.21537090388658,26.753534114608716,27.182384448697977,44275971
2012-06-27,27.756385803222656,27.842155356558532,27.18898539077164,27.18898539077164,34349460
2012-06-28,28.307283401489258,28.43263825631269,27.720089170568933,27.782767918812365,51802678
2012-06-29,29.125396728515625,29.293636366958548,28.534905633297655,28.663559940635846,45864153
2012-07-02,29.48826789855957,29.986390563163425,29.13859088113518,29.293635404113743,42500118
2012-07-03,29.448684692382812,29.73898244124499,29.161686381954084,29.55754766903817,25598564
2012-07-04,29.80825424194336,30.05896662769779,29.498165179077624,29.55754449785272,32829450
2012-07-05,29.795059204101562,29.940208063314554,29.590533667632165,29.781864093415273,21931979
2012-07-06,29.574039459228516,29.768669325339157,29.263947750372324,29.755474214501003,19917991
2012-07-09,28.87137794494629,29.35960483577753,28.713034017064185,29.35960483577753,21869873
2012-07-10,28.950563430786133,29.148492763639297,28.538210213731332,28.831804774408546,39633156
2012-07-11,28.76582908630371,29.250756742196543,28.706449758371654,28.835104088336372,31976528
2012-07-12,28.270999908447266,28.79881228113609,28.17533469188619,28.686652515168504,36915689
2012-07-13,28.04007911682129,28.56789144464878,27.98069980067035,28.36996215192143,34817544
2012-07-16,27.697219848632812,28.427077407635796,27.57840589061882,28.345603658908196,42108163
2012-07-17,27.551246643066406,28.084211757913156,27.486746710495936,27.904293182569596,35627600
2012-07-18,27.94841957092285,28.090997917417546,27.449402154238374,27.496928269736603,35242635
2012-07-19,28.138530731201172,28.304868097412882,28.02310936082442,28.24376346557208,28262689
2012-07-20,28.240365982055664,28.372758421951186,27.938238181094135,27.938238181094135,24541860
2012-07-23,27.123517990112305,27.99934647896025,27.021677847467565,27.972189470044228,30737885
2012-07-24,26.9435977935791,27.323804050879676,26.743312826009877,27.113333166762793,34986111
2012-07-25,26.24090003967285,27.0080977285775,26.186583306668325,26.885888477341247,54008020
2012-07-26,26.071163177490234,26.54302362790451,25.93537543036274,26.349526563971153,78160298
2012-07-27,27.099756240844727,27.34756734480628,26.454765047298803,26.478526750455096,53599890
2012-07-30,27.860164642333984,27.945033696973958,27.313620978865828,27.429039631072875,36150934
2012-07-31,28.138530731201172,28.28789428652161,27.225359277870716,27.921269213896228,42452707
2012-08-01,27.80584716796875,28.298076750056534,27.6972164225757,28.17586750129174,31430595
2012-08-02,27.561431884765625,27.860164430621595,27.333989887949375,27.77529809504596,32971944
2012-08-03,26.953779220581055,27.313616339560646,26.64825883102906,27.31022103426786,43126545
2012-08-06,27.44940757751465,27.754928005933834,27.24233198617714,27.429038461585645,31774940
2012-08-07,27.57500648498535,27.785477359618454,27.398483227143146,27.564823287315697,28438068
2012-08-08,27.70401382446289,28.162295901248914,27.605566252861756,27.693827905622925,47496430
2012-08-09,27.58519172668457,27.82960749371418,27.313616235834818,27.5546394160035,44352886
2012-08-10,27.16425323486328,27.62593053712815,27.062413093225622,27.50372127979524,31553997
2012-08-13,26.848543167114258,27.23553728268567,26.580365705121068,27.225354085460815,44154048
2012-08-14,27.571613311767578,27.625927322742875,26.383473933540767,26.47852345274753,69131780
2012-08-16,27.038652420043945,27.79566697741507,26.967361871605092,27.571617569911478,45463172
2012-08-17,26.804414749145508,27.28306583775749,26.614312979591705,27.106542571856163,47266944
2012-08-21,26.62110710144043,26.987732185246365,26.274848416589567,26.817999507996372,58991013
2012-08-22,26.65165901184082,26.91983924748865,26.424214291901407,26.62110669545464,39783313
2012-08-23,27.059017181396484,27.388302020314224,26.817996696234765,26.879098605113203,50580368
2012-08-24,26.329160690307617,26.892680861675576,26.193375644890516,26.885890250195057,56620589
2012-08-27,26.18318748474121,26.573576932526635,26.105111769919404,26.512472308113676,35111885
2012-08-28,25.677379608154297,26.437789395640834,25.331123691552957,26.437789395640834,48395094
2012-08-29,25.419387817382812,25.748672675743805,25.32433556521408,25.494070953109848,31291260
2012-08-30,24.8422908782959,25.37525600659215,24.747238629837508,25.3447036923319,58939593
2012-08-31,24.53676986694336,25.025601446570956,24.312720473869508,24.84907817658899,50214884
2012-09-03,24.305931091308594,24.893210252402522,24.11582930775087,24.723477585033585,38344846
2012-09-04,24.692922592163086,24.777788916644315,24.139588393497057,24.28555934149887,33158071
2012-09-05,23.755990982055664,24.557136309667484,23.66433404129665,24.482453178503018,59186775
2012-09-06,23.847646713256836,24.027565280046595,23.576071210356925,23.810303790359036,49384024
2012-09-07,25.18175506591797,25.256438187292304,24.455292964701737,24.455292964701737,74844397
2012-09-10,25.802989959716797,26.030434701485213,25.460126553154147,25.460126553154147,63948700
2012-09-11,25.592514038085938,25.74527560487709,25.409202876355753,25.677380367005824,25669811
2012-09-12,26.285030364990234,26.342739684013683,25.54159439175307,25.931981121524583,46093776
2012-09-13,26.315582275390625,26.509076625385713,25.952349839531816,26.342739281761194,39306192
2012-09-14,27.496929168701172,27.7006094207311,27.099751861717145,27.137092063274455,78768829
2012-09-17,27.833003997802734,28.186050520062274,27.432431354834623,27.836399303228863,67821239
2012-09-18,27.517301559448242,27.829612615882052,27.429039916439955,27.70061545727443,34561355
2012-09-20,26.688997268676758,27.283067023360022,26.614314136133167,27.225357700724423,39808146
2012-09-21,27.792268753051758,28.10457976843406,26.919835636940242,26.919835636940242,73918391
2012-09-24,27.612350463867188,28.169077264764915,27.462984206373818,27.802452232017163,45976493
2012-09-25,27.181222915649414,27.727766466514527,26.930016546193283,27.59876933582594,44299324
2012-09-26,26.899465560913086,27.496930563487524,26.756889920943735,27.02846269795293,48386487
2012-09-27,26.9062557220459,27.32040685052394,26.81799409526923,26.899465111485096,52899246
2012-09-28,27.21856689453125,27.809244057739576,27.0759912417957,27.22535750581354,55614781
2012-10-01,27.0861759185791,27.333989749199528,26.682210640974784,27.286463622887435,39552640
2012-10-03,27.415456771850586,27.551244519289096,26.98772713439162,27.123514881830133,44567657
2012-10-04,27.768508911132812,28.01971806177128,27.53088098456739,27.61914263052486,54499436
2012-10-05,27.873741149902344,28.111369049026496,23.01595044036189,28.012924214802208,61366255
2012-10-08,27.676855087280273,28.372765065606423,27.5512505101017,27.768509322193218,76627135
2012-10-09,27.9755802154541,28.236972525504406,27.707402731250486,27.92805681218962,37686133
2012-10-10,27.94503402709961,28.41010394729133,27.84319116032853,27.965400425718254,52550251
2012-10-11,28.53230094909668,28.644324248608427,27.849969801838878,28.135123725711907,62983312
2012-10-12,28.579837799072266,28.956646055812996,28.474602350485572,28.67149474317222,54970752
2012-10-15,28.440650939941406,28.68846201182417,28.24375857349344,28.51872936914958,32574416
2012-10-16,27.77529525756836,28.708833008789902,27.642902808964372,28.63754518545224,31392137
2012-10-17,27.64630126953125,28.169080512614507,27.442620974345058,28.169080512614507,33279679
2012-10-18,27.95521354675293,28.006132255016738,27.551245594009625,27.795664092617038,42712202
2012-10-19,27.66326904296875,28.029894037971133,27.510507495709906,27.836396984249546,32476508
2012-10-22,27.690431594848633,27.863559570814324,27.367934628423555,27.510513007235943,23557192
2012-10-23,27.456195831298828,27.829611505441562,27.405277118436256,27.42903882198288,17672606
2012-10-25,27.075990676879883,27.619138986618395,27.014886050291178,27.503720344581602,46090313
2012-10-29,27.296642303466797,27.449403856176037,27.096357350731523,27.2253544850088,19720297
2012-10-30,26.685598373413086,27.408667898766065,26.648258171373723,27.29664185581017,22332477
2012-10-31,26.627891540527344,26.862126845479523,26.383475755837843,26.75010079208167,40172024
2012-11-01,26.984333038330078,27.15067310435705,26.614312701227163,26.68220793719856,26009957
2012-11-02,27.317018508911133,27.42564927664345,27.05562886722796,27.18462603499658,27035257
2012-11-05,26.997913360595703,27.140491734689164,26.85194239921042,27.09636091570247,17941726
2012-11-06,27.0861759185791,27.137097350717646,26.73991996634683,26.756893777059677,25496332
2012-11-07,27.289859771728516,27.49014476380448,26.926627279143336,26.926627279143336,25479402
2012-11-08,27.425643920898438,27.4799579349482,26.926623722744527,27.123516101303604,23801603
2012-11-09,26.515869140625,27.75153476658713,26.173005794128333,27.442619039701412,60423749
2012-11-12,26.077951431274414,26.22731768334365,25.884457083077343,26.17979156342725,39749568
2012-11-15,25.487276077270508,26.13226718125914,25.39901445148899,26.13226718125914,35377237
2012-11-16,25.12744140625,25.792798897549726,25.062941481033487,25.460118792690416,32750162
2012-11-19,24.679346084594727,25.368465370786407,24.58429383622795,25.120654269684895,38111665
2012-11-20,24.479061126708984,25.005238420403597,24.38061628007819,24.984869302498794,33792979
2012-11-21,24.764209747314453,24.889814296376723,24.445110853534015,24.62502669543721,24687556
2012-11-22,24.84568214416504,25.0833100082544,24.62502536886592,24.984862470125538,31030201
2012-11-23,24.77100372314453,25.008631632317552,24.526585202432006,24.900000876620947,23422936
2012-11-26,25.246257781982422,25.405809975027417,24.79816167435532,24.79816167435532,30278787
2012-11-27,25.524621963500977,25.724906938189733,25.348098691429783,25.460122030082946,33361307
2012-11-29,25.58233070373535,25.918403430469578,25.507647573525613,25.59590920755356,41588544
2012-11-30,26.220531463623047,26.329159495025273,25.58233090545816,25.58233090545816,50588754
2012-12-03,26.52604866027832,26.712757823824838,26.27484229051914,26.342737520324732,36295843
2012-12-04,26.488712310791016,26.63807857598255,26.25447699600025,26.546421633466938,25370337
2012-12-05,27.035255432128906,27.15067407530487,26.65844447058589,26.790836923361713,41523846
2012-12-06,27.143884658813477,27.422250799032444,26.634683940501798,27.130308872639127,27348680
2012-12-07,26.76707649230957,27.425646200283687,26.62110552860463,27.32719864361247,37004318
2012-12-10,27.177831649780273,27.21856716261747,26.78744489452338,26.817997208756097,27241547
2012-12-11,26.892677307128906,27.354351837363765,26.661837323592508,27.33737802932531,32269620
2012-12-12,26.848543167114258,27.17782796771331,26.777255349702454,26.946990707823858,32891576
2012-12-13,26.386869430541992,26.99791021371039,26.288421886910303,26.926622394182644,32126233
2012-12-14,26.953779220581055,27.160854785575165,26.274843209297313,26.410630955237856,27656509
2012-12-17,27.092966079711914,27.320410790010943,26.841759665861666,27.055625871500084,32740632
2012-12-18,28.128339767456055,28.250549009213604,26.892677002544197,27.23214500421155,87529802
2012-12-19,28.793697357177734,28.848011367718296,28.247153791251765,28.372758338650495,92730116
2012-12-20,29.302900314331055,29.438688057219416,28.22339170007597,28.71901383543676,80793250
2012-12-21,29.241798400878906,29.635580445128603,28.851408943740804,29.078853638013662,61059885
2012-12-24,29.099225997924805,29.594848234434675,28.983804625941627,29.2010661462704,52382849
2012-12-26,29.18748664855957,29.452271568938254,29.038120377819894,29.126382017946124,25553535
2012-12-27,29.24519157409668,29.659342702915307,29.19427015010567,29.39795040923179,44194017
2012-12-28,29.0958251953125,29.438688503740917,28.94306364244366,29.31987456671381,29737199
2012-12-31,29.092432022094727,29.3130861043988,28.99398719104188,29.031327396469116,19279787
2013-01-01,29.75099754333496,29.873204059167243,29.285925023223324,29.323267941875045,32584167
2013-01-02,29.74760627746582,30.127809815183966,29.65594933933221,30.04294348806135,27256503
2013-01-03,30.02936363220215,30.185517775812723,29.79513105757678,29.87320677017256,34469672
2013-01-04,29.431896209716797,29.94109954454081,29.194268349254767,29.94109954454081,38258536
2013-01-07,29.93431282043457,30.4163592140849,29.207850642863693,29.526952274427277,71920525
2013-01-08,29.421714782714844,29.876601418977916,29.201060715929813,29.85962761100692,39637260
2013-01-09,28.671491622924805,29.57108171897233,28.583227275737634,29.46924158719516,78406263
2013-01-10,28.549287796020508,28.980412824035888,28.39652621015141,28.851412943337742,50388489
2013-01-11,28.332021713256836,28.841222338037767,28.216600367782238,28.549280465268776,35178640
2013-01-14,28.773332595825195,28.8208559985365,28.063844239582707,28.38633845270764,29264162
2013-01-15,28.841224670410156,29.04830024219821,28.593413589029144,28.756358345820054,31316985
2013-01-16,28.172475814819336,28.76654560771767,28.080818866471688,28.617179333022122,24885754
2013-01-17,28.42707633972168,28.549285599012357,27.758323437782437,27.928058822177192,44091817
2013-01-18,28.17586326599121,28.719011474474062,28.06723253692717,28.488174233433988,28410610
2013-01-21,28.114763259887695,28.45083598014975,27.93823999523133,28.175867885102456,26768709
2013-01-22,27.748138427734375,28.467809995122284,27.6429029855943,28.114763463255795,26833763
2013-01-23,27.67005729675293,28.084208413921584,27.333984606806585,27.86355435300541,32465750
2013-01-24,27.462984085083008,27.965396869553008,27.344170140711626,27.741347484302473,32936331
2013-01-25,27.615747451782227,27.71758759383768,27.059017898547978,27.47656438386884,35586098
2013-01-28,27.541061401367188,27.863555603454447,27.473166168242077,27.680241736119452,29409082
2013-01-29,27.089567184448242,27.931447953949494,26.960570048055526,27.55124443699254,40497844
2013-01-30,27.581804275512695,27.734565872417964,27.130312815710074,27.221967055433502,36537515
2013-01-31,27.49013900756836,27.63950525307603,27.255906442064624,27.496929618009123,31212612
2013-02-01,27.215177536010742,27.951823026569233,27.126915889385483,27.605564333736517,34165055
2013-02-04,26.821395874023438,27.4595965934397,26.76029123171104,27.361151735503,39897310
2013-02-05,26.801025390625,27.01488888772885,26.587159175101668,26.61431618567808,30638298
2013-02-06,26.984333038330078,27.347565482887326,26.913045215295412,26.913045215295412,36478527
2013-02-07,26.505685806274414,27.021677116987938,26.45136907149141,26.987729497550962,28088003
2013-02-08,26.305400848388672,26.74670907327046,26.139060757957996,26.53624087877112,31369109
2013-02-11,26.125484466552734,26.50569080810473,26.074565746207753,26.481926382646623,27315082
2013-02-12,26.13226890563965,26.308792168850857,25.948955031496112,26.145847409085192,26218662
2013-02-13,25.528017044067383,26.32237176138424,25.46691241682467,26.145848490869383,42026209
2013-02-14,25.860692977905273,25.969323722116155,25.00523368269939,25.12065231931273,74946104
2013-02-15,25.534799575805664,25.95574126691427,25.242857723312138,25.663799414420744,37741835
2013-02-18,26.156030654907227,26.274844599087412,25.42956848635573,25.531408621593158,39504747
2013-02-19,26.254474639892578,26.397052999372583,25.80637860294992,26.206951238484937,27707048
2013-02-20,25.74867057800293,26.4004496300042,25.670592142826756,26.33594969854312,43067893
2013-02-21,24.706501007080078,25.51782948169118,24.679344000816627,25.51782948169118,60877442
2013-02-22,24.74724006652832,24.97808008972033,24.489245751596556,24.726873668118646,51908048
2013-02-25,24.489240646362305,25.012019778992393,24.424740721865845,24.832101226170792,34057029
2013-02-26,23.725435256958008,24.45529265406097,23.66093533345711,24.441714152021646,47307858
2013-02-27,24.24482536315918,24.31950849457667,23.508179965827033,23.806912491497,49489248
2013-02-28,23.185686111450195,24.4756630447699,22.94805820932935,24.377218209304132,73683961
2013-03-01,23.158525466918945,23.599836352242725,23.08723764279115,23.206051589143865,33793473
2013-03-04,22.724008560180664,23.104212112001978,22.63235161864716,23.083842996632562,34189668
2013-03-05,23.365602493286133,23.460654743620935,22.64253557221841,22.75795557939224,49384938
2013-03-06,23.949487686157227,24.204089389241854,23.29431332555231,23.565888837965133,50724846
2013-03-07,23.80012321472168,23.959672684926012,23.392762633908976,23.959672684926012,31321635
2013-03-08,24.384010314941406,24.557138293638175,23.898568563943947,23.898568563943947,50346977
2013-03-11,24.397586822509766,24.635214719737437,24.071697290221486,24.346665393781315,38448337
2013-03-12,24.187114715576172,24.543556543473205,23.898565404146584,24.441716409562492,35755935
2013-03-13,23.905353546142578,24.23124302836778,23.810301314485727,24.10224590119245,25188104
2013-03-14,24.24482536315918,24.322903800190925,23.53194166828837,23.905357325375824,32243569
2013-03-15,24.064908981323242,24.631821770675046,23.98004264374251,24.295749007856543,29236159
2013-03-18,23.715251922607422,23.89856305828542,23.511571674779063,23.684699613591288,20968344
2013-03-19,23.0634765625,23.88159570530047,22.97521492674023,23.830674276168647,29563972
2013-03-20,22.727401733398438,23.246786973456214,22.58143078040486,23.063475815044836,32234479
2013-03-21,22.258934020996094,23.148340913815456,22.065436956306897,22.846213107316128,35735016
2013-03-22,21.851573944091797,22.26912041917972,21.739549246892363,22.2080157917601,40015507
2013-03-25,21.34576416015625,22.289486427934893,21.257503890771797,22.26911867346156,49847815
2013-03-26,20.812795639038086,21.311814375916526,20.70756157873575,21.193000455669722,47792651
2013-03-28,21.24052619934082,21.54944322192237,20.415619328699318,20.74150879838716,138880635
2013-04-01,21.366134643554688,21.48834253743857,21.06061287003058,21.366134643554688,34235893
2013-04-02,21.70560073852539,21.8244146754415,21.264291247461507,21.325395868551954,35774219
2013-04-03,21.512107849121094,22.085808531773583,21.43063545827265,21.64450031434859,40219761
2013-04-04,20.663436889648438,21.420452851260656,20.575175243722747,21.393294480753678,50169939
2013-04-05,20.992719650268555,21.226953606311,20.58535772585738,20.60572684148517,41835601
2013-04-08,20.7686710357666,21.216769849133165,20.687198647809925,21.08098208280214,34976759
2013-04-09,20.666828155517578,21.305028669918592,20.609118838187698,20.91803453853784,40568692
2013-04-10,20.72454071044922,20.96895788015542,20.368100193936183,20.867117732580265,59964944
2013-04-11,20.266258239746094,20.93840646100685,20.211942861273894,20.911248092165906,66694181
2013-04-12,20.334150314331055,20.59214596050858,20.03202385182329,20.16441630081401,52325834
2013-04-15,19.991289138793945,20.232311001862474,19.940369065165658,20.232311001862474,37592119
2013-04-16,20.256071090698242,20.41562189989891,19.858893759198086,19.99128620303147,63584287
2013-04-17,20.167808532714844,20.605724071703943,20.103309966455658,20.43598871340595,68517003
2013-04-18,20.354516983032227,20.5378308495797,19.947155100498115,20.177993727135693,57604113
2013-04-22,20.822982788085938,20.92482291549521,20.435988672879358,20.49030404179538,55733324
2013-04-23,20.985931396484375,21.19640094123711,20.78224974498431,20.850143628817662,52817114
2013-04-25,21.220163345336914,21.349161856534415,21.0470353741096,21.06400918434314,47737389
2013-04-26,20.710960388183594,21.49513326149728,20.653251066901657,21.27108250991234,37723866
2013-04-29,20.53443717956543,20.82298514603927,20.442780238992366,20.74151276304419,26517800
2013-04-30,20.554807662963867,20.870514038467412,20.21194427592832,20.700779997972838,43365635
2013-05-02,20.680408477783203,20.80940698599472,20.503885204911377,20.639672965217226,29722379
2013-05-03,21.12850570678711,21.345764476137788,20.439385116957382,20.605725178975725,56318386
2013-05-06,21.899099349975586,21.950019418087084,21.250714249708764,21.274477310616682,61835052
2013-05-07,22.045072555541992,22.160491207162703,21.725972251449214,22.011124933858458,52826865
2013-05-08,21.634313583374023,22.187646417789782,21.474762774435916,22.150304854779545,54284613
2013-05-09,21.4611873626709,21.85497080407904,21.37292572088059,21.705604530523225,32921952
2013-05-10,21.624128341674805,21.753125475836292,21.393289719395412,21.518892907505005,29697724
2013-05-13,20.748302459716797,21.81083876702163,20.70756694695099,21.651287943998135,42574021
2013-05-14,20.63288688659668,20.822988692896075,20.130472639874274,20.558203742862666,65199056
2013-05-15,20.931615829467773,21.03345733390743,20.70756778180378,20.70756778180378,39638120
2013-05-16,21.16924285888672,21.359345995830832,20.884090192285004,20.931614957113805,46417675
2013-05-17,21.172637939453125,21.28126733140227,20.9451945978807,21.230347261450806,33278451
2013-05-20,21.41026496887207,21.70560217811775,21.216767895391886,21.243924902473466,42932137
2013-05-21,20.951980590820312,21.488340968302616,20.822983454429796,21.38650083763442,31203733
2013-05-22,20.772064208984375,21.284661547087495,20.646461013746748,20.867115091973723,34817523
2013-05-23,20.337547302246094,21.080981989556335,20.05239326605418,20.707567672612246,89139009
2013-05-24,21.250715255737305,21.692024798944903,20.80940707173934,21.05721817222754,120873612
2013-05-27,21.532472610473633,21.63431410426876,21.101347652395926,21.257504518934482,38877942
2013-05-28,21.848180770874023,21.98396717535569,21.457791290063874,21.457791290063874,54824153
2013-05-29,21.355947494506836,21.922860155633874,21.21676580809204,21.841386423985366,37854794
2013-05-30,20.48012351989746,21.25411190278416,20.419020246940395,21.25411190278416,67307508
2013-05-31,19.80797576904297,20.6226996312591,19.695951068087044,20.6226996312591,71057705
2013-06-03,20.130470275878906,20.21873327473483,19.692557383423154,19.926789987221316,45763118
2013-06-04,20.28322982788086,20.531042270846477,20.171205136612254,20.17799438827615,40275253
2013-06-05,20.306989669799805,20.53104039103256,20.11688792219726,20.211938795998535,35038255
2013-06-06,20.048999786376953,20.164418438488887,19.909816711617637,20.164418438488887,36067396
2013-06-07,19.828346252441406,20.25947130531787,19.774030867754732,19.96073872835594,28921979
2013-06-10,19.72989845275879,20.089735638598945,19.594112040797555,19.858896971292186,27718499
2013-06-11,19.091697692871094,19.65181982640025,18.85746373801319,19.55337363206259,51578891
2013-06-12,18.58588981628418,19.09509188599878,18.521391240848175,19.020408752668814,55076836
2013-06-13,18.06989860534668,18.989857983224624,17.95787525544708,18.399183479929615,65208397
2013-06-14,18.613048553466797,18.76920408682012,18.266791222644112,18.290554287130227,42151438
2013-06-17,18.809938430786133,18.867647751619486,18.2837625729575,18.6741506741821,35967011
2013-06-18,19.356481552124023,19.573741685323817,18.58249326205632,18.721674961470907,59503872
2013-06-19,19.763845443725586,19.933579472661638,19.210512536578253,19.356483502437126,74733601
2013-06-20,18.504413604736328,19.407398910975218,18.38559967711493,19.404004965185404,76652725
2013-06-21,18.470470428466797,18.769201590587137,18.02916089839216,18.49423213058292,58373707
2013-06-24,18.103845596313477,18.697915384848155,18.0325577653732,18.34486881758627,57052723
2013-06-25,18.090267181396484,18.35505210816167,17.808508443671563,18.0936611280626,54589072
2013-06-26,17.964664459228516,18.297343279672404,17.828876686276406,18.2633956568295,44955319
2013-06-27,17.93410873413086,18.314312251406754,17.744006975492912,18.263392186029073,51764556
2013-06-28,18.58588981628418,18.60965287856365,18.127607817620078,18.127607817620078,64426912
2013-07-01,19.057748794555664,19.193536545965934,18.47386363822676,18.47386363822676,46058006
2013-07-02,19.142620086669922,19.437957346319372,19.010226256528288,19.125646274742312,43840131
2013-07-03,18.300737380981445,18.955910420047164,18.232843498974553,18.94912116776744,41510201
2013-07-04,17.978239059448242,18.562124181575165,17.883188182712622,18.53496717656769,48243583
2013-07-05,17.971450805664062,18.3211033809846,17.896767678538918,18.22944644518296,35367643
2013-07-08,17.64556121826172,17.849241484705992,17.51656271942669,17.849241484705992,40983550
2013-07-09,17.764375686645508,17.930714394610845,17.662534191195153,17.82887425837006,35587578
2013-07-10,17.39435577392578,17.859427009435933,17.329855841408534,17.85603170384677,51591917
2013-07-11,17.723636627197266,18.015579855460864,17.59124419459696,17.788135190954222,56890663
2013-07-12,17.832265853881836,17.923922779941375,17.550508543214935,17.75418878884583,38974306
2013-07-15,18.02834129333496,18.17189546581562,17.63969401578053,17.82176285911307,53080240
2013-07-16,17.618688583374023,17.933808529295593,17.555664313807693,17.7447357205966,33494219
2013-07-17,17.03046417236328,17.748236476644802,16.960437366741427,17.61868737691287,46462955
2013-07-18,17.13550567626953,17.198529948863047,16.781871037728298,17.040970669289404,39403806
2013-07-19,16.87640380859375,17.380595076833718,16.80637700990878,17.124997471920054,47065451
2013-07-22,16.372215270996094,16.87640662332769,16.326698054545744,16.872904651949934,49151242
2013-07-23,16.428234100341797,16.8028763100195,16.323194595324484,16.8028763100195,44985810
2013-07-24,16.07810401916504,16.522773102984644,16.008077204134604,16.365213820598797,42192226
2013-07-25,15.60542106628418,16.137622491145745,15.545898778303977,15.952053087555102,53266829
2013-07-26,15.328818321228027,15.857517812417866,15.17125766326886,15.650939373468018,37666033
2013-07-29,15.083724975585938,15.703460282781878,14.999691691376738,15.279798900314288,63042804
2013-07-30,14.663570404052734,15.216779660671769,14.530519295700604,15.083729954230018,43940295
2013-07-31,15.104732513427734,15.244784715223913,14.16987730222293,14.572529660490547,65774010
2013-08-01,14.716086387634277,15.377836983246002,14.506005965622764,15.213273775717148,48381344
2013-08-02,14.169878959655762,14.85964114601048,14.08934903934672,14.73009203809762,47563983
2013-08-05,14.558526992797852,14.663567913937278,13.879269285519594,14.169879650121386,48205252
2013-08-06,13.882766723632812,14.425472653113836,13.781229198839526,14.425472653113836,53800271
2013-08-07,14.562026977539062,14.628551810386512,13.676190922284789,13.830248208577313,59052719
2013-08-08,15.321815490722656,15.479376160112322,14.477996024308156,14.569030454662169,73023086
2013-08-12,16.564788818359375,16.767865308773082,15.451365185812222,15.461869698142795,128553374
2013-08-13,16.9044189453125,17.051475125665014,16.221660611372705,16.37921990337952,98751434
2013-08-14,17.513648986816406,18.416990771433106,17.240544287275938,18.416990771433106,209532373
2013-08-16,16.480758666992188,17.457630835116046,16.225162369994646,17.436623208358103,84934793
2013-08-19,17.286062240600586,17.433118407868015,15.661446065272742,16.106115136678227,140640240
2013-08-20,17.996829986572266,18.122878515826727,16.78537088760091,17.068978676513474,113546887
2013-08-21,17.37709617614746,18.409988484940392,17.10399287474427,18.206911994594197,123601544
2013-08-22,19.19428825378418,19.32033539982423,17.198530325883606,17.366594121877124,159502777
2013-08-23,19.76850128173828,19.887545855272226,18.914176040839536,19.316829773013353,153086628
2013-08-26,19.407867431640625,19.985587593586764,19.15927371485906,19.891052586657505,108611021
2013-08-27,19.0682373046875,19.58993568128023,18.984205417272364,19.257308700894058,74050442
2013-08-28,19.53741455078125,19.835027406001473,18.56404467265199,18.900172198637648,102297052
2013-08-29,19.491897583007812,19.922560104851257,19.3273343869916,19.77900593090344,86079769
2013-08-30,19.187284469604492,20.27970055452915,18.907178607929822,19.607443963071596,127985148
2013-09-02,20.26569175720215,20.37773380095362,19.222295055223682,19.26080972681168,89532947
2013-09-03,19.6984806060791,20.682353834557478,19.579434593641672,20.50378551685646,110472449
2013-09-04,20.30070686340332,20.43025597374902,19.568929418426002,19.779008450593036,65716880
2013-09-05,20.213176727294922,20.75238085357802,19.957579046700097,20.647339923493565,67939740
2013-09-06,20.458263397216797,20.650836752182126,19.852533172293093,20.32171176421681,63322336
2013-09-10,21.049989700317383,21.14802666771839,20.54229640946682,20.748874855812154,64587764
2013-09-11,22.107391357421875,22.324474327437184,20.90293471593775,21.148027849086624,95300974
2013-09-12,21.200546264648438,22.233438488727682,21.102509297973285,21.981342830744442,69624927
2013-09-13,20.888927459716797,21.41412637525535,20.75587779677352,21.1900408877852,76520957
2013-09-16,20.419754028320312,21.487659180538092,20.269197276213617,21.323097344781043,58291817
2013-09-17,20.18166160583496,20.479275915535172,19.950574942333493,20.314712692501995,77234229
2013-09-18,20.32171630859375,20.437260347411105,19.99959378860178,20.300708683875204,36175264
2013-09-19,21.750253677368164,21.953331542545076,20.867918218761044,21.01497436218055,77990985
2013-09-20,21.00797462463379,21.72924750603423,20.664843133143,21.708239884690915,86423494
2013-09-23,20.55280113220215,21.27407541720177,20.363729735849528,20.860918520265678,47097369
2013-09-24,20.486276626586914,20.811899670097134,20.31471087767818,20.41274784766459,41904896
2013-09-25,20.38473892211914,20.67184730892063,20.045109374939468,20.58781541498969,39325400
2013-09-26,21.00096893310547,21.113012374757712,20.31821078198969,20.36022602117687,68765739
2013-09-27,20.125640869140625,21.218055499460377,20.02760249046888,21.00097252084454,55808392
2013-09-30,19.015718460083008,19.91556107405108,18.637574247667892,19.91556107405108,108973241
2013-10-01,19.309825897216797,19.502399239096547,18.82664366002192,19.204786402340503,64389735
2013-10-03,20.017099380493164,20.269195064421424,19.35884930547324,19.35884930547324,68632796
2013-10-04,20.19916534423828,20.601817705882695,19.75799831134719,19.88404543421182,66615261
2013-10-07,21.03598403930664,21.134021004003536,20.055611588517767,20.1676536336128,75543929
2013-10-08,20.783889770507812,21.403625133721032,20.70335844999065,21.312589301250746,55973107
2013-10-09,21.235559463500977,21.354604046125242,20.447758988719542,20.447758988719542,58811719
2013-10-10,21.610200881958008,21.77826605351437,21.358106629398367,21.407124411097758,62395563
2013-10-11,21.56118392944336,21.9358261554341,21.288080643742635,21.827284674632015,51372801
2013-10-14,21.120014190673828,21.638210534345678,21.056989932143512,21.568183736190864,41135386
2013-10-15,21.743253707885742,21.935827084902417,21.06049546470399,21.218054735766685,82550567
2013-10-17,21.715240478515625,22.159908065682686,21.627706627900295,21.77826473880587,64457182
2013-10-18,23.031742095947266,23.10877144156558,21.764259864368587,21.904313474930976,137828613
2013-10-21,23.53592872619629,23.703992474660048,23.038741422074967,23.038741422074967,75401309
2013-10-22,23.8055362701416,24.047127418057322,23.42389010887809,23.59895642222035,61165286
2013-10-23,23.472909927368164,24.08214217223865,23.18580155826795,23.85805526635845,70423543
2013-10-24,23.259328842163086,23.872060252002417,23.08776449601928,23.31885113772502,52441144
2013-10-25,22.53805160522461,23.16478941619336,22.485531857064803,23.119272207660874,57798301
2013-10-28,21.869304656982422,22.926705258589728,21.8027784091005,22.75864145683265,72387685
2013-10-29,22.818161010742188,22.91619797694159,21.617205020502077,21.77826625136894,81784752
2013-10-30,22.870681762695312,23.101768406716978,22.489036990736917,22.968718733175724,51901730
2013-10-31,23.451904296875,23.68999350029046,22.699117803538012,22.800656753289402,65695132
2013-11-01,23.5394344329834,23.935084278224384,23.287338770275422,23.45890451660488,47639513
2013-11-05,23.73550796508789,24.148664855414573,23.224314107921145,23.76702009762755,46777743
2013-11-06,23.339860916137695,23.92808559130167,23.27683664352582,23.83004721083424,45522485
2013-11-07,24.215192794799805,24.502301175161605,23.266332388380796,23.266332388380796,102722542
2013-11-08,24.911954879760742,24.988984227117516,24.19768453397431,24.222192724752368,82459713
2013-11-11,25.265588760375977,25.598214331062906,24.66686105084754,24.91545613799711,79422609
2013-11-12,24.68086814880371,25.4546636346801,24.51630633556047,25.34962411976271,79432601
2013-11-13,25.05200958251953,25.48267355219833,24.53031118053628,24.53031118053628,85701532
2013-11-14,26.284475326538086,26.389517640011896,25.146544968772098,25.769780888088547,176187051
2013-11-18,27.086280822753906,27.16681214122,26.49455703918309,26.54007425330392,77526786
2013-11-19,26.837684631347656,27.418905281375967,26.624103650451225,27.17731413967671,100230794
2013-11-20,26.96023178100586,27.22983589326069,26.56808391349696,26.806173089380227,75917957
2013-11-21,26.79216957092285,26.953232214204835,26.4000216805478,26.81668056645887,66459142
2013-11-22,27.481931686401367,27.695512683939384,26.862197717936343,26.883203938265257,79927155
2013-11-25,27.867076873779297,27.94060424844616,27.544954409877825,27.597475565394134,49985607
2013-11-26,27.43290901184082,27.86707489437962,27.275351164123155,27.74452834403268,51448488
2013-11-27,27.642993927001953,27.72702441473492,27.159808809167117,27.450419152595433,43076678
2013-11-28,28.07365608215332,28.269732834813297,27.69551326626084,27.723523429835073,48652825
2013-11-29,28.052650451660156,28.38877802926401,27.912596827021844,28.15068602623281,37258543
2013-12-02,28.59185791015625,28.70389857458908,27.730529881316514,28.017638289656283,62151393
2013-12-03,28.696887969970703,28.82993761701157,28.36776161720287,28.500814068063242,60552021
2013-12-04,28.987506866455078,29.110053442033642,28.570847948723895,28.64087336170293,44197439
2013-12-05,29.50920295715332,29.572227225729,29.152066369831164,29.351642285714117,58430228
2013-12-06,29.600234985351562,29.691269409498357,29.271108587714757,29.48118759669661,43622821
2013-12-09,29.477689743041992,30.247980411573977,29.407661534380892,30.11142876926885,52664753
2013-12-10,29.642255783081055,29.754296446837095,29.239601937201645,29.4111677083536,50035957
2013-12-11,29.28861427307129,29.750790314331276,29.131053621773624,29.547712453083143,70370464
2013-12-12,28.903470993041992,29.218592332935152,28.81593853365838,29.054027720404243,61483150
2013-12-13,29.071535110473633,29.176574623717165,28.64787508616668,28.703895412211203,64458694
2013-12-16,28.63387107849121,29.425170830736135,28.51832564691602,29.07153620072273,48785076
2013-12-17,28.6198673248291,28.931483919376724,28.430794502832303,28.665384544514957,36867218
2013-12-18,29.054025650024414,29.16256712560631,28.560340259071793,28.626863689782066,31658265
2013-12-19,28.766918182373047,29.355142790478734,28.654877536120516,29.27110950196936,36798847
2013-12-20,29.26760482788086,29.330629087487445,28.735403395871575,28.766915525674868,28381116
2013-12-23,29.631746292114258,29.887345334058697,29.21509021736662,29.271110542484266,28389492
2013-12-24,29.29911994934082,29.785807025572716,29.17657338844171,29.691270626509972,24235438
2013-12-26,29.785812377929688,29.90135501722212,29.1520704362667,29.278118991000632,42023501
2013-12-27,29.764795303344727,29.97837627275545,29.62123973217533,29.785804324727,25983633
2013-12-30,29.79981231689453,30.01339330717984,29.544213279737995,29.76129624123258,22294503
2013-12-31,29.705278396606445,29.887347268845282,29.589732963796255,29.862839075974765,12709535
2014-01-01,29.824321746826172,29.887346015931445,29.666761074062983,29.761297477720895,12526105
2014-01-02,29.355144500732422,30.496576875760663,29.201085799339637,29.831322882688152,41987111
2014-01-03,28.885961532592773,29.36914661221271,28.640868423692478,29.16606874385593,33417104
2014-01-06,28.59185791015625,29.11005439461937,28.332759667924687,28.77742876539866,28387844
2014-01-07,27.63949203491211,28.84394865594263,27.488935307760805,28.703895038833018,40939015
2014-01-08,27.478429794311523,27.818059330082857,27.28235584902893,27.6359904663333,47662793
2014-01-09,27.36638832092285,27.961614081587534,27.142304219297806,27.61498341736035,41860749
2014-01-10,26.92522430419922,27.534455214940404,26.85519608688806,27.506445049544084,34276187
2014-01-13,27.02676010131836,27.254346185173944,26.73264777609723,26.97774091314481,28845421
2014-01-14,26.214454650878906,27.240344545471682,26.140927261237756,26.960237266645784,38266377
2014-01-15,26.259965896606445,26.61009851353801,26.091902128326502,26.329994102284697,34720329
2014-01-16,26.687131881713867,26.92522389157457,26.319492157925396,26.36500937695196,38249237
2014-01-17,26.445533752441406,27.009247286638022,26.270468865505848,26.680123729060202,36068382
2014-01-20,26.22845458984375,26.55758099848058,25.916838036997156,26.43503443850878,34481533
2014-01-21,26.862194061279297,27.030257820133244,26.329992625545078,26.329992625545078,42955270
2014-01-22,27.53795623779297,27.59047459514654,26.911218294317266,26.911218294317266,48629766
2014-01-23,27.25784683227539,27.52044700975674,27.10729010748716,27.50994109605986,26209110
2014-01-24,26.329994201660156,27.030259438166244,26.221452725505124,26.96723517434591,31292530
2014-01-27,24.757898330688477,25.885328476768077,24.64935684074174,25.867821423057922,46321352
2014-01-28,25.67524528503418,25.832805956314445,24.68436964926963,24.789409162183105,50911634
2014-01-29,25.069517135620117,25.864318850373323,24.946970566317724,25.804796551434467,47641329
2014-01-30,24.267711639404297,24.78940719116968,23.893068029441498,24.71938178940181,58965717
2014-01-31,24.932966232299805,25.062516748337416,24.337740421237363,24.397262721961578,54543855
2014-02-03,24.0261173248291,24.852431072068345,23.95258995314982,24.852431072068345,37355958
2014-02-04,24.015615463256836,24.288718745864266,23.532430360026773,23.672483972501865,76322424
2014-02-05,25.167551040649414,25.272590537984453,24.09264227168203,24.148662589242132,49936223
2014-02-06,25.297100067138672,25.713758911586094,24.946967456185664,25.342617278524365,67917037
2014-02-07,26.92171859741211,27.100285479904286,25.3916375895855,25.3916375895855,123025214
2014-02-10,26.78516387939453,27.534448230883207,26.648612254858254,27.09328122824141,65533430
2014-02-11,27.292858123779297,27.52044417311963,26.98123879262575,27.100283371693035,44855890
2014-02-12,26.214454650878906,27.09328976618938,26.102413982404975,26.9987533492991,98448864
2014-02-13,25.73126983642578,26.526071571744858,25.57370915643998,26.329997616551562,61432349
2014-02-14,25.96585464477539,26.07789809607188,25.171052983594077,25.832804973987066,63369957
2014-02-17,26.193445205688477,26.28797880713071,25.664742852029857,26.011373534171867,36015860
2014-02-18,26.585594177246094,26.743154859039624,26.05689180225905,26.186442319249352,37853335
2014-02-19,26.179433822631836,26.603096604007057,25.99036384118569,26.59959463306069,33242397
2014-02-20,25.682249069213867,25.89583006504479,25.489674293543956,25.850312849602464,44916431
2014-02-21,26.217954635620117,26.312491045345322,25.682251117664283,25.682251117664283,33401958
2014-02-24,25.853811264038086,26.175933699118247,25.650733406226312,26.175933699118247,34362035
2014-02-25,25.248085021972656,26.05339268256195,25.181561581397407,25.881826918050468,46040540
2014-02-26,24.460283279418945,25.409143583013307,24.39725901673653,25.28309505764848,105937722
2014-02-28,24.07513999938965,24.83142845564086,23.8580570200329,24.57933136895037,103850944
2014-03-03,24.18017578125,24.474288069002586,23.85805333348665,24.089141359305128,59775805
2014-03-04,24.63184928894043,24.684367639210517,24.18367830702694,24.26420962177028,59885027
2014-03-05,24.92595863342285,25.19556273672492,24.631849144467672,24.84543012297172,69713861
2014-03-06,25.503681182861328,25.587711667864305,24.929461653394377,25.069515265552656,59836945
2014-03-07,25.986860275268555,26.14792289071783,25.528186224040724,25.78378242250107,66310559
2014-03-10,25.50017738342285,25.965852596355337,25.381132802960394,25.78728572566165,52041663
2014-03-11,24.071640014648438,25.51769080333082,23.973604431370955,25.500183748219,96014665
2014-03-12,23.78102684020996,24.414768702601744,23.62346897032108,23.879065215811174,91702529
2014-03-13,23.58845329284668,24.362245920521953,23.406384439276028,23.949089028845478,58457203
2014-03-14,23.928085327148438,24.005114681288113,23.24882622211492,23.388879848170717,64654729
2014-03-18,23.858055114746094,24.369250386477983,23.746014466338032,24.229196772147876,43599005
2014-03-19,24.971471786499023,25.164046515246564,23.823038570185275,24.04712262149684,100490173
2014-03-20,24.505802154541016,25.199066287290865,24.34473951590315,25.01349545764378,53214632
2014-03-21,25.40914535522461,25.55970208043576,24.59333465827064,24.59333465827064,85578843
2014-03-24,25.42664909362793,25.699752346158313,24.939962072825658,25.5456936697843,58579199
2014-03-25,25.706756591796875,26.02537989542282,25.31811068690944,25.363627901167426,55408197
2014-03-26,26.245962142944336,26.32999543324206,25.930843612922942,26.007872960770843,58642344
2014-03-27,26.28797721862793,26.571586417277537,26.137420495116665,26.25996705664723,60261228
2014-03-28,26.71513557434082,26.872696218883377,26.329991693622905,26.526065604709395,39446682
2014-03-31,27.58696746826172,27.755031227262325,26.820178845924982,26.935721453566764,73888761
2014-04-01,28.09115982055664,28.245218505856013,27.065272980650178,27.730524100408484,87861268
2014-04-02,28.25221824645996,28.36075970422609,27.944100921681198,28.182192856200892,56289574
2014-04-03,27.8460693359375,28.850952856045172,27.572966041855032,28.248723138244273,73980769
2014-04-04,28.15068244934082,28.33975523915154,27.688509191725522,28.003627704256843,48148436
2014-04-07,28.47631072998047,28.535833030278074,27.88458689468878,28.18920233918606,38762611
2014-04-09,29.32362937927246,29.39365478012723,28.570843001939423,28.710896607468808,52431036
2014-04-10,29.257102966308594,29.747289180747664,28.794926912039784,29.33413230868673,61890786
2014-04-11,29.400659561157227,29.656255786346133,28.780922829672157,29.096044152061154,55071346
2014-04-15,28.651376724243164,29.72628283968538,28.54983637969338,29.379652169631516,48916277
2014-04-16,28.96999740600586,29.18357840262729,28.343259497574113,28.745913299265048,42785464
2014-04-17,29.334129333496094,29.404154726819474,28.801927932779734,28.85444627681738,34439863
2014-04-21,29.65625762939453,29.79631124762468,29.239598746019375,29.376150392934242,39727736
2014-04-22,29.470687866210938,29.684268870720885,29.278115886535822,29.684268870720885,34292509
2014-04-23,29.86983871459961,30.06241068784876,29.42516966702563,29.48118999295554,53364484
2014-04-24,29.86983871459961,29.86983871459961,29.86983871459961,29.86983871459961,0
2014-04-25,29.894346237182617,30.314507083713796,29.575725733902,29.86983804609182,50287107
2014-04-28,29.81732177734375,30.244483792414492,29.69827437335367,29.761298644930697,35267206
2014-04-29,28.395774841308594,29.848826419300128,28.29073533979135,29.761293968672394,72007916
2014-04-30,28.05615234375,28.53583271229017,27.537955896728665,28.500821409094836,74568907
2014-05-02,27.313867568969727,28.47280697402819,27.17731592322961,28.22071270643878,61469032
2014-05-05,27.839067459106445,28.276732551535563,27.22983661863934,27.338378099895206,55043574
2014-05-06,28.133180618286133,28.325752591848204,27.91609764922481,27.96861600391441,38688089
2014-05-07,28.003631591796875,28.252226708357945,27.741031392989292,28.091164056792646,27633817
2014-05-08,28.15068244934082,28.44829671435919,27.898588200079736,28.094662128131663,34659567
2014-05-09,29.180076599121094,29.463685808356313,27.94760979922888,28.010634067947816,68012352
2014-05-12,29.414663314819336,29.894343611319655,29.138058079342304,29.197580370037386,55078641
2014-05-13,29.908349990844727,30.916732613177597,29.49869507623824,29.701772949905532,93712938
2014-05-14,31.676523208618164,31.841085009243464,30.104426969147625,30.107926136447773,113984909
2014-05-15,32.254241943359375,32.77243833998033,31.56447980363311,31.995143745048892,149795855
2014-05-16,30.874725341796875,34.022420579022786,29.915361655631678,33.12257920150464,204874412
2014-05-19,31.564477920532227,32.22973183033514,30.50357700034739,31.161824164498366,115128667
2014-05-20,32.71291732788086,33.21710866357683,31.757055813961863,31.757055813961863,95506487
2014-05-21,32.39080047607422,32.93700715029573,32.01615958146964,32.768943342549065,57589188
2014-05-22,32.97551727294922,33.45869958145364,32.55885839885306,32.56236037009035,61048654
2014-05-23,33.48671340942383,33.82283816899381,32.86697663727452,33.05254747178657,59767964
2014-05-26,32.747928619384766,34.66315345394195,31.694028823588162,33.75981317510471,81445749
2014-05-27,33.444698333740234,33.53923474506248,32.320772920430045,32.65690051369557,49862520
2014-05-28,32.8599739074707,33.857853524310265,32.70241603394252,33.626765465472666,40047457
2014-05-29,32.628883361816406,33.227611086287986,32.45031647697787,32.982517964123716,44862544
2014-05-30,33.269630432128906,33.402680108156055,32.42230758121469,32.70241481857511,54549702
2014-06-02,34.51610565185547,34.705178475946674,33.01403458176302,33.31865004025193,58327314
2014-06-03,36.89000701904297,36.99854851148844,34.73318786030065,34.83822738115943,131324234
2014-06-04,37.63228988647461,38.05245079916642,36.7709646417602,36.92152139089978,112743737
2014-06-05,39.001304626464844,39.26740396873075,37.67780064225069,37.800347203610514,95953893
2014-06-06,39.260406494140625,39.82762213976506,38.67568379471379,39.53000783276484,79419093
2014-06-09,40.28279113769531,40.60841277968011,39.214886174583754,39.565018811481636,61911778
2014-06-10,39.12384796142578,40.265280191249346,38.68618010476495,40.265280191249346,58680046
2014-06-11,38.476104736328125,39.6210390451566,38.17148931488844,39.20788214203128,54271493
2014-06-12,38.4901123046875,39.07133302284892,38.066452264286774,38.44459508709221,39031930
2014-06-13,36.80247116088867,38.74220715599015,36.690427707181485,38.41308073739658,45478800
2014-06-16,36.73594284057617,37.06506643670047,35.853608753610686,36.742943978887375,73210588
2014-06-17,37.27515411376953,37.40820380080811,35.923639806044854,36.763958783852324,69984975
2014-06-18,36.546875,37.803852869589115,36.27377168864676,37.54125266903553,58938963
2014-06-19,36.375308990478516,36.861996112814246,36.06369240575451,36.76395773327979,42843854
2014-06-20,36.40681838989258,37.429208943660946,36.25976363546483,36.34379412261781,57392712
2014-06-23,36.897003173828125,37.016047761131155,36.448834985884965,36.476845147153924,35729317
2014-06-24,37.27515411376953,37.5272484052016,36.935524551030184,36.93902652264654,31716813
2014-06-25,37.18061447143555,37.67430270418157,37.12109217441228,37.331171199649695,24138863
2014-06-26,36.819976806640625,37.56926129838136,36.67992598896774,37.254142752887105,34468832
2014-06-27,36.3367919921875,37.184114802197655,36.20374232258325,37.02305216715359,33641962
2014-06-30,37.002044677734375,37.156100561355466,36.396313037262395,36.511858454753074,39570127
2014-07-01,37.859867095947266,38.185491516448764,37.114084665345615,37.114084665345615,55762230
2014-07-02,38.05944061279297,38.5076115588618,37.98941521676018,38.304533704637215,34141628
2014-07-03,37.747825622558594,38.47960295693492,37.6217771007813,38.318540333815086,35661995
2014-07-04,37.576255798339844,38.1644774962076,37.19811307800918,38.1644774962076,38182461
2014-07-07,37.53774642944336,38.01742955745156,37.36618348933457,37.61127660814138,26703287
2014-07-08,35.96215057373047,37.793345000135055,35.71355548681775,37.67430041332725,38018722
2014-07-09,36.298274993896484,36.8864995882324,35.79408648992271,36.13371319570033,54450577
2014-07-10,36.51185989379883,37.663795320150335,35.717058235647244,36.41382152381062,71702868
2014-07-11,35.14633560180664,36.711430501590876,34.960764802144475,36.41381626723354,63967971
2014-07-14,36.682518005371094,36.96831962049813,35.17134718638295,35.49644502165958,80394819
2014-07-15,37.664955139160156,37.86858827469848,36.75396720507358,37.06834552619527,46695537
2014-07-16,38.7760124206543,39.01179834672407,37.54706993453731,37.97576953770415,46273396
2014-07-17,39.92634963989258,40.01209125563281,38.60094921539041,38.79743886851797,73750937
2014-07-18,40.2264518737793,40.61942842540556,39.24043876083161,39.72630041913134,76572419
2014-07-21,40.205013275146484,40.86235531000055,40.02281623730169,40.297898376105,46076321
2014-07-22,40.169288635253906,40.673010342547684,39.68342702597823,40.51224943464617,42242187
2014-07-23,39.6226921081543,40.4372246689961,39.33689050695587,40.405071917340784,44291652
2014-07-24,40.59084701538086,40.82663007498008,39.52266547564033,39.79774761905273,67054521
2014-07-25,39.84061813354492,41.03740778258945,39.44049528865798,40.72659973301914,61935762
2014-07-28,39.1904182434082,40.32647837010487,38.88675653217399,40.019240634196464,52961592
2014-07-30,39.01893997192383,39.43692578434088,38.39732386019167,39.369047110689245,65024044
2014-07-31,39.540531158447266,40.17286395975627,38.80102059071421,39.04752602050533,59632187
2014-08-01,39.208282470703125,40.433654568497815,38.904620749641936,39.15469645443107,68700454
2014-08-04,39.429771423339844,39.79773858574573,38.858171142284476,39.39404551176785,58007635
2014-08-05,40.169288635253906,40.44079759929457,38.94034338674845,39.590541928676984,57714742
2014-08-06,39.333316802978516,40.640857250968374,39.22256875555584,40.16213914641367,47052436
2014-08-07,39.71200942993164,40.18358127771829,39.36904860623589,39.37976523797013,67721883
2014-08-08,38.418766021728516,39.45479494465559,38.25442905784503,39.45479494465559,59210140
2014-08-11,38.207977294921875,39.00107660637325,37.81143050001584,38.897472022549785,50650702
2014-08-12,38.72956848144531,39.08324592747538,38.09008940299138,38.36874470723568,61196943
2014-08-13,38.190120697021484,38.7259951798891,37.77570804539595,38.71885171255482,54648417
2014-08-14,38.704551696777344,39.00464306661434,37.51848173183942,38.12580793748941,89783279
2014-08-18,39.043949127197266,39.21900269598704,38.40447005820599,38.443766280152325,49019789
2014-08-19,38.87604522705078,39.58340016942601,38.74028786854189,39.2297226982384,46702937
2014-08-20,38.97964096069336,39.43692296246947,38.69741251577417,38.854603114484085,46731843
2014-08-21,38.34016036987305,38.7188470568325,38.10437448143525,38.58308972478616,45989099
2014-08-22,38.42232894897461,38.75099992834913,38.186543059804656,38.49377791804751,30610326
2014-08-25,36.58249282836914,38.58309573695541,36.42172904737899,38.41876165258104,59643743
2014-08-26,37.50777053833008,37.7578462583742,36.58963613037895,36.68609439853654,71715873
2014-08-27,37.382728576660156,38.004344644378435,37.12908258107812,37.72568936304401,32439163
2014-08-28,36.66465759277344,37.65424382281315,36.60392524598522,37.3505792280521,44715179
2014-09-01,37.4470329284668,37.6185133163777,36.58605782522628,36.9290186010481,56107572
2014-09-02,37.09693145751953,37.647095716754656,37.000473195709795,37.44703572604917,38674664
2014-09-03,37.582786560058594,37.91860097543063,37.20767306965107,37.23267949135051,56738040
2014-09-04,36.37171173095703,37.757844768239345,36.060903675262125,37.48633579542213,58646437
2014-09-05,36.682518005371094,36.868288196957735,36.16093334770697,36.40743588186466,46089630
2014-09-08,36.971893310546875,37.15051717692859,36.48245853831977,36.803983214298725,39708412
2014-09-09,37.0576286315918,37.189812797935915,36.4503023929302,36.6539355270147,33348145
2014-09-10,37.09693145751953,37.36486725923127,36.689665148202735,36.7968400410514,40263109
2014-09-11,36.98260498046875,37.49704610951726,36.796834811158405,37.225534321622455,44686787
2014-09-12,36.86471939086914,37.25055247514596,36.76469081632411,36.98261378689376,46184714
2014-09-15,36.27525329589844,36.72538899993069,36.057330341532825,36.65394002342553,40920384
2014-09-16,35.02130889892578,36.3538532210584,34.76408682917435,36.27883107098765,57159426
2014-09-17,35.61076354980469,35.79653372735808,34.699772758416685,35.22493340110298,55046345
2014-09-18,36.11449432373047,36.403866270147134,35.44643276862254,35.44643276862254,51120706
2014-09-19,36.51103210449219,36.64678942466324,36.09304923643233,36.3824211109909,52173736
2014-09-22,35.789390563964844,36.17522360759407,35.60719353390868,36.08233851060625,35283244
2014-09-23,34.69620132446289,35.853691732831365,34.556870835020774,35.72508359467005,41833522
2014-09-24,33.738773345947266,34.75693914724148,33.48512447143153,34.581885577752324,73281006
2014-09-25,32.895660400390625,34.099596376385335,32.27047113779426,33.79593179420146,64537320
2014-09-26,33.88524627685547,34.08173310293611,32.75633245062248,32.86708050704532,42046866
2014-09-29,33.32435989379883,34.31751924442715,33.19932490240134,33.8923899747243,32770829
2014-09-30,32.799198150634766,33.79235452210399,32.58842155329079,33.33864857720162,47778387
2014-10-01,32.06683349609375,32.68130604162983,31.831047619114305,32.54554871618081,50070468
2014-10-07,31.44879722595215,32.36693164241613,31.302323240263643,31.920369078548287,81132840
2014-10-08,32.59199905395508,32.709893451051485,31.123700292893506,31.25945478999168,70388486
2014-10-09,33.406524658203125,33.542279126449024,32.663443955190395,32.87422055428746,52206851
2014-10-10,32.01325225830078,32.8670811107195,31.877494912619415,32.86350794671317,51809994
2014-10-13,32.70631790161133,32.852791881013076,31.448795876148687,31.70958821916164,39178948
2014-10-14,32.5848503112793,33.00997955539586,31.49880592784254,32.7313214168318,61125412
2014-10-15,32.5848503112793,32.5848503112793,32.5848503112793,32.5848503112793,0
2014-10-16,31.373775482177734,33.41010739334724,31.152282189738177,32.92424569417661,86765068
2014-10-17,31.977521896362305,32.43123069834307,31.19156896517843,31.69529347383807,70420803
2014-10-20,32.16329574584961,32.67773694302857,31.891783921996915,32.513400010985684,45769573
2014-10-21,32.55984115600586,33.024269481589386,32.31333862938655,32.438376474578334,55778373
2014-10-22,32.663448333740234,33.07071465389168,32.45981517366451,32.9385304706759,42216619
2014-10-27,32.18830490112305,32.9956941133091,32.08470316444635,32.90280900847619,39244685
2014-10-28,32.238319396972656,32.41337296816582,31.909648378282206,32.15972409118103,42040809
2014-10-29,33.70304870605469,33.78879034243739,32.42052021106097,32.445526638728424,72083918
2014-10-30,33.903106689453125,34.113886173252034,33.4672607875996,33.72448282059897,48444699
2014-10-31,35.010581970214844,35.26065765788851,33.9102506609425,34.153180021165085,61385158
2014-11-03,34.949851989746094,35.360691464609936,34.68548649014166,35.15348514519463,39405748
2014-11-05,34.16032791137695,35.18206396952779,34.08173260991767,35.08203540637401,36021643
2014-11-07,33.68161392211914,34.78194532375598,33.62445188017108,34.22463472529653,40654886
2014-11-10,33.64231872558594,34.010288863858435,33.04570897557009,33.913830588947576,46832438
2014-11-11,34.3175163269043,34.40325508985685,33.692327118968514,33.81021863323317,47991982
2014-11-12,33.46369552612305,34.48900492698126,33.2707789723085,34.29608837316671,66635402
2014-11-13,33.67089080810547,33.974555362028845,33.02069517984354,33.23147464401522,62175030
2014-11-14,34.163902282714844,34.481853802858495,33.36723260911827,33.36723260911827,72311588
2014-11-17,34.30323791503906,34.50687112064221,33.94598722922697,34.02100938690802,24966679
2014-11-18,34.75336837768555,34.95342838767728,34.06387354437649,34.296086311404395,41841930
2014-11-19,33.65303039550781,35.207073475771885,33.53156570908132,34.73192850016031,46973096
2014-11-20,33.338653564453125,33.781642945825595,33.013552850136506,33.72091059985082,40637137
2014-11-21,33.07428741455078,33.76020902732006,32.8742245601432,33.367232507333526,41875832
2014-11-24,34.05314636230469,34.28178589420044,33.617300556017,33.795924385705156,45579405
2014-11-25,33.18503189086914,34.01028399531438,32.75990548654256,33.94240532398569,45827533
2014-11-26,33.31364822387695,33.50299161238294,32.89923838435421,33.224336276369684,37148167
2014-11-27,32.88137435913086,33.51013685748189,32.80277904683698,33.22433520171867,43853871
2014-11-28,33.82093811035156,33.95669258204723,32.974252807239424,32.974252807239424,50664672
2014-12-01,32.94925308227539,33.93883652477849,32.80635225420652,33.93883652477849,32277324
2014-12-02,33.238616943359375,33.399380693369125,32.88136639064173,32.93852556361432,32508039
2014-12-03,33.13501739501953,33.556573475321635,33.00997955034671,33.39580971479381,29462223
2014-12-04,32.999263763427734,33.39938662778832,32.631296515601996,33.16360070615261,34863212
2014-12-05,32.94925308227539,33.48870077589468,32.831358683270004,33.11716033940773,32198173
2014-12-08,32.28475570678711,33.29577499438408,32.184724296636304,33.15287706676774,32074655
2014-12-09,31.173707962036133,32.25260601306634,31.084396033610815,32.25260601306634,42687106
2014-12-10,30.90220069885254,31.652427804519945,30.55209357187983,30.89505437099523,49691507
2014-12-11,29.919761657714844,31.080825404382594,29.791150639370148,30.795026637952006,55331754
2014-12-12,28.772981643676758,30.216276553781213,28.583638301254766,30.009070254041358,68469047
2014-12-15,28.647945404052734,29.176676382599762,28.294267984018905,28.508617762171546,50356108
2014-12-16,27.840559005737305,28.78012943850336,27.65121565366022,28.365716817891702,60581620
2014-12-17,28.112070083618164,28.930172951123946,27.6547880917494,28.15136630203442,84141835
2014-12-18,28.69438934326172,29.00162709172511,28.544345063440424,28.65509312171609,46289812
2014-12-19,28.9694766998291,29.37316988348755,28.79442311854869,28.980193331884607,48600408
2014-12-22,28.869441986083984,29.265991656945516,28.48718210994704,29.040922383598748,34157414
2014-12-23,28.208528518676758,29.051640762249512,28.058484234631752,28.944465864957376,39717964
2014-12-24,28.240678787231445,28.558633147829475,27.94416340935196,27.95488003989155,77162079
2014-12-26,28.455034255981445,28.558635990361754,27.872714351162532,28.29784364192996,31705928
2014-12-29,28.873014450073242,29.333866755614217,28.508617541380136,28.522907335758326,42796779
2014-12-30,28.315704345703125,29.001625930250007,28.24067934797727,28.894448179447284,30428912
2014-12-31,28.537200927734375,28.705111040457282,28.262118773322925,28.36572051155657,23647573
2015-01-01,28.898025512695312,29.008773582514337,28.372867617763294,28.372867617763294,26570816
2015-01-02,29.348155975341797,29.508919734973233,29.00876835907066,29.00876835907066,36043328
2015-01-05,29.773283004760742,30.112670595814155,29.50891754235437,29.50891754235437,54638866
2015-01-06,28.32999610900879,29.58037181958065,28.17637866066407,29.58037181958065,64767961
2015-01-07,27.786972045898438,28.42288081505653,27.40828817646822,28.42288081505653,49846923
2015-01-08,28.219249725341797,28.34428758991552,27.908441646066557,28.15137104657774,33271702
2015-01-09,28.555065155029297,28.930178760860024,28.229967268806703,28.722972414380713,53120660
2015-01-12,28.347856521606445,28.54434333910474,28.07991787169445,28.54434333910474,28244762
2015-01-13,27.972747802734375,28.49790570167298,27.879859832430903,28.3657215054282,31517083
2015-01-14,26.92599868774414,27.96917087736762,26.829540426831258,27.96917087736762,74832453
2015-01-15,27.49045753479004,27.772683148757906,26.5866100661426,27.065328240522508,73591596
2015-01-16,27.394001007080078,27.54404530361319,26.886703208745914,27.293969568844556,47636637
2015-01-19,27.49045753479004,27.644074985964192,27.190366099964724,27.47973804227557,29282226
2015-01-20,28.72296714782715,28.837288362995565,27.551183990014803,27.551183990014803,63164170
2015-01-21,28.37286376953125,29.00876964803392,28.115641742691658,28.937320674367236,40910854
2015-01-22,28.82300567626953,28.915890792492593,28.294274574565886,28.437175413559917,47523195
2015-01-23,28.801563262939453,29.43747200071125,28.508618180390734,29.294571192906574,47511356
2015-01-27,28.465747833251953,28.865867792912518,28.258541525904313,28.78012902762225,41693694
2015-01-28,27.947731018066406,28.3657138986516,27.78696727137233,28.3657138986516,41936541
2015-01-29,27.894147872924805,28.037045817076923,27.41542974714625,27.887001545307346,54190694
2015-01-30,27.897722244262695,28.22282298187267,27.615496617790278,28.044196234403675,37794421
2015-02-02,27.426149368286133,28.20852928672288,27.308257836300875,27.858424994145437,33367248
2015-02-03,27.229665756225586,27.683374699423982,27.01531593039306,27.651221939467067,36144668
2015-02-04,27.808406829833984,28.10849824049739,27.365417472016354,27.429720117825877,46397942
2015-02-05,27.09747886657715,28.065628910115322,27.011737237300597,27.987033608620052,32560341
2015-02-06,26.340105056762695,27.2010801967569,26.222213536649917,27.151064485477043,47436351
2015-02-09,24.825363159179688,25.829239189059457,24.736051220686885,25.507714493993394,79096076
2015-02-10,25.561296463012695,25.722060215485453,24.650308540912583,24.650308540912583,55432170
2015-02-11,26.079315185546875,26.34368070054762,25.221913128676896,25.722064566919382,41529388
2015-02-12,26.100749969482422,26.25079424892228,25.43626162151768,26.165052617228184,35851376
2015-02-13,26.190061569213867,26.56517512383332,26.09717647154542,26.343679010679388,39218246
2015-02-16,26.42227554321289,26.75451972840813,26.318673809705103,26.347253400961048,31397658
2015-02-18,26.257936477661133,26.57589084150186,26.05787649423696,26.57589084150186,33930341
2015-02-19,26.811676025390625,27.13677384737419,26.293661691961596,26.293661691961596,81372182
2015-02-20,26.772377014160156,27.283247882254063,26.650912333675592,27.008165769295534,36131716
2015-02-23,26.247220993041992,26.929569436935147,26.079313755052862,26.900989846743784,32382306
2015-02-24,25.657758712768555,26.436565451501746,25.52200422331432,26.300810962047507,34512444
2015-02-25,25.071866989135742,26.06502643803715,25.014707803318725,25.922125612674495,41274249
2015-02-26,24.664602279663086,25.3576673863031,24.59672360424588,25.171897180761242,84644220
2015-02-27,25.05400276184082,25.34337466839411,24.707468818067152,24.825360334598585,52634461
2015-03-02,25.189754486083984,25.6648993857045,24.936105662063717,25.536288392024442,45976126
2015-03-03,25.23262596130371,25.568443265960582,24.971833649743285,25.221909331212604,53751517
2015-03-04,24.875375747680664,25.518427917798114,24.693178729461568,25.436259457087314,49051635
2015-03-05,24.525272369384766,24.950398760209772,24.382371564232113,24.900383049283388,50067718
2015-03-09,24.028690338134766,24.557424154615834,23.935806677977535,24.525271403202662,45854906
2015-03-10,23.69287872314453,24.221609742009296,23.582130661796107,24.160877395595634,42948363
2015-03-11,23.242738723754883,23.93580659783412,23.16771659098188,23.792905798789565,49145480
2015-03-12,23.80719757080078,24.035838582188358,23.396359527422554,23.41422105597993,45390518
2015-03-13,23.328481674194336,24.039411115777174,23.221305353610934,24.00725836264314,34423720
2015-03-16,23.307048797607422,23.49639217891615,23.08555408909709,23.49639217891615,29148663
2015-03-17,23.760757446289062,24.039414199054367,23.3713540556921,23.57856039570758,45438233
2015-03-18,23.70359230041504,23.985820716129137,23.53211192509631,23.985820716129137,32534625
2015-03-19,24.050125122070312,24.636018081454843,23.83934709817833,23.882217907815374,64537645
2015-03-20,23.485671997070312,24.393088249724286,23.36420588329436,24.05012746091431,60626733
2015-03-23,23.678585052490234,23.935805622038398,23.478525086311578,23.610707819395643,37579430
2015-03-24,23.374923706054688,23.857212131600836,23.167717397188593,23.585701748295804,46746811
2015-03-25,23.089120864868164,23.503532030057496,23.00695383671301,23.43565479545891,37206304
2015-03-26,22.54967498779297,23.21773361490948,22.43535376991783,23.07840597163341,68402890
2015-03-27,22.513948440551758,22.817611574414016,22.235293161800243,22.678283935038255,42185886
2015-03-30,23.035537719726562,23.214163033315067,22.517524739442912,22.721157911624015,31389356
2015-03-31,22.6318416595459,23.321334967563896,22.52109360730797,23.314190070362404,41301004
2015-04-01,23.124849319458008,23.21416125420246,22.57825535821185,22.649705764253362,32391543
2015-04-06,22.728300094604492,23.264175971354092,22.621125205336543,23.17843577385776,38517191
2015-04-07,23.828632354736328,23.95009847360602,22.649705666570533,22.885490145957743,76555500
2015-04-08,24.014400482177734,24.2144604566649,23.478526061376332,24.014400482177734,65964997
2015-04-09,24.725332260131836,24.82178765699221,24.078706905951144,24.1144328223111,64566720
2015-04-10,24.485971450805664,24.936107093709992,24.3823697337372,24.700321212032584,50551514
2015-04-13,24.664602279663086,24.882525240842572,24.371654314782496,24.59672360424588,36136932
2015-04-15,24.125150680541992,24.6646011739134,24.021548950809795,24.650311378806194,33587067
2015-04-16,24.12872314453125,24.532416281443002,23.832204898224234,24.178738856365396,39577978
2015-04-17,24.721759796142578,25.164752016923018,23.946524840186694,24.060844628872996,73270741
2015-04-20,24.61101722717285,25.314801935681984,24.23233042891688,24.900389212090815,65778471
2015-04-21,24.882526397705078,25.15046222604914,24.54670902996783,24.75748853348314,52428633
2015-04-22,25.10401725769043,25.329086535968017,24.382372595420023,25.003988692426923,50216626
2015-04-23,26.39727020263672,26.504445104668033,25.31479882872634,25.36481454589297,127971125
2015-04-24,26.4722900390625,26.779524922143235,25.907833124885478,26.565175136776205,88782331
2015-04-27,26.357967376708984,26.636622654607706,25.829236409287876,26.372257170897154,52444209
2015-04-28,26.525876998901367,26.725939857237513,26.15790975890008,26.436565061956962,43662643
2015-04-29,26.43299102783203,27.101049672528255,26.293663380889605,26.572318674774458,57228679
2015-04-30,25.7470703125,26.357969798241744,25.65775837541387,26.29366428807736,64867495
2015-05-04,25.839956283569336,26.20792639736217,25.522004746943704,25.83281281598832,34305965
2015-05-05,27.158212661743164,27.222518171934418,25.92569705832397,26.0364451191178,80454027
2015-05-06,26.26865577697754,27.472591693358495,26.15076139742337,27.22251600070263,62965679
2015-05-07,26.24364471435547,26.483003760234688,25.757783156306925,26.140042997002716,43462461
2015-05-08,26.200780868530273,26.793817432753098,26.01501065427446,26.44371312927872,36242093
2015-05-11,26.94386100769043,27.251098774544808,26.472292016815853,26.58661038511513,46997300
2015-05-12,25.26477813720703,26.865263606501102,25.189756006638138,26.81881820191805,57462038
2015-05-13,25.686336517333984,25.82923732510206,25.125452777897618,25.454123777518266,56637676
2015-05-14,26.179346084594727,26.27937465371496,25.532720675725614,25.722064043299554,39403302
2015-05-15,26.015005111694336,26.14361611287664,25.371952966602315,25.722060056305363,54257774
2015-05-18,26.01858139038086,26.222214546360153,25.79351211136486,26.079313734695056,25123291
2015-05-19,26.31867218017578,26.432990538121505,25.87925312456755,26.007861277256488,30854654
2015-05-20,25.814945220947266,26.250791072197337,25.404105792971084,26.250791072197337,67599887
2015-05-21,24.453821182250977,25.07901043329346,24.375225880382214,25.00756145923994,107641918
2015-05-22,24.385940551757812,24.832505901372933,24.32520821348751,24.50740808911797,41177591
2015-05-25,23.72145652770996,24.282340259588164,23.65000612478875,24.253760670583624,40876637
2015-05-26,23.782188415527344,24.042979290144253,23.528539576775938,24.042979290144253,30429951
2015-05-27,23.446374893188477,23.882222243585147,23.371352750715676,23.782192243484754,30334342
2015-05-28,23.199871063232422,23.64286185663944,23.01767260245579,23.564266554375784,48743889
2015-05-29,23.47138023376465,23.732173983210846,23.22130454512659,23.22130454512659,39061529
2015-06-01,23.553550720214844,23.800053266301692,23.38921521268696,23.57498541326371,20760333
2015-06-02,22.98909568786621,23.642864607892083,22.896210579911283,23.578560523437947,24299054
2015-06-03,22.596118927001953,23.074834228699675,22.4496449469803,23.010528718486263,30796443
2015-06-04,22.010225296020508,22.77474216005259,21.76014960608049,22.66042094553669,49858195
2015-06-05,22.2281494140625,22.663996771178628,21.595816648248856,22.07810512680367,52756814
2015-06-08,21.595813751220703,22.503229972631097,21.542226308615465,22.292453365908404,39584443
2015-06-09,21.77444076538086,21.96021096260326,20.934900283488204,21.149251501336302,72881861
2015-06-10,21.863750457763672,21.992360022540854,21.55651419291369,21.792300063816487,30657842
2015-06-11,21.342164993286133,21.928056561577755,21.234990107616028,21.87089595502912,41871487
2015-06-12,21.25999641418457,21.499354022859904,21.017065642055858,21.292147733216424,28533582
2015-06-15,21.220703125,21.631541194771707,21.152825879137545,21.292152104639424,28286211
2015-06-16,21.038501739501953,21.25642610367996,20.79199921783294,21.206410394443736,32206224
2015-06-17,21.795873641967773,22.217429714575232,21.310013496732758,21.699415387411733,87363880
2015-06-18,21.699417114257812,21.89947853624946,21.49935712267608,21.742287929830994,40722250
2015-06-19,21.78873062133789,22.131691426524696,21.727998276754796,21.82445510920738,34527411
2015-06-22,22.19599723815918,22.349614683710335,21.93520346671634,22.078104280965288,37444356
2015-06-23,22.367477416992188,22.628269755388864,22.206713644984717,22.228148337782404,31626168
2015-06-24,21.760150909423828,22.463934044593746,21.642257954498533,22.435354454457887,29723093
2015-06-25,21.627965927124023,21.77801019026055,21.5207896143568,21.706561222295427,48369200
2015-06-26,21.338592529296875,21.656545442115938,21.220699586932778,21.613676061479772,35483646
2015-06-29,21.170686721801758,21.274289884531754,20.53478081077756,21.006351213144164,37067693
2015-06-30,21.763723373413086,21.89947929193445,21.095664703491817,21.170686845321278,32142345
2015-07-01,21.931631088256836,22.078103631829986,21.677982221943175,21.792303442145066,32998153
2015-07-02,21.745861053466797,22.181708412947152,21.66369401144649,21.953067386231066,40306122
2015-07-03,21.52079200744629,21.999508728504022,21.402900481989537,21.88876067022836,28785562
2015-07-06,21.363603591918945,21.417191040967616,20.8634507298414,21.077801956446063,38921374
2015-07-07,21.306446075439453,21.652978677762196,21.156400338049412,21.55652182761946,34623754
2015-07-08,20.231111526489258,21.006346339451156,20.134654714280288,21.006346339451156,85458422
2015-07-09,20.041770935058594,20.534777378631148,19.977465435807886,20.256120692014658,65230261
2015-07-10,20.070354461669922,20.32757507876376,19.916737010330685,20.213255281303166,42208904
2015-07-13,20.32400131225586,20.413313242786437,19.934597976591668,20.25612264299358,36073547
2015-07-14,20.088214874267578,20.484763096531616,20.04177232833782,20.345435458742347,36009290
2015-07-15,20.03462791442871,20.349009113171185,19.941742820329317,20.198963411006837,38623359
2015-07-16,20.06320571899414,20.470471975616984,20.0131914429938,20.370441993206573,66265783
2015-07-17,20.29542350769043,20.459757588747454,20.006048707749635,20.148949525653983,67699558
2015-07-20,20.25969696044922,20.556215218649363,20.220399308263296,20.36330012174118,39189455
2015-07-21,19.627361297607422,20.29899306724739,19.566628957146428,20.29899306724739,53479458
2015-07-22,20.03462791442871,20.07749729767004,19.198660637124316,19.380859091924584,62040733
2015-07-23,19.85075569152832,20.185402644601595,19.806627296734277,20.152304139877693,73065511
2015-07-24,19.494047164916992,19.97946840750166,19.431532666753895,19.836048896488673,39993003
2015-07-27,18.442304611206055,19.35798441299831,18.390820003126354,19.34327347324757,80278879
2015-07-28,18.331979751586914,18.5673356344693,18.122366171466815,18.460689792979284,58132539
2015-07-29,18.427589416503906,18.72913931684979,18.343009262667373,18.460686446567408,42021014
2015-07-30,18.25107765197754,18.6077888710786,18.20694924869325,18.600434137197887,54255108
2015-07-31,18.159141540527344,18.585721967055456,18.01939866120324,18.387142692998488,92870764
2015-08-03,18.236364364624023,18.445977917369,18.04146027655959,18.15913893884172,37326285
2015-08-04,18.850500106811523,19.104242114826178,18.096627344463286,18.365078820707886,102056723
2015-08-05,19.29178810119629,19.74778889770952,19.118948199038662,19.122626301654755,83749009
2015-08-06,19.1961727142334,19.51978533501421,18.846816323180402,19.295462331069608,66930773
2015-08-07,19.27339744567871,19.457268681393554,19.13365459977443,19.19617202730085,39797335
2015-08-10,19.207204818725586,19.49036716122678,19.122624662414736,19.335914840551684,35698595
2015-08-11,18.151790618896484,19.122631827384538,18.070887062154195,19.118953723705612,92651501
2015-08-12,18.31726837158203,18.968173243851815,18.100300080825434,18.710753187956907,159253705
2015-08-13,17.180940628051758,18.673977688865953,17.08532911453161,18.633525927705733,144473922
2015-08-14,17.475139617919922,17.592816825063057,16.84262223684454,17.228752367293726,95150418
2015-08-17,18.148107528686523,18.276817563372916,17.225073087128983,17.541332492261525,89473330
2015-08-18,18.559980392456055,18.747528295114193,18.137076613366425,18.24739908227345,102914736
2015-08-19,18.37242889404297,18.633527042355578,18.148105879395224,18.394494563209435,45176020
2015-08-20,17.765657424926758,18.26946478190041,17.68843198483372,18.217980173558946,48558371
2015-08-21,17.44939613342285,17.541332503580602,17.02649236450281,17.541332503580602,55073372
2015-08-24,15.158360481262207,16.86468663026723,14.904617021890372,16.86468663026723,122924725
2015-08-25,15.698942184448242,16.02623446571722,14.717069757898864,15.445200186305868,149117094
2015-08-26,15.860747337341309,16.158619174513504,15.367972868868991,15.66584323362218,87502491
2015-08-27,16.651391983032227,16.90145727290242,15.820292593980746,16.180680329481728,149329084
2015-08-28,16.83894157409668,17.254490575055797,16.416037840835365,17.107394456592967,98529305
2015-08-31,16.577844619750977,16.820553726512106,16.449134597981487,16.57048988757148,60691871
2015-09-01,15.908552169799805,16.640360535275796,15.669519693554063,16.32777926501163,67964731
2015-09-02,16.143909454345703,16.61461971661018,15.4672622560001,16.099781057454805,93517658
2015-09-03,16.897783279418945,17.114751593869478,16.3351366085147,16.43074961429774,74343734
2015-09-04,16.099781036376953,16.835266096280854,15.960038168234101,16.835266096280854,75885083
2015-09-07,15.875454902648926,16.4748751354888,15.823971778295276,16.272617795471223,51786367
2015-09-08,16.82423210144043,17.136813377600305,15.98210126526249,16.07771425756418,86455360
2015-09-09,17.614877700805664,17.784037995824313,17.08900483374079,17.357457683940947,92617483
2015-09-10,17.666366577148438,17.872303541194075,17.03384916222216,17.383204171847673,76121455
2015-09-11,17.133136749267578,17.909073522411326,16.98236252850222,17.898042160171713,62026952
2015-09-14,17.784042358398438,17.890688198739745,17.210364332601877,17.210364332601877,75142895
2015-09-15,16.813201904296875,17.934818633449893,16.80584864326356,17.780366286110716,96020858
2015-09-16,16.952943801879883,17.16255737416941,16.702878461737658,17.06326774210844,75483671
2015-09-18,16.776426315307617,17.31333063034742,16.724943187037987,17.210362901389214,80082004
2015-09-21,16.655075073242188,16.86468868470283,16.408687789779368,16.644043707851186,56410300
2015-09-22,16.188039779663086,16.835268123850216,16.121847176441438,16.769074048209415,53514064
2015-09-23,16.25423240661621,16.478555445255378,15.73939225959674,15.768812664158927,75514887
2015-09-24,15.823972702026367,16.235843610574015,15.761456739738126,16.18068238076563,59139281
2015-09-28,15.390036582946777,16.06668229822099,15.334873879073108,16.01152106676628,60148920
2015-09-29,14.812679290771484,15.202487492981726,14.687647360202305,15.077455562412545,126852012
2015-09-30,15.636423110961914,15.768811238474761,15.114228278119146,15.217196003729754,97528315
2015-10-01,15.610682487487793,15.849714996250828,15.46358487944021,15.812941330448458,51146998
2015-10-05,16.548425674438477,16.607263531815455,15.754099875660733,15.805584473284444,85242255
2015-10-06,16.732297897338867,16.842620358759923,16.412361875766432,16.747007362539147,77249270
2015-10-07,17.416296005249023,17.482490062210434,16.445455235350366,16.54842442280978,103265777
2015-10-08,17.710493087768555,17.850234476102678,17.372169506929776,17.497201430430717,93577822
2015-10-09,18.46804428100586,18.607785673142672,17.81346129876535,17.828170763998813,110419244
2015-10-12,18.449657440185547,19.266046044579408,18.372430536038667,18.76223874217882,110944352
2015-10-13,18.019397735595703,18.28785064415367,17.890687699183626,18.240044143338846,61100778
2015-10-14,18.265789031982422,18.607789319137925,17.912754435111356,17.94585294700035,66022253
2015-10-15,18.773271560668945,18.916692544511704,18.243721915834364,18.324625456496793,73557042
2015-10-16,18.607786178588867,18.8799157100566,18.269462579353583,18.82107637510556,55908272
2015-10-19,18.26946449279785,18.688691669341278,18.148109179986907,18.615142861054117,47005203
2015-10-20,17.710493087768555,18.30623524802581,17.651653756016927,18.17017048969053,55088770
2015-10-21,17.975269317626953,18.126043552920958,17.522945139325916,17.77668710915195,84411606
2015-10-23,18.092945098876953,18.50481747711482,17.956880340272672,18.195912825331696,52541287
2015-10-26,18.361398696899414,18.50114009091958,18.111333367303526,18.19223689959687,43957918
2015-10-27,18.08926773071289,18.409205230338742,17.949526336430257,18.302559397130125,35725035
2015-10-28,18.177526473999023,18.276816096627883,17.94584872463984,17.982622386276663,36074754
2015-10-29,18.21062469482422,18.49378558896518,17.99733302614619,18.11501022348715,48166846
2015-10-30,18.137073516845703,18.740170362528275,18.030427696486267,18.269460162448116,64795030
2015-11-02,17.570751190185547,18.137075924239376,17.379525192034013,18.129721191419623,51531512
2015-11-03,17.335391998291016,17.872297698103512,17.27655414701632,17.77668324494473,47156462
2015-11-04,17.31333351135254,17.651657157384232,17.199332928299807,17.589141183587312,51025097
2015-11-05,16.577844619750977,17.35745948254741,16.49694109335765,17.35745948254741,92382707
2015-11-06,16.199068069458008,16.316745247906805,15.820292764789421,16.099778456285776,103978010
2015-11-09,16.34616470336914,16.504295119510918,15.640100137409659,15.812938544862394,65838110
2015-11-10,16.037261962890625,16.34616512646726,15.971069374393451,16.239520775456842,47614522
2015-11-13,16.37558937072754,16.445460077861554,15.930619878640194,16.085072232890436,46465883
2015-11-16,16.96030044555664,17.055913458085325,16.195394872907993,16.390299001102242,72667794
2015-11-17,17.250816345214844,17.33907461753944,16.982364897787868,17.05591223104246,55009409
2015-11-18,16.610942840576172,17.283911926345013,16.563136341775728,17.217717859569333,55457172
2015-11-19,16.82423210144043,16.894102794487306,16.592554352984887,16.73229721149752,38427408
2015-11-20,16.916168212890625,17.118427029151423,16.77642535645075,16.77642535645075,40508623
2015-11-23,16.507976531982422,16.978688342223396,16.40868688683068,16.978688342223396,43058887
2015-11-24,16.500619888305664,16.651395598815977,16.364555116503443,16.4270710844414,43863254
2015-11-26,16.761716842651367,16.91616917222962,16.489587318947223,16.58520031525306,48156781
2015-11-27,17.008108139038086,17.283915831304068,16.73597855016573,16.76172085666323,56606272
2015-11-30,16.842618942260742,17.23978035894203,16.827909478297556,17.092684246891356,47828495
2015-12-01,17.471458435058594,17.541330598862285,16.938232257784605,16.975005918403248,69133459
2015-12-02,17.934814453125,18.085588662385295,17.51190927987796,17.64797402566195,92978328
2015-12-03,17.662687301635742,17.909074528553937,17.416298602298586,17.662687301635742,74604740
2015-12-04,17.6700439453125,17.964237702888028,17.438364686345025,17.50823686329927,58128529
2015-12-07,17.912752151489258,18.20326926320327,17.831848614748164,18.00468852412015,51813122
2015-12-08,17.265525817871094,17.875978991030134,17.173590915061332,17.802430185330877,47714350
2015-12-09,16.68448829650879,17.34642594519274,16.54107028861045,17.210361196757084,49622044
2015-12-10,17.136816024780273,17.265526068517712,16.658750989423563,16.713912226394022,50431953
2015-12-11,17.71784782409668,17.938492741480914,17.291265981745735,17.291265981745735,125138831
2015-12-14,18.019397735595703,18.306236740484668,17.537654624729814,17.57810639252844,118757592
2015-12-15,17.97159194946289,18.18488363267187,17.743592272055633,18.16649606319063,54777068
2015-12-16,17.997333526611328,18.284172531341937,17.80610752345759,18.13339829596449,60456339
2015-12-17,18.90933609008789,18.971852055159495,18.096624126900075,18.15914009197168,127131596
2015-12-18,18.802688598632812,18.971850383130263,18.681333309379063,18.865204558194755,72886973
2015-12-21,19.008625030517578,19.22559332151989,18.7291407767086,18.791656739515265,65025703
2015-12-22,18.931398391723633,19.25501102007852,18.86888096049683,19.049075577269154,47696874
2015-12-23,19.449918746948242,19.59333825783414,19.28811166623007,19.28811166623007,80850265
2015-12-24,19.3690128326416,19.563916926201966,19.166754006533576,19.563916926201966,40344790
2015-12-28,18.688690185546875,19.438884731191894,18.607786650096273,19.413143901891356,55814133
2015-12-29,18.776945114135742,18.913009859115483,18.633525637461318,18.81371877260915,39890593
2015-12-30,19.02701187133789,19.25501151623351,18.762237092723744,18.857850084521722,71506938
2015-12-31,19.1079158782959,19.18146468082796,18.898303778845197,19.12262681673753,46672813
2016-01-01,18.931398391723633,19.115269638321745,18.637203219231584,19.049075577269154,33079099
2016-01-04,18.89462661743164,19.357983654741677,18.615142331821534,18.754885210836136,73277332
2016-01-05,20.17436981201172,20.328820666227532,18.94243077379554,18.94243077379554,157534835
2016-01-06,19.766176223754883,20.196434713940423,19.563917392822763,20.064048052506013,78245389
2016-01-07,18.379785537719727,19.365335958213446,18.254753604061627,19.34327175917126,99751805
2016-01-08,18.651918411254883,18.850499167300335,18.317271399815894,18.53423972644196,66119688
2016-01-11,18.508495330810547,18.633528735244173,17.964236260409713,18.166495096685427,63872456
2016-01-12,18.074560165405273,18.776949730490834,17.8833341494927,18.611464545628706,56944928
2016-01-13,18.137073516845703,18.51952546238466,17.431007480516065,18.27681489429165,78536687
2016-01-14,17.55971908569336,17.83920333829948,17.02649140805384,17.283911463132377,93255592
2016-01-15,16.894105911254883,17.87230315647166,16.776428700347076,17.835528015774806,62888785
2016-01-18,17.350107192993164,17.945850890335894,16.56313748722414,16.90146110478715,88349924
2016-01-19,17.50455665588379,17.721523458662244,17.008102674817724,17.471458153232643,66168358
2016-01-20,17.06326675415039,17.21036287857327,16.658749099044854,17.122104614951965,57590017
2016-01-21,17.328039169311523,17.603846780907777,17.00810316441443,17.261845106941404,65551336
2016-01-22,18.225332260131836,18.44597865643722,17.478815854542155,17.526622352878814,68337468
2016-01-25,18.747529983520508,18.857853934782373,18.298883861969,18.313594801911307,58531841
2016-01-27,18.94611167907715,19.115273495670277,18.637206980109134,18.754885661820342,65450038
2016-01-28,18.696044921875,19.00862622801919,18.563656782961733,18.90198039083006,63151806
2016-01-29,18.36507797241211,19.034370525313452,18.199594253840175,18.729143920173374,70827180
2016-02-01,18.335655212402344,18.75120420990479,18.129719764816095,18.306234811019404,46400199
2016-02-02,17.02281379699707,18.46068833896456,16.923524169047244,18.405527107343776,88046083
2016-02-03,16.474878311157227,17.20301017628171,16.287330399089285,16.76171880609374,81780438
2016-02-04,16.618297576904297,16.81320020229222,16.10713408298166,16.50429701130333,122903030
2016-02-05,17.199329376220703,17.526621590117497,15.886488307942178,15.886488307942178,270834540
2016-02-08,17.21772003173828,17.942173810266503,17.066945783609132,17.548688934952395,108450127
2016-02-09,17.32068634033203,17.453074479619385,16.923524867308014,16.98236420392673,79380289
2016-02-10,17.335391998291016,17.486167673229172,16.702874790157143,17.272876045102304,79938449
2016-02-11,16.511653900146484,17.453076006300265,16.2432009677863,17.353784893149413,64568420
2016-02-12,15.99681282043457,16.86836269970742,15.52978063254857,16.621976926873995,98387640
2016-02-15,18.144428253173828,18.240042719760094,16.327779891575133,16.327779891575133,142771164
2016-02-16,18.008365631103516,18.504818187569114,17.883332230136077,18.357720588461174,96005869
2016-02-17,18.479074478149414,18.600429767299357,17.504557007501717,18.01939562029396,87069402
2016-02-18,18.449657440185547,18.86520647528899,17.887010802113856,18.754884009272306,99285873
2016-02-19,18.62617301940918,18.714429809760475,18.155461303022065,18.27681659838348,71064948
2016-02-22,18.773271560668945,18.9387567449417,18.512174841199545,18.651917722094414,50489660
2016-02-23,18.648239135742188,19.24030473599031,18.54159329446637,18.813722843306117,88716625
2016-02-24,18.232688903808594,18.662947399189225,18.16281673346722,18.431269634567425,49791545
2016-02-25,18.25107765197754,18.376111072788085,17.989980918164164,18.17385221002043,58653858
2016-02-26,18.27313804626465,18.51217200105043,17.883331342129324,18.35036494455011,56015868
2016-02-29,18.320947647094727,19.391078231911088,18.02675390970086,18.159140576181446,103390953
2016-03-01,18.905656814575195,18.986560342855338,18.133396665947778,18.387140085524184,74639996
2016-03-02,19.67791748046875,19.821338456862584,19.08585189562334,19.122627033515773,80249039
2016-03-03,21.11211395263672,21.255533446337306,20.012563028513256,20.07875709404243,184028578
2016-03-04,21.22243881225586,21.41734292837921,20.9245669561263,21.255535848761266,96250795
2016-03-08,21.461469650268555,21.821857423588522,21.108435136848975,21.167274467822054,97420395
2016-03-09,21.72624397277832,21.807146026583986,20.689209068606758,20.85101464863694,106623704
2016-03-10,21.821857452392578,22.156502926827365,21.571792135950528,21.792437050657764,89814620
2016-03-11,21.626955032348633,21.932181601004455,21.354825497934886,21.770374532451633,80123590
2016-03-14,21.821857452392578,22.082954131118658,21.71521162499401,21.766694751296885,46658402
2016-03-15,22.097665786743164,22.211666357773787,21.630632139242902,21.843923815187743,73242181
2016-03-16,22.027795791625977,22.266828304716814,21.637987564967922,22.06457093051323,73885811
2016-03-17,21.76302146911621,22.480120497062813,21.689472662093596,22.395538853640115,84026641
2016-03-18,22.226375579833984,22.26682734741941,21.840245472632827,22.04250431055996,76773451
2016-03-21,22.325666427612305,22.50218296188448,22.112376228874673,22.211665859140897,59320800
2016-03-22,22.785343170166016,22.93243928649232,22.163857256515634,22.292567278562935,69054434
2016-03-23,23.329605102539062,23.381088234340297,22.8405072521226,22.932442152262897,66941605
2016-03-28,22.00205421447754,23.417864715108024,21.873344168965676,23.417864715108024,95197157
2016-03-29,22.347732543945312,22.63457304106556,22.064571622215844,22.064571622215844,62316927
2016-03-30,23.8518009185791,23.95844676152735,22.454378013616658,22.75960460323961,130559679
2016-03-31,23.513477325439453,23.895929352522884,23.12366909252525,23.895929352522884,140121880
2016-04-01,23.370052337646484,23.524504647928214,23.04643825370738,23.362697605958665,58463365
2016-04-04,23.561279296875,23.76353810783983,23.14573031315924,23.22663383754517,54242901
2016-04-05,22.96921730041504,23.491412186287103,22.675022086030243,23.311217543855463,60071721
2016-04-06,24.16438102722168,24.418122997864256,23.06115193101342,23.16779776860218,153148901
2016-04-07,23.807666778564453,24.473281075228098,23.689989592815696,24.263667529812082,90365517
2016-04-08,23.689992904663086,23.888573643506476,23.4656698637206,23.75986360543003,63826169
2016-04-11,24.355606079101562,24.51373504173304,23.539217492710584,23.682636989853407,94620376
2016-04-12,23.866506576538086,24.337216801199695,23.388441619648862,23.822376710753538,116614440
2016-04-13,24.480640411376953,24.727027648727262,23.976831628511857,24.08715409629032,107946042
2016-04-18,24.67922019958496,24.80425360848586,24.09818744383768,24.41076875746134,75498166
2016-04-20,26.289936065673828,26.425999364946545,24.837350503476703,24.855738072532603,192940999
2016-04-21,26.076644897460938,26.775354866223452,25.969997583818298,26.389224743011066,108641218
2016-04-22,26.010448455810547,26.7532897014289,25.91115735691534,26.330384477914297,126959229
2016-04-25,25.554447174072266,26.014127550601504,25.341158447759398,25.925867811048803,64651895
2016-04-26,26.37451171875,26.521609309394147,25.528704253593325,25.532382355947924,87592957
2016-04-27,26.238447189331055,26.653996169888217,26.047221214024663,26.39657613469306,63265542
2016-04-28,25.56548500061035,26.624584351978314,25.45883767793808,26.256841767045415,105791816
2016-04-29,25.822898864746094,26.02883430916602,25.205089586648626,25.572832082720854,81917191
2016-05-02,25.51767349243164,25.81554383825307,25.33012266114469,25.66844624414406,43887322
2016-05-03,25.661094665527344,26.157547237651368,25.52135032230632,25.65006035748062,66909161
2016-05-04,24.179092407226562,25.539740212088383,24.07980129480997,25.447805305704847,83523154
2016-05-05,24.403413772583008,24.624058710550294,23.84076711937978,24.19747830082434,87494787
2016-05-06,24.219541549682617,24.381348616465605,23.91063835416699,24.27102615181138,56288545
2016-05-09,24.175411224365234,24.6350886145633,24.065087296092344,24.27102421576124,48894886
2016-05-10,24.12760353088379,24.804250683005723,23.914313348976947,24.33721708284371,112833794
2016-05-11,24.256311416625977,24.41811845807934,23.47301997881253,23.528181202504584,59698606
2016-05-12,24.315153121948242,24.43283178493202,24.020959409326593,24.362959618654497,49401206
2016-05-13,23.730443954467773,24.22321989251923,23.623798118954305,24.05037998858919,58804886
2016-05-16,24.006250381469727,24.06876782033543,23.49141171153902,23.759863145957993,41258064
2016-05-17,24.061410903930664,24.355604613254528,23.859152084587247,24.182764723117835,51218361
2016-05-18,24.201152801513672,24.285734433398744,23.76721622444993,23.954765583153378,39460317
2016-05-19,23.99521827697754,24.8152834932586,23.903281909075563,24.013605845041727,68337111
2016-05-20,23.730443954467773,24.057734721477807,23.616443386065686,23.99154065306124,48398390
2016-05-23,23.0611515045166,23.958445114403403,22.983926072902047,23.88121821036985,67145522
2016-05-24,23.366378784179688,23.421540018785606,22.89199039966593,23.053797473133447,52720592
2016-05-25,23.873865127563477,24.013608007078755,23.399476724696765,23.535541501300465,57979149
2016-05-26,23.917991638183594,24.223219676221277,23.53553964171447,23.53553964171447,135319934
2016-05-27,24.241607666015625,24.418124212395167,23.870187003553106,23.976832846446314,46229763
2016-05-30,23.708377838134766,24.609346532095635,23.642183775072347,24.421798649977287,69464096
2016-05-31,24.590961456298828,24.822639214196116,23.55392649089564,23.866507779794386,105401750
2016-06-01,24.429153442382812,24.977089097917567,24.22689462276044,24.704959585123426,68046412
2016-06-02,25.0543155670166,25.1462534057912,24.296766327992604,24.418121624820973,58494475
2016-06-03,24.89986801147461,25.616968524818486,24.741739030586572,25.30070761820414,92705451
2016-06-06,24.84838104248047,25.057994611021595,24.42915537781721,24.63876894635834,52163250
2016-06-07,25.197742462158203,25.289677372351413,24.789546631365358,24.97341645175178,40920227
2016-06-08,25.116836547851562,25.480900995958763,24.896188661423505,25.24554658791871,46882315
2016-06-09,25.15728187561035,25.499283528913303,25.006506193228393,25.006506193228393,62303786
2016-06-10,24.594636917114258,25.33747812600816,24.52844285445661,25.153605402532722,57795887
2016-06-13,23.763540267944336,24.267347553839095,23.60908793712978,24.145992256229007,69029422
2016-06-14,23.89960479736328,24.08347605704346,23.631151904227234,23.903281427450658,42074229
2016-06-15,24.289413452148438,24.381349825532055,23.815025063707665,23.984186871695037,43392725
2016-06-16,24.30780029296875,24.528445226607705,23.837090021431706,24.23425149094943,68129058
2016-06-17,23.93638038635254,24.528445978507914,23.81502508016346,24.491672312580494,59857895
2016-06-20,24.730703353881836,24.782187952477322,23.741473452823907,23.859152114636768,65083484
2016-06-21,24.568897247314453,24.83735015658891,24.47328424542961,24.71231822256074,36641311
2016-06-22,24.451217651367188,24.56521821088496,24.05405474423856,24.56521821088496,48566317
2016-06-23,24.561542510986328,24.708638635284135,24.094508892966758,24.381347881387367,49168823
2016-06-24,22.994958877563477,23.270765041829943,21.792438700653285,22.586763104094906,151255965
2016-06-27,22.836828231811523,22.98760246322871,22.616183302404707,22.78166699945982,69054539
2016-06-28,22.910377502441406,23.123667703405047,22.57940862912216,22.906699399746977,83192832
2016-06-29,23.0648250579834,23.314890344373243,22.991276271113595,23.094243983763835,58946111
2016-06-30,23.6789608001709,23.848122611794043,23.182508201518715,23.2192818682111,67093399
2016-07-01,24.13128662109375,24.337222113253944,24.006253201095703,24.01360940734781,52420058
2016-07-04,24.362958908081055,24.557862991622983,24.120249801646057,24.175411029127595,33931685
2016-07-05,24.539478302001953,24.815284471745205,24.289412961660787,24.454898135925763,41390136
2016-07-07,23.366378784179688,24.804253403960008,23.263411048087367,24.579930362767048,106291493
2016-07-08,23.414186477661133,23.49141338797621,22.954507535984575,23.164121121609732,81496592
2016-07-11,24.05038070678711,24.248962917966917,23.50979825260714,23.903283099784073,80740665
2016-07-12,25.17567253112793,25.289673096220504,24.197476888730325,24.26734758535331,103770397
2016-07-13,26.311994552612305,26.378188612611435,25.322767644486625,25.352186572300102,140078815
2016-07-14,26.42599868774414,26.576774394268217,25.98838397891008,26.389223550574755,83662941
2016-07-15,27.426258087158203,27.536580545981135,26.23844892255297,26.42599680806817,140974624
2016-07-18,26.893030166625977,27.90432279878889,26.73490121228177,27.466708125131774,80792694
2016-07-19,27.231355667114258,27.334324872245084,26.65032146281457,27.0621923936619,86551179
2016-07-20,27.09896469116211,27.43361015551765,26.948191946749684,27.374772298657938,62002622
2016-07-21,26.64664649963379,27.21297130490089,26.55838969469879,27.21297130490089,56084323
2016-07-22,26.878320693969727,27.132062641323287,26.21638300251512,26.64664147126739,77386653
2016-07-25,26.74593162536621,27.051158160892903,26.63560917147963,26.84522271731544,59580315
2016-07-26,27.051158905029297,27.5807084651546,26.70180396730528,26.764319928066143,81856440
2016-07-27,26.701805114746094,27.249742265377435,26.04354550245255,27.132063598680066,108728903
2016-07-28,26.31073570251465,27.013912107152844,26.22049029911621,26.923663692563103,110489179
2016-07-29,26.70180892944336,26.998868982685675,26.400984886960554,26.400984886960554,87634154
2016-08-01,27.438825607299805,27.57043575180787,26.641642784020572,26.784532851683444,105824994
2016-08-02,27.213205337524414,27.87877799848208,27.081595196538785,27.559152079863537,85102300
2016-08-03,26.927425384521484,27.5591522586356,26.690525924734075,27.423784149948464,60318473
2016-08-04,28.111913681030273,28.19464013316523,26.878538854286873,27.104155356040003,101175577
2016-08-05,28.706039428710938,28.803809800585196,28.314969985979296,28.427781258636205,95702102
2016-08-08,28.544343948364258,28.91661447736206,28.29616761062036,28.7586805219357,69929209
2016-08-09,28.228479385375977,28.762441842504856,28.096869259879817,28.502982569084658,58972708
2016-08-10,27.84869384765625,28.533065318576934,27.687001918574303,28.420257065989325,48219085
2016-08-11,27.702041625976562,28.096868987445685,27.1868810505124,27.84869264914823,46387719
2016-08-12,28.18336296081543,28.454105227210718,27.777252572414177,27.826136258158694,46298408
2016-08-16,28.514263153076172,28.653395236949002,28.055508191967515,28.202159219968262,64069405
2016-08-17,29.469377517700195,29.552103972185677,28.574427418158084,28.574427418158084,98171211
2016-08-18,29.119672775268555,29.623553508775153,28.961741805776313,29.518264188319353,62140971
2016-08-19,29.4919376373291,29.67995037296172,28.84140598383923,29.266318138902733,93910673
2016-08-22,29.191112518310547,29.443052826403967,28.9166123690803,29.443052826403967,58394206
2016-08-23,28.965499877929688,29.405452972683715,28.439059350848957,29.176075486523747,70542421
2016-08-24,28.574430465698242,29.12719488420142,28.48418505728434,28.999342705494513,44732907
2016-08-25,27.99910545349121,28.751162467422528,27.863734347850077,28.70603675808144,50105042
2016-08-26,27.784772872924805,28.27360970122941,27.623077911693432,28.20216316048047,45256882
2016-08-29,28.108152389526367,28.236001538346137,27.656916379867674,27.743403808677353,39026944
2016-08-30,28.408981323242188,28.540591472486998,28.202163653748023,28.228484479120365,39931664
2016-08-31,27.83365249633789,28.679715882609546,27.735885144935914,28.427778560022713,47551031
2016-09-01,28.17207908630371,28.405217558298173,27.788528599758273,27.92389971397328,46743337
2016-09-02,28.141992568969727,28.29240455831132,27.856209488101634,28.273602683244775,29644047
2016-09-06,29.010623931884766,29.085828434468546,28.15703852440022,28.202161225950487,61176475
2016-09-07,29.326486587524414,29.64234848503667,29.07454625385053,29.112150007817636,73105470
2016-09-08,30.30792236328125,30.729073585274136,29.34904767481871,29.34904767481871,117920771
2016-09-09,29.676197052001953,30.601229103992345,29.574671714386124,30.450817069965524,62586561
2016-09-12,28.074310302734375,29.021902031732257,27.87125364172435,28.95421647806225,70506000
2016-09-14,28.11943244934082,28.427778412492447,27.310972821247418,27.82613039665702,116562841
2016-09-15,27.55539321899414,28.20968292467883,27.356097524974547,28.12695646699506,51168809
2016-09-16,26.987586975097656,27.969021498618748,26.89358059827999,27.788527689309426,63771558
2016-09-19,27.198163986206055,27.37113886010652,26.720607110790507,27.074075803305064,53756838
2016-09-20,27.495222091674805,27.82612786807643,27.017665302257566,27.397454749664394,59804669
2016-09-21,27.81109046936035,28.014144122289014,27.472665707018475,27.472665707018475,72097227
2016-09-22,28.371374130249023,28.56314786353591,28.036707330254714,28.405216908028027,70002702
2016-09-23,27.976545333862305,28.457863194756992,27.9013378184021,28.378894701285503,46832154
2016-09-26,27.807329177856445,28.31872879894301,27.7058008469421,27.927659386109493,45675140
2016-09-27,27.671958923339844,28.17207863792271,27.5704336004857,28.021666625765654,46224494
2016-09-28,28.60451316833496,28.743642248834853,27.69452213911003,27.69452213911003,66534315
2016-09-29,27.73588752746582,28.86773110989652,27.450104392792827,28.83013036387503,140239027
2016-09-30,28.1457576751709,28.38641508670715,27.32225409583198,27.6644398409072,57793064
2016-10-03,28.792524337768555,28.939175365912618,28.299926599625167,28.345049298010014,47030940
2016-10-04,29.416728973388672,29.55586104211486,28.758678402258322,29.02942058521058,89462624
2016-10-05,29.382890701293945,29.819085838156237,29.25504154473442,29.72131848182352,54105738
2016-10-06,29.318967819213867,29.770203882295068,29.070788436197915,29.540826378306424,81139232
2016-10-07,30.574901580810547,30.653867053300697,29.34528475172724,29.54834140486562,121863519
2016-10-10,31.46609115600586,31.63906603047522,30.759156779843032,30.82684233844484,122199278
2016-10-13,31.12013816833496,31.61649682426924,30.744109704770093,31.135179065982296,116570010
2016-10-14,31.007335662841797,31.39840509635266,30.796760045658356,31.285596837546933,55370915
2016-10-17,30.894529342651367,31.27055789932981,30.653871909510773,30.999818663445573,70459502
2016-10-18,31.95868492126465,32.07525414520019,30.99229136591929,31.16526621867175,79611549
2016-10-19,32.03765106201172,32.16926118747662,31.676666472567053,32.03765106201172,52204584
2016-10-20,32.229427337646484,32.4813676634781,31.98124798933272,32.16926073093374,53137937
2016-10-21,32.12790298461914,32.22190936704411,31.714270686281402,32.1128620838788,43292971
2016-10-24,32.041419982910156,32.443772414193745,31.962454490293233,32.14670931386056,30249576
2016-10-25,31.22919273376465,31.526255772724575,30.710271154420855,30.834362341060274,91284365
2016-10-26,29.977018356323242,31.496176447624503,29.397933132625834,31.16150962748965,87143462
2016-10-27,29.867969512939453,30.082306103520168,28.830129338084998,29.17983704086221,143898433
2016-10-28,30.4921817779541,30.571147267658425,29.883014696933866,29.988301012809085,71249133
2016-11-01,31.413442611694336,31.8834774295435,30.165027052027718,30.447046136022816,99437101
2016-11-02,31.0863037109375,31.31567819199273,30.533539336120523,30.533539336120523,77777548
2016-11-03,30.33047866821289,31.563853401480397,29.98077402035653,30.90956378926946,89155330
2016-11-04,30.315441131591797,30.65386890729103,29.95069554505876,30.375607742377866,53491224
2016-11-07,31.029897689819336,31.23671232357093,30.556101811020753,30.556101811020753,47403698
2016-11-08,30.732833862304688,31.240472506035907,30.49593442334093,31.135183197342876,34148125
2016-11-09,30.033424377441406,30.375610146808206,28.35257432159462,28.5781908491257,62055448
2016-11-10,32.86491394042969,33.03788878822915,30.68018656815357,30.68018656815357,114386636
2016-11-11,32.075252532958984,33.2033379518764,31.887239802068148,32.52648850724043,91664460
2016-11-15,29.559621810913086,31.436006360859256,29.405451840950313,30.94716960772429,97125654
2016-11-16,29.53706169128418,30.187590363508406,28.642111633588424,29.856684561039085,86390274
2016-11-17,29.53706169128418,29.97701476498911,29.104627561531178,29.593464310092216,45781413
2016-11-18,28.961742401123047,31.014860102684022,28.672201280704883,29.334009986116616,48913275
2016-11-21,27.935176849365234,29.300161755403916,27.547868434770585,28.988057834986055,68920105
2016-11-22,28.431533813476562,28.555624985301787,28.036703467907646,28.330005494126137,43489856
2016-11-23,29.533302307128906,29.691233261741502,28.581949579296587,28.653396112245282,53784202
2016-11-24,29.94317626953125,30.13495302998922,28.999342402060666,29.10839270007576,74701409
2016-11-25,30.740352630615234,31.097579229687394,29.894286304654482,30.007094545877756,74422360
2016-11-28,30.57866096496582,30.962211434947125,30.26656003807944,30.676428318523058,49113352
2016-11-29,30.755399703979492,31.405928463087957,30.668912264239477,31.21039373754804,63137227
2016-11-30,31.214157104492188,31.285600637404748,30.40569430513445,30.811804688398308,56452274
2016-12-01,30.80428123474121,31.473611826297393,30.66514914525604,31.387124392595563,32263469
2016-12-02,30.563621520996094,30.977253810051142,30.41320950577687,30.522259797686225,38028756
2016-12-05,31.097583770751953,31.180310227888032,30.424492191251087,30.653869684511402,36737455
2016-12-06,31.469852447509766,31.639066345700193,30.984776620952353,31.135185629131225,40761211
2016-12-07,30.977252960205078,31.69170926009781,30.736595549171405,31.533775293414394,49335312
2016-12-08,32.43624496459961,32.545295255587604,31.360804033334123,31.41344868989475,99142770
2016-12-09,32.37984085083008,32.74082846321247,32.21814591072472,32.54153277974432,42976535
2016-12-12,31.902278900146484,32.37231371204473,31.82331042598935,32.25574450054537,26152011
2016-12-13,31.669145584106445,32.2595106797976,31.398403368915027,32.2595106797976,33536633
2016-12-14,31.417207717895508,32.0526985735752,31.3420032139764,31.736833634732253,34083595
2016-12-15,31.53377914428711,32.14294620744842,31.048703285187457,31.255517943701477,46751450
2016-12-16,31.138944625854492,31.796995286734823,31.022375393539303,31.796995286734823,37238926
2016-12-19,30.860685348510742,31.30816042750691,30.76667896583476,30.909569028845212,24638319
2016-12-20,30.34552764892578,31.13518547718081,30.16503382880065,30.96973255780016,37167458
2016-12-21,30.420726776123047,30.706509862141914,30.18758833900118,30.458330526933878,28835901
2016-12-22,29.495695114135742,30.522255233048746,29.34904409874686,30.4207269121201,42870755
2016-12-23,29.39417266845703,29.747638326288826,29.10838955331491,29.593465341205782,41901726
2016-12-26,28.585712432861328,29.300165764465902,28.46538221452305,29.217439303956716,33924569
2016-12-27,29.5107421875,29.683717069245983,28.378895544670826,28.72860327509439,40872165
2016-12-28,29.21367645263672,29.612267828729994,29.067028431127927,29.582186028872233,41356496
2016-12-29,29.506977081298828,29.623546296569202,29.123426662951434,29.217433026134064,35917764
2016-12-30,29.424253463745117,29.73635738977368,29.187354033245303,29.55586358931368,32065755
2017-01-02,30.58994483947754,30.710272040671693,29.247519658827677,29.58970841799941,58548488
2017-01-03,30.33047866821289,30.751632852249866,30.176308708548728,30.61250077962574,35044374
2017-01-04,30.4921817779541,30.75916005160285,30.18759673184816,30.39065342925212,35099342
2017-01-05,31.53377914428711,31.77443959590118,30.631309978713233,30.766681106347203,75532720
2017-01-06,31.552581787109375,31.99253495136349,31.255518699261092,31.624028330908104,43433597
2017-01-09,31.73682975769043,31.90228265729172,31.537534082662013,31.86467890433025,32776833
2017-01-10,32.48137283325195,32.52649553707507,31.78195737363219,31.7894793298651,53724867
2017-01-11,33.71098709106445,33.91404076538865,32.68818772957972,32.73707141188629,119983314
2017-01-12,33.6583366394043,33.92907582898401,33.33494978724034,33.767383908497514,56274460
2017-01-13,33.568092346191406,33.87267735935812,33.18078388509323,33.84259555807553,44420995
2017-01-16,34.47808074951172,34.557046224613835,33.334951310196935,33.41015881882073,70071305
2017-01-17,34.16221618652344,34.56456853266976,33.91027885915963,34.523203800266344,35085425
2017-01-18,35.222618103027344,35.34670627404752,34.162215138203216,34.19981889174491,95692047
2017-01-19,35.13237762451172,35.256465823532835,34.77138994038812,35.248946877842435,36159719
2017-01-20,34.18101501464844,35.18125131303228,34.03812497521956,35.045880217157105,51717555
2017-01-23,34.73002243041992,34.895475342370155,33.887716970599776,33.91027982629888,45657685
2017-01-24,34.914276123046875,35.083490022088384,34.48560291960264,34.74506523519674,39169155
2017-01-25,35.30910873413086,35.85435121167206,35.05341039190849,35.12109595571831,66204769
2017-01-27,35.294063568115234,35.63249134627584,34.84659152328917,35.335428301530946,52243335
2017-01-30,34.74882125854492,35.233900071603266,34.60593120245239,35.233900071603266,34875839
2017-01-31,34.824031829833984,35.45200075416176,34.60217326498409,34.60969522126676,47691783
2017-02-01,35.69265365600586,35.790421008119885,34.38031334660311,34.899231906102024,58490623
2017-02-02,35.869388580322266,36.166451631696944,35.0646868615685,35.60992928540271,62851755
2017-02-03,35.55728530883789,36.098766765147225,35.20757759397415,35.8656282885714,55469232
2017-02-06,35.6024055480957,35.91827046189211,35.28278266779484,35.67761305724257,50453281
2017-02-07,35.55728530883789,36.083725864515685,35.35047066676074,35.730260182887555,50765665
2017-02-08,35.395591735839844,36.504875420594104,35.154934325645556,36.474793620718714,118473925
2017-02-09,34.583370208740234,35.602408556498354,34.33143286090641,35.32038940694032,68075108
2017-02-10,35.21133804321289,35.48208027289788,34.63601381632356,35.12109264077874,83045940
2017-02-13,35.54224395751953,35.87314978960002,35.3542311964137,35.58360869212523,51417986
2017-02-14,35.527198791503906,35.711453563770434,35.053402956526355,35.640007036861334,34130103
2017-02-15,34.602169036865234,35.70393374782194,34.3878324544883,35.54976377478012,44384867
2017-02-16,35.34294891357422,35.45951815253076,34.26750795069831,34.948118494551146,50594978
2017-02-17,35.21133804321289,35.711457768073764,35.09476880667533,35.519681018316476,41166906
2017-02-20,36.628963470458984,36.77561449067887,34.95187466479381,35.196293031826954,88599048
2017-02-21,36.92226791381836,37.294535449189894,36.4747928691169,36.77185590634963,84637408
2017-02-22,36.403350830078125,36.95987317252571,36.1438885257607,36.8846656601353,52590986
2017-02-23,36.53119659423828,36.69288851518996,35.9596334046448,36.48231292020194,50491014
2017-02-27,36.14388656616211,36.71169181139853,36.06116011373255,36.48983327530472,28663608
2017-02-28,36.30181884765625,36.53119631725617,36.13260497297075,36.211570444093674,35716963
2017-03-01,37.629207611083984,37.79089956355052,36.35447086017582,36.474798074369595,80993746
2017-03-02,37.20052719116211,38.0240307072659,37.020033393571865,37.753288505285056,60064342
2017-03-03,37.234371185302734,37.43366686579806,36.81697794731559,37.1930094648633,35244808
2017-03-06,37.05387878417969,37.67808667037047,36.86962399606986,37.23437259450966,43594723
2017-03-07,36.24917984008789,37.15164896026294,36.14765149946981,37.11404520199149,53773443
2017-03-08,35.53096389770508,36.580084013748284,35.354231059814886,36.467275755282394,62297509
2017-03-09,35.30533981323242,35.74905685642741,35.17372969347535,35.4895945831305,47188140
2017-03-10,35.17749786376953,35.67761762558428,34.760107577085876,35.233903502852144,47480193
2017-03-14,35.53847885131836,36.0235576205576,35.380547909440054,36.0235576205576,58416709
2017-03-15,36.02731704711914,36.098763577202874,35.37678836588263,35.643769598099674,58377790
2017-03-16,37.57655715942383,37.67808548914984,36.24541497357315,36.46351253248186,109072712
2017-03-17,37.76832962036133,38.26092429137325,37.4599836884371,37.89241777962564,71376618
2017-03-20,37.3509407043457,37.80593468867495,37.00123301634853,37.79089378919894,41937507
2017-03-21,37.3321418762207,37.700651471457846,37.0275598729666,37.36974563357747,52141219
2017-03-22,36.70793533325195,37.13660854736912,36.58008616687807,36.85082540089386,48831437
2017-03-23,37.26445770263672,37.34718416518189,36.66281261852092,36.66281261852092,43316671
2017-03-24,37.09148406982422,37.5953617661857,36.93355009727536,37.305820666633075,32350073
2017-03-27,35.835548400878906,37.05764347358671,35.69641930981003,37.05764347358671,64970273
2017-03-28,36.113807678222656,36.29806247501164,35.8731502568438,35.91451198079695,46146477
2017-03-29,36.42967224121094,36.46727599801362,36.11756828660776,36.24917842422586,34262479
2017-03-30,35.91075134277344,36.576320932811065,35.78289918008474,36.42966990411833,48727568
2017-03-31,36.30181884765625,36.54247623850489,36.02731567067957,36.14764587169936,33748119
2017-04-03,36.53872299194336,36.84330803082182,36.3093454738114,36.55000592677028,32960346
2017-04-05,37.099002838134766,37.46751242780558,36.59888612208585,36.70041445870074,51637081
2017-04-06,37.726966857910156,37.93378448237575,36.39582475346826,37.129079849104976,53098461
2017-04-07,37.09148406982422,38.08043758406341,36.89970731824284,37.67056626892946,56468564
2017-04-10,37.253170013427734,37.512629270124336,36.88089950398487,37.37725817578148,31410883
2017-04-11,36.70793533325195,37.30206147250878,36.57256421064833,37.264457713743006,42873212
2017-04-12,35.903236389160156,37.042605075376365,35.797950072002315,36.88091010444138,52561471
2017-04-13,34.86163330078125,36.03860568883907,34.76010796719952,35.67761802599516,62005435
2017-04-17,34.775142669677734,35.188774920281595,34.5758469938781,34.602167814338394,39758080
2017-04-18,33.8350715637207,35.647531599311684,33.692181510641326,35.12861001928047,76697239
2017-04-19,33.89899826049805,34.25622492113366,33.24470854193012,33.69218361781199,98947847
2017-04-20,34.17349624633789,34.27878555543403,33.71098331095644,33.898996062810944,42222213
2017-04-21,33.906524658203125,34.64730191109271,33.77491450165519,34.594657246235194,48743564
2017-04-24,33.89524459838867,34.188546741659735,33.62450531659691,33.993014990671,52020178
2017-04-25,34.192298889160156,34.436717278757015,33.9403615551402,34.09829251112857,44610082
2017-04-26,34.12837600708008,34.84283234471941,33.90275948411664,34.36151448603159,49063275
2017-04-27,33.53049087524414,34.20734042304272,33.39135878333108,34.14341584390146,64969927
2017-04-28,33.786190032958984,34.49688538815153,33.530491710027974,33.692183650845095,65664757
2017-05-02,33.47031784057617,34.14340929253784,33.34622968398024,33.91779281989578,49217735
2017-05-03,33.150699615478516,33.83883206054835,32.90628123426719,33.639536377901166,52572996
2017-05-04,33.27478790283203,33.69218114674967,32.79723106062364,33.616973637695125,68599439
2017-05-05,32.60921859741211,33.20334166374083,32.18806437209631,33.20334166374083,59847399
2017-05-08,32.48137283325195,32.81979762871247,32.195589686656014,32.639303802228575,57892409
2017-05-09,32.6016960144043,33.09053277338765,32.43248213199041,32.48888776319207,49739988
2017-05-10,32.89875793457031,32.98148438415301,32.571613113763945,32.73330503540491,37155377
2017-05-11,33.17701721191406,33.496643070854574,33.06796994818607,33.14317443848282,58075629
2017-05-12,32.84235763549805,33.383839067949076,32.5340116581593,33.27102780139616,60840632
2017-05-15,34.297584533691406,34.36150910481369,32.925080720882924,32.94011860812136,102387066
2017-05-16,34.33518981933594,34.89547309722961,34.24494141353721,34.824026568105246,108098645
2017-05-17,37.14412307739258,37.52767354211621,35.030842071722475,35.34670698318952,518583508
2017-05-18,36.56879806518555,37.350936800964554,36.36950240396706,36.71168810087038,140336515
2017-05-19,36.81321716308594,37.30205388281359,36.11756282341832,36.8508179030098,95252188
2017-05-22,36.580081939697266,37.37350369305713,36.425908955526936,37.065157724716464,65312372
2017-05-23,36.88090133666992,37.36598011177275,35.91826875268842,36.7793760220586,102647904
2017-05-24,36.350711822509766,37.226857195195045,36.211579709681246,37.03884440738449,75995954
2017-05-25,36.45223617553711,36.6289690198302,35.85058809366672,36.47479602133286,67817838
2017-05-26,38.48654556274414,38.719680994318004,36.52367368629519,36.617683065597674,170458469
2017-05-29,38.18196487426758,39.15588047244598,38.06539865100864,38.512870699649795,71083536
2017-05-30,38.49407196044922,38.65576390849263,37.92250867508943,38.23461264795205,42846530
2017-05-31,37.95634841918945,38.73096832775905,37.79089550624483,38.36621972371335,45818800
2017-06-01,37.3885498046875,38.200770537292954,37.151650334482525,37.95635212187041,40791839
2017-06-02,36.997474670410156,37.843538054820236,36.704169605658514,37.74953168126157,59630340
2017-06-05,36.94858932495117,37.59535700012911,36.62520247617128,37.07643846900347,49779538
2017-06-06,36.873382568359375,37.339659469289856,36.73425350030172,37.14412176059667,43281152
2017-06-07,36.91474533081055,37.17796255394587,36.62520126633731,36.98242786686826,34502787
2017-06-08,37.52767562866211,38.46022650424194,37.42238932644654,37.8284996573748,125201083
2017-06-09,38.13308334350586,38.23085070549357,37.290780843670596,37.48255458960233,66471034
2017-06-12,38.2346076965332,38.67080281314034,38.01651013822964,38.1819630429853,55453719
2017-06-13,38.24964904785156,38.57303591707162,38.016510587378605,38.279730847036895,62615257
2017-06-14,37.80217361450195,38.336136083705945,37.689365363124324,38.204525955233535,49290966
2017-06-15,37.794654846191406,38.0917178810505,37.54647548752972,37.66304471710677,42803287
2017-06-16,37.74953079223633,38.18196190713679,37.68936418517526,37.90370075945117,35948181
2017-06-19,39.073150634765625,39.152116106445725,38.166920671220275,38.37749626609753,100698698
2017-06-20,39.28373336791992,39.53191276057636,39.14460427561962,39.407824569843896,62050673
2017-06-21,38.93026351928711,39.381496540661104,38.78361248622144,39.204763707662664,44722568
2017-06-22,38.7309684753418,39.283729839081886,38.50535196089987,39.182201504225645,40020828
2017-06-23,38.14811325073242,38.648232850674546,37.805927582388584,38.648232850674546,41937853
2017-06-27,38.4226188659668,38.6407133870253,37.88865646135505,38.354933321089774,47716145
2017-06-28,39.15211868286133,39.32133256987597,38.30981624792437,38.5053509568341,72381912
2017-06-29,40.23884582519531,40.35541506681765,39.26117220022269,39.47550880434229,101307681
2017-06-30,41.043540954589844,41.205232873287265,39.86281083916215,40.19371663146893,88894303
2017-07-03,41.40829849243164,41.61511315183284,40.7652886446035,41.02474796622058,67677306
2017-07-04,41.178916931152344,41.70535747923571,40.942017480038324,41.44589818309549,52898301
2017-07-05,41.35940933227539,41.55118306439325,40.91193427947589,40.9420160792758,49602847
2017-07-06,41.71287155151367,41.92720812137432,41.287959389254524,41.36316689373386,68293710
2017-07-07,41.615108489990234,41.73167772498428,41.430853698471175,41.58878766742661,43034358
2017-07-10,42.06634521484375,42.235556097720774,41.3030052137723,41.528624742927136,11320169
2017-07-11,41.878326416015625,42.26187687778887,41.75423824346047,42.14530764932044,51564816
2017-07-12,42.047542572021484,42.2054735294864,41.739199601585064,42.11522812841823,42624612
2017-07-13,42.41229248046875,42.56646246483125,42.13027032387541,42.49125796162897,44634265
2017-07-14,41.99489974975586,42.483736554867775,41.87081156507028,42.483736554867775,49097544
2017-07-17,42.10018539428711,42.39724842944727,41.89712873394236,42.27315724439511,25825143
2017-07-18,42.3634033203125,42.79207649155922,41.889607449774324,41.93097218251818,36130614
2017-07-19,42.95753479003906,43.044022232925975,42.36716961386474,42.41605329702838,34489657
2017-07-20,42.651344299316406,43.15271957558092,42.57862467159127,43.0417261369639,34222531
2017-07-21,42.3489990234375,42.71641912262279,41.614158825066916,42.71259112756196,34584667
2017-07-24,41.98540115356445,42.43702179079583,41.89737566191556,42.43702179079583,22676245
2017-07-25,42.32603073120117,42.41023129156248,42.00453740392636,42.01602138818996,29810704
2017-07-26,43.30581283569336,43.47421394192433,42.41405563640163,42.48294727666406,74390074
2017-07-27,42.96135711669922,43.520143155224744,42.72023637905014,43.3976687892136,42185823
2017-07-28,42.24565887451172,42.92691629349568,41.98157626958033,42.92691629349568,25313280
2017-07-31,43.40915298461914,43.73829922861643,42.34899461343586,42.34899461343586,59036776
2017-08-01,43.81484603881836,44.03300188744402,43.52397055236829,43.60817110911587,53437033
2017-08-02,43.573726654052734,43.9220128757367,43.2866822180382,43.86077415491491,31358550
2017-08-03,42.812095642089844,43.50483394410098,42.67814034928854,43.40149954338511,34494894
2017-08-04,44.078922271728516,44.45782625487781,42.81208917345159,42.81974209668096,35301371
2017-08-07,45.931339263916016,46.05381364074351,44.702779760320304,44.779324330307716,115592594
2017-08-08,47.18669128417969,47.87943266256802,46.38678750867529,46.712108824399046,210405668
2017-08-09,46.314064025878906,47.48904375590571,46.118873091550675,47.15224154893729,54607021
2017-08-10,46.2604866027832,47.05273747885753,45.77824813837402,46.29493549114927,80652309
2017-08-11,45.67873764038086,46.38295683240109,45.257731806226936,45.927511307505725,90049019
2017-08-14,47.7454719543457,47.88708015783457,46.310237688836295,46.493947699340275,89803620
2017-08-16,48.31574249267578,48.4267328801594,47.492873845911326,47.841156986488556,76939845
2017-08-17,47.87177276611328,48.759705022557974,47.77226330163182,48.231539874902126,48456307
2017-08-18,47.890907287597656,48.12820001872509,47.46607961995239,47.64596163296297,35541878
2017-08-21,47.57707214355469,48.886004088289546,47.38953413372904,48.44586748892623,43827924
2017-08-22,47.42780685424805,48.22005455374787,47.02976900736729,48.22005455374787,38737966
2017-08-23,48.575992584228516,48.717603850001545,47.19051307445629,47.764607996208056,41132489
2017-08-24,48.91279602050781,49.03144238908729,48.269809446583366,48.68315927189792,51528531
2017-08-28,48.67168045043945,49.2113296252621,48.36167111342604,49.000829760855225,37426701
2017-08-29,48.239192962646484,49.02378776290688,48.06696692882657,48.64488681068619,36140921
2017-08-30,48.88600540161133,49.09650831834435,48.53772226820557,48.606613908965656,36989980
2017-08-31,48.840084075927734,49.218985077256384,48.39229142620337,48.75588351287162,68373774
2017-09-01,49.84665298461914,49.96529934842049,48.91662204481022,48.98551367958824,64575820
2017-09-04,49.49072265625,49.884935628964435,49.104165673131924,49.83135289633315,25309449
2017-09-05,49.91554641723633,50.09542843405387,49.5442984008265,49.57491622519792,33260503
2017-09-06,49.984439849853516,50.2217295296787,49.410344895303396,49.53281926203543,28617289
2017-09-07,49.96913528442383,50.29062554468799,49.77776926130918,50.29062554468799,26286330
2017-09-08,50.168155670166016,50.80348634914319,49.89641707419622,50.06864619345141,49460121
2017-09-11,50.71928024291992,50.81496171433729,49.95382234188615,50.290621489056974,33680335
2017-09-12,52.27316665649414,53.04628063081583,51.63017998788956,51.668453806576146,108238379
2017-09-13,52.02439498901367,52.34206034083822,51.718210557302726,52.185140129995595,24700131
2017-09-14,51.87512969970703,52.33057834290571,51.44647395601874,52.01291299762391,20005664
2017-09-15,51.970802307128906,52.15834032334004,51.404366393710156,51.74499660550492,34026916
2017-09-18,51.50770568847656,52.280819618018796,51.369922401063576,51.744998446832795,24070103
2017-09-19,51.7756233215332,52.15452434864564,51.5153686897485,51.568948362282065,38928081
2017-09-20,52.636756896972656,52.954416077125735,51.626350244751194,51.76030246797033,92165763
2017-09-21,52.59465789794922,53.29505530752771,52.143040314431246,53.107517270314844,64366580
2017-09-22,50.06098937988281,52.3573632962026,49.831352601220374,52.3573632962026,46381421
2017-09-25,48.97020721435547,50.15284299134582,47.695721022069264,50.13753101314108,74144046
2017-09-26,50.06864929199219,50.2906300984944,48.90132533335011,49.18071687143954,41446259
2017-09-27,49.70505142211914,50.52026721620389,49.222812949399355,50.52026721620389,52058583
2017-09-28,49.73184585571289,50.252358163471435,49.192196637874176,49.97679156207367,69053825
2017-09-29,49.94999313354492,50.290620266857644,49.75862713051349,50.12222222978848,29796912
2017-10-03,50.58150100708008,50.97188597765234,50.25235475758341,50.25235475758341,29913418
2017-10-04,50.44371795654297,50.71545654583516,50.095434796600415,50.55088342030114,29226912
2017-10-05,50.59680938720703,50.9297836279161,50.3250708020797,50.36717261392787,16296360
2017-10-06,52.927635192871094,53.10751724016393,50.90682472867532,50.922133643454636,99343423
2017-10-09,53.37160110473633,53.918903217854535,52.93911431614259,53.04627978080874,58978544
2017-10-10,52.87788009643555,53.899767773927,52.44156836605277,53.65481900941695,44061515
2017-10-11,52.227237701416016,53.49024309023083,51.538327342888564,53.161096825722296,43999504
2017-10-12,52.939109802246094,53.107510909592484,52.158339917331936,52.663543239371116,47487845
2017-10-13,54.41261672973633,54.917820068817335,53.19936618187353,53.39456019211019,101064329
2017-10-16,54.72645568847656,55.074738824324186,54.47385709038183,54.59250346531744,44220488
2017-10-17,54.53891372680664,54.97522537988399,54.22890442848708,54.72645172941835,29402091
2017-10-18,54.31694030761719,54.94461497744303,54.125571220106934,54.79535076700222,35701544
2017-10-19,54.00310134887695,54.424107222938346,53.804082396311905,54.259531029227034,4307990
2017-10-23,54.50064468383789,54.68052671378575,54.01840931751681,54.08730095980483,28548854
2017-10-24,55.05943298339844,55.74834326622578,54.65756405447796,54.86041404860199,47809675
2017-10-25,54.929298400878906,55.625870787660276,54.30927977238925,55.269931670318336,33219096
2017-10-26,55.817230224609375,56.09279676649923,54.79151781053478,54.936950940103216,59475816
2017-10-27,55.63351821899414,56.242062032271996,55.31202800042813,56.10044769960859,29148327
2017-10-30,54.97905349731445,56.26120176601748,54.588671622337685,55.87081376134588,52971878
2017-10-31,53.87297058105469,55.86316610848176,53.36776724247001,55.41919842372036,142174315
2017-11-01,54.1408805847168,54.88337667119632,53.85766415638961,54.6192910210011,57294888
2017-11-02,54.04903030395508,54.26718616233851,53.39073166919562,54.26718616233851,33414711
2017-11-03,54.26335144042969,54.58101675208541,53.8614886387905,54.19445979876369,34506786
2017-11-06,54.10260772705078,54.80300508059082,53.52851274146619,53.96099951037976,41384185
2017-11-07,53.061580657958984,54.58867152968945,52.537246562635964,54.33989786522037,46784135
2017-11-08,53.05775451660156,53.62036854325662,52.36118827199704,53.214674700535426,37686385
2017-11-09,53.842350006103516,53.968652366727156,53.0845481017512,53.50554779757032,26681686
2017-11-10,53.75432205200195,54.24804445194893,53.252949792904516,53.628019689986374,30366996
2017-11-13,52.897010803222656,53.92272329047093,52.59465134549716,53.85000672049915,33991271
2017-11-14,52.47218322753906,53.20702334981057,52.181310800301034,52.778367633434726,38746541
2017-11-15,51.87894821166992,52.16599569186933,51.2283086868134,51.97463274830134,45112424
2017-11-16,52.5372428894043,52.778360548178895,51.76029799497324,52.27315726572659,25878074
2017-11-17,53.67394256591797,54.29396111816279,53.12280951530565,53.12280951530565,42330659
2017-11-20,53.74666976928711,54.1868125370569,52.82812267596715,53.421354582725186,34524451
2017-11-21,54.45089340209961,54.99819551572274,53.73519016661587,53.88062944948948,38387418
2017-11-22,54.42792892456055,54.883377530461075,54.06433379985055,54.61163588694163,23847964
2017-11-23,54.554229736328125,54.84510214998315,54.12939896960761,54.60780939973736,38658332
2017-11-24,54.22890853881836,54.561879697897396,53.83087066790369,54.50447510474235,20206969
2017-11-27,53.777286529541016,54.2710089537319,53.5093759443585,54.2710089537319,19579324
2017-11-28,53.87678909301758,54.569530369976626,53.36393595606701,53.71987504742257,26703906
2017-11-29,54.29396438598633,54.424097798308686,53.750493420215015,53.750493420215015,32084900
2017-11-30,53.13431167602539,54.117925569488406,52.816646321685695,53.964830287572916,41880828
2017-12-01,52.12006378173828,53.42134890855033,51.82153539514811,53.191706029916716,41374256
2017-12-04,52.64823913574219,53.03862102628697,52.08945000257603,52.44156420673786,24375802
2017-12-05,51.72202682495117,52.47600379298975,51.362262783065376,52.4339050497254,34943035
2017-12-06,51.10201644897461,51.39671689390885,50.57384815428413,51.05608663910737,44777053
2017-12-07,52.663543701171875,52.81663896175373,51.2857200692573,51.2857200692573,42212179
2017-12-08,53.4136962890625,54.642258796587726,52.445388371437424,52.74774783622626,78807287
2017-12-11,53.54764938354492,54.08347055013528,53.172573340992656,53.48641372959661,23169687
2017-12-12,52.80515670776367,54.20211414707597,52.51810923112674,53.490235914640806,41775280
2017-12-13,52.116241455078125,53.05775646353512,51.73350943460243,52.96207192599247,38435395
2017-12-14,52.49131774902344,52.720954510578885,51.369920708136156,52.433907026210846,32998436
2017-12-15,53.1764030456543,53.64715748687178,52.89701155057372,53.27591251320888,33150073
2017-12-18,53.94186019897461,54.714974091283636,51.59190069628532,52.74774660516415,53465226
2017-12-19,54.362857818603516,54.50064109410432,53.98013194638537,54.27100434483451,21360971
2017-12-20,53.796417236328125,54.8757154418626,52.9658988087875,54.8757154418626,77547988
2017-12-21,54.69966125488281,54.902511243279775,53.65863680622532,53.79642008483974,50398659
2017-12-22,54.439414978027344,54.86807072704091,54.125574558907154,54.86807072704091,34876783
2017-12-26,55.23931121826172,55.49573472841818,54.5006401227528,54.653735372667164,63096450
2017-12-27,55.377098083496094,55.847852522191666,54.9522673189982,55.24696466074962,37906729
2017-12-28,56.35689163208008,56.605665347556,55.465131186721756,55.49958007870093,121467439
2017-12-29,56.06218338012695,57.015173175150075,55.87847029442841,56.49083907383036,29562261
2018-01-01,55.281410217285156,56.291816804520295,55.07473530675599,56.069829917050654,19249201
2018-01-02,55.82489776611328,55.97416198557871,54.74942427024587,55.419203857636454,25896915
2018-01-03,56.25736618041992,56.452560167050905,55.974149783035855,56.03155437054996,27654851
2018-01-04,58.19397735595703,58.43892607861257,56.03155598309412,56.3760141665637,84839667
2018-01-05,58.993892669677734,59.46847820700917,58.36621798951135,58.481033314213704,74902157
2018-01-08,58.84461975097656,59.541185974788625,58.557572287144964,59.533529986355695,27125386
2018-01-09,59.11636734008789,59.77083495604147,58.71067342642406,58.94031021856107,33564228
2018-01-10,59.15846633911133,59.47613169334648,58.39683937873725,59.03599501737587,31392536
2018-01-11,59.013031005859375,59.54502115355943,58.814012050513355,59.158464162645735,20307574
2018-01-12,58.95943832397461,59.46081671352849,58.17867457324369,59.0321610235732,22775863
2018-01-15,59.973670959472656,60.70086119023497,59.01685009647324,59.093397727015585,43786108
2018-01-16,58.614990234375,59.91626937036398,58.18250345576055,59.91626937036398,29298001
2018-01-17,59.24648666381836,59.54884612565056,57.94520759734725,58.78721314146266,31364071
2018-01-18,57.54334259033203,59.69427697768129,57.1185118400869,59.32303201846222,48458449
2018-01-19,57.6390266418457,58.32794309614175,56.83529486496384,57.600758954113964,33776091
2018-01-22,57.57778549194336,57.89928184983708,57.206540531775715,57.56247964425016,37845999
2018-01-23,59.6866340637207,60.249242027095384,57.562486195028114,57.562486195028114,84355326
2018-01-24,58.33559799194336,59.75169243202424,57.95669088433629,59.74403644274331,51799508
2018-01-25,58.875247955322266,59.17760131963321,58.040898311391096,58.5575826114458,88142731
2018-01-29,59.94688415527344,60.609007673724165,58.951789477621446,59.01685005978603,68308614
2018-01-30,59.38810729980469,60.004301077683635,59.035993066904965,59.75169632283025,63179831
2018-01-31,56.64592742919922,60.08863384623881,56.37677865156465,59.09238064802957,129589020
2018-02-01,55.979087829589844,57.26457690295953,54.761889692807486,56.88294819629132,74039310
2018-02-02,53.86605453491211,55.67779619068762,53.512548901588374,55.59744815022348,65009260
2018-02-05,53.35186004638672,54.191444371109014,52.26321395425465,53.10681322920468,46987220
2018-02-06,53.38801193237305,54.55299109336776,50.821052022578606,51.4999494441963,67045570
2018-02-07,53.17108917236328,54.81008992925394,52.785439411455776,53.66921883651569,67895210
2018-02-08,53.94639587402344,54.39230052321681,52.5444120763259,53.03048461563081,58455900
2018-02-09,55.05915451049805,55.436768260560356,53.03852496934745,53.32374582195685,91402880
2018-02-12,57.29269027709961,57.59799812733299,56.03130324400099,57.52568611502166,120363070
2018-02-14,56.88295364379883,57.887243036311546,56.60576879071396,57.790829047939766,48859510
2018-02-15,56.28438949584961,57.7787724572299,56.01925565083479,57.15209691788244,51312450
2018-02-16,55.41667556762695,57.003451241540034,54.92256700879768,56.882941444041194,50127600
2018-02-19,52.130645751953125,55.709927818803386,51.33926536830322,55.709927818803386,176587080
2018-02-20,52.32748794555664,53.14699145426921,52.07441120790038,52.608693855812135,102144780
2018-02-21,51.49592971801758,52.668938670517434,50.85720024620787,52.616713674957644,103075390
2018-02-22,51.22276306152344,52.04627829983968,50.84514937219134,51.447725908178406,89506310
2018-02-23,54.45256042480469,55.14752681925401,51.33926397485109,51.48789681160464,218662140
2018-02-26,54.6494026184082,55.64967694532441,54.08700307497859,54.633336687036774,91997750
2018-02-27,53.97050857543945,55.187706697303426,53.76562963849312,54.74581696045382,68053760
2018-02-28,53.95845413208008,54.23161785755344,53.02647079405225,53.33579358999881,71126500
2018-03-01,54.23563766479492,55.03505416186569,53.83392194098569,53.93837195218121,71283990
2018-03-05,52.69706344604492,53.77366472710315,52.36765975409625,53.769649776727704,97854660
2018-03-06,53.00638198852539,54.15127411195481,52.74928420220687,53.416133692553096,84149600
2018-03-07,52.038246154785156,53.13894931758205,51.79319934637651,52.785437559957835,51305770
2018-03-08,51.090206146240234,53.10280279130175,50.83310832683352,52.777414034050565,71261050
2018-03-09,48.748199462890625,51.961928119883886,48.32639981783004,51.42362442463119,180963670
2018-03-12,50.04574203491211,50.3269417955644,48.720079015042685,49.36684152939048,121935810
2018-03-13,50.52378463745117,50.873278416377225,49.35881150405977,50.05377798171621,104904050
2018-03-14,49.85693359375,50.68848493382248,49.70026472278326,50.13411839538997,86551810
2018-03-15,49.14990997314453,50.02163221242277,48.977172118208756,49.812741419518865,75109510
2018-03-16,48.221954345703125,49.32265453635872,47.75596264953136,49.149916657929204,117395820
2018-03-19,46.19328308105469,48.35853025244532,46.02456323870283,48.20587940434325,125423170
2018-03-20,47.64347839355469,48.27818989497226,45.6710560250322,45.87592881238364,176450350
2018-03-21,46.7797966003418,48.34247058052308,46.639196704602064,48.12152876288861,119394510
2018-03-22,46.671329498291016,47.19757607720725,45.956276052629946,46.815947393463766,114862450
2018-03-23,45.5143928527832,45.699181718437906,44.469929516264266,44.99617919992972,141335500
2018-03-26,46.72355270385742,47.26988630826686,45.05643497869892,45.70721245979868,109299980
2018-03-27,47.40244674682617,48.125536143479344,47.20560693628894,47.43859968423524,100381680
2018-03-28,45.879947662353516,46.84004789691376,45.41797401519565,46.6833790261594,186550570
2018-04-02,46.50260925292969,46.62312212133314,45.642937919292216,46.04465361033206,68893450
2018-04-03,46.57491683959961,47.036887418924685,45.663020531258276,45.811656435946915,105083170
2018-04-04,45.036346435546875,47.44262257034516,44.795317633529166,46.848085063024655,139098930
2018-04-05,46.635169982910156,46.88825281284246,45.7554147624638,46.104905428793494,132621680
2018-04-06,47.177490234375,47.394417068411435,46.03661611442571,46.1852520187231,85202010
2018-04-09,47.093135833740234,47.864429290888516,46.87219095884724,47.36228463417514,94892210
2018-04-10,48.35853576660156,48.5754626164382,47.587242343747505,47.643482297610966,108507100
2018-04-11,48.8526496887207,49.08162752996869,48.2340071028398,48.84863167330295,87247160
2018-04-12,48.07733154296875,48.90888285787633,47.94074662134934,48.76024695652378,66284990
2018-04-13,47.727840423583984,48.58349680972433,47.43458968450624,48.20588307819394,67161460
2018-04-16,47.53099822998047,47.94878289700723,47.01278464486595,47.482791245953294,51458130
2018-04-17,47.888526916503906,48.57546037689206,47.559120174127465,47.80416698959808,64003780
2018-04-18,48.33443069458008,48.59956451560158,47.77202812728842,48.28220875930952,42591350
2018-04-19,49.969417572021484,50.174293444945114,48.69196147500258,48.69196147500258,108170080
2018-04-20,48.70400619506836,49.72838236315281,48.41477042691052,49.72838236315281,63462740
2018-04-23,48.736148834228516,49.08965754857217,48.21391719579468,48.87273376660174,45911610
2018-04-24,48.0090446472168,48.35050238267587,47.35424608813952,47.75997980737081,59530460
2018-04-25,47.09714889526367,48.08536917225691,46.94449802909074,48.045198214300626,41224430
2018-04-26,46.454402923583984,47.526983098264616,46.333886988628784,47.24176532137468,74630620
2018-04-27,47.386383056640625,47.784080736887674,46.699449585360256,46.836031450655135,47174050
2018-04-30,47.80015182495117,48.19785258745523,47.08108033100117,47.53502104812946,36587540
2018-05-02,46.157127380371094,47.99698573642787,46.032593448599755,47.972880714072105,42410680
2018-05-03,47.036888122558594,47.1935600594916,45.6429372689829,46.116961900250026,67789040
2018-05-04,46.659278869628906,47.38638330122856,46.538762934460465,47.13731846547597,38816320
2018-05-07,47.9206657409668,48.0411786108516,46.679362646674846,47.07706339238304,45535090
2018-05-08,47.912628173828125,48.54332167368838,47.44262156017409,48.20588197101802,41259580
2018-05-09,48.45896530151367,48.916920968632404,47.607329952411014,47.675620887981005,62382110
2018-05-10,47.73587417602539,48.75221433872032,47.49484538510462,48.51921851272972,40012690
2018-05-11,48.78837203979492,49.053505881077285,47.4988649709113,47.964856668372065,61555370
2018-05-14,49.03743362426758,49.40701131949891,48.390671125189,48.864695756845705,51731390
2018-05-15,50.29079055786133,51.16251291026282,48.647771715395606,48.928974550421906,128184360
2018-05-16,49.913169860839844,50.81703007964781,49.567694154241025,50.29479850506433,84263010
2018-05-17,49.03342056274414,50.680457492160706,48.37862503233629,50.6121634894175,160373410
2018-05-18,47.514930725097656,49.547611110175815,47.43057079904058,49.411029248420775,82166290
2018-05-21,46.357994079589844,48.26614372401312,46.177220169104295,47.60331218192813,71622330
2018-05-22,46.34192657470703,46.88022417848956,45.75542198027398,46.446373522025944,60966460
2018-05-23,43.389312744140625,46.27764648506256,43.17640391779026,46.27764648506256,171483860
2018-05-24,44.04410934448242,44.50206499980742,43.10811102278318,43.69863359539899,87008220
2018-05-25,45.65498733520508,45.85986318877229,44.34941138406327,44.51009826794251,88956190
2018-05-28,46.32986831665039,46.55482810799159,45.40190304767336,45.87592765431895,52356670
2018-05-29,46.225425720214844,47.241765956199764,45.74336810361133,46.19328772848192,64779110
2018-05-30,46.430301666259766,46.71953746265806,45.59875028403846,45.63892124134987,62018880
2018-05-31,46.24952697753906,47.18552528479065,45.96029425088847,46.92039451914905,66525100
2018-06-01,45.04438018798828,46.56688305371125,44.694889491651956,45.7955896478374,92496660
2018-06-04,45.486270904541016,45.99644850448576,45.016261197525395,45.31754797812246,87425270
2018-06-05,45.96430969238281,46.1892725686453,45.040365420608985,45.538492030819555,46882040
2018-06-06,46.57893371582031,46.735602592040756,45.73131335224431,46.15311605889783,44453050
2018-06-07,48.37459945678711,48.519217340816006,46.75166780867745,46.76773680299703,92793530
2018-06-08,48.24605178833008,48.86469429348063,47.563136369121565,48.12553892515365,83860780
2018-06-11,47.29398727416992,48.64776712333098,47.10116240364349,48.290240421488974,51511010
2018-06-12,46.59902572631836,47.30202826960333,46.374065893218486,47.15741035836831,85889350
2018-06-13,45.60276412963867,46.90432518190037,45.47421523044773,46.56688240599446,90600320
2018-06-14,45.759437561035156,46.18123721360586,45.072501006417305,45.55456169273075,74825140
2018-06-15,45.474212646484375,46.18123308428354,45.1528419491919,45.89199731132719,62087640
2018-06-18,44.87164306640625,45.26934382143512,43.97180074448431,45.23318781422904,105669650
2018-06-19,44.59044647216797,45.44208493155819,44.14454176225846,44.8314752995885,94521900
2018-06-20,45.25327682495117,45.46618566784096,44.45386339405533,44.69087419958238,66107030
2018-06-21,44.8113899230957,45.71123228037206,44.67882299954425,45.71123228037206,84651980
2018-06-22,45.14079284667969,45.36173463559744,44.678819193709884,45.02429492968052,62478450
2018-06-25,44.879676818847656,45.377803410093385,44.69890292168809,44.97608772509095,38992610
2018-06-26,44.148555755615234,44.984125141740094,43.24469543649828,44.859591191454314,102075820
2018-06-27,43.642391204833984,44.389582614390704,43.31298447001792,44.32530663450103,56541500
2018-06-28,44.06419372558594,44.710956212720895,43.70666701715077,43.78700892685742,86559780
2018-06-29,45.61481857299805,45.77952041487657,44.27308655268836,44.345395500667294,94773840
2018-07-02,45.03232955932617,47.121253047618644,44.690871825761775,46.273632671623126,157630480
2018-07-03,45.474212646484375,45.98841127887753,44.46590852084422,45.148823934332135,112361770
2018-07-04,45.88396453857422,46.06875337988176,44.95600231715991,45.58669579950098,68629470
2018-07-05,45.246124267578125,46.20289059313473,45.13981585824859,46.20289059313473,60136530
2018-07-06,45.262474060058594,46.14155618270472,44.677782519830664,44.97626272685733,66147830
2018-07-09,45.4342041015625,46.264220089546576,45.36469296091003,46.096579794314145,74437510
2018-07-10,46.501365661621094,46.69353433482044,45.54050669827737,45.712236607994384,100049050
2018-07-11,45.4423828125,46.26013309254422,45.315632517323465,46.26013309254422,61112450
2018-07-12,45.401493072509766,46.440036237312256,45.233852778278106,45.794012807955895,84439880
2018-07-13,45.679527282714844,45.957562479216215,45.2215860415745,45.7408591724299,55791290
2018-07-16,42.4616813659668,45.78583814892298,42.28177843111046,45.769482769487006,111598850
2018-07-17,43.53293991088867,43.80688552650523,41.95059187773048,42.68656843256452,107927060
2018-07-18,41.23506164550781,43.90910572080494,40.96929215225225,43.83141843768421,164512090
2018-07-19,40.77711868286133,41.98329908618513,40.315087782754524,41.54171319066472,168086510
2018-07-20,41.14919662475586,41.35772383371918,40.47864159933458,40.805742981258604,72614090
2018-07-23,42.26951217651367,42.48212900288818,40.74849922834228,41.378164218566376,68781340
2018-07-24,43.12814712524414,43.308050048858696,42.195909272465585,42.195909272465585,83983690
2018-07-25,43.83141326904297,43.994963947104196,43.25899057503327,43.42253813362477,67826380
2018-07-26,43.73736572265625,44.15441691181752,43.451151308612616,43.90909249940094,74811910
2018-07-27,44.992618560791016,45.266564142406615,43.85594622676962,43.99496227016753,64628850
2018-07-30,45.221588134765625,45.67135014771189,44.75956036720249,44.93128717077785,47877070
2018-07-31,46.043426513671875,46.19471142779823,44.44881295637911,45.13572326785278,63739660
2018-08-01,45.450557708740234,46.41550007685363,45.08256949407399,46.02706997882615,60679920
2018-08-02,45.32789611816406,45.867611152564066,44.20757916119897,45.19705620435405,94930990
2018-08-03,45.34016418457031,45.794015841124754,45.029418203625426,45.499625240173785,55706900
2018-08-06,45.242034912109375,46.19471473797635,45.07848423204474,45.71224194749404,55438810
2018-08-07,46.86935043334961,47.15965137284923,45.27474007827695,45.577306771358764,92858540
2018-08-08,47.225074768066406,47.73616865083769,46.902063059818616,47.28640665789286,90084310
2018-08-09,47.91607666015625,48.059182329305024,47.086060659623726,47.429514265580785,57576870
2018-08-10,47.15965270996094,47.92016064831327,46.83255450044056,47.91607414331626,57254930
2018-08-13,46.513633728027344,47.605329531057514,46.28466154350954,47.0165483701111,78568310
2018-08-14,47.34364700317383,48.001936147043736,46.0025372082861,48.001936147043736,240305600
2018-08-16,46.411415100097656,47.159654188509336,46.059782252223506,46.61176303266377,79071710
2018-08-17,47.44178009033203,47.85474483860333,46.75895938261953,46.77122513721191,87432140
2018-08-20,49.01594543457031,49.21220685341345,47.66665948810038,47.67483561746203,116623180
2018-08-21,47.6053352355957,49.26536739505593,47.47449530853682,49.24901201423983,108737070
2018-08-23,46.7466926574707,47.83021233636605,46.62402887515441,47.83021233636605,66768300
2018-08-24,47.0697021484375,47.37635847026751,46.46865525853556,46.64038205008771,60602690
2018-08-27,47.527645111083984,48.00194176794478,47.34774217181759,47.58488738077825,53919460
2018-08-28,48.275882720947266,48.566183666340464,47.27413997811906,47.633948941535394,90212970
2018-08-29,48.59071731567383,49.216298863863344,47.88336511149531,48.27179522412795,98855320
2018-08-30,49.747833251953125,49.88276278520875,48.333125763692564,48.43534453989176,102836570
2018-08-31,49.105899810791016,50.25075136013684,48.991415279750335,49.73556785098427,86333540
2018-09-03,49.126346588134766,49.878675316126035,48.901464022990844,49.31033914545644,54791330
2018-09-04,48.49667739868164,49.43300178171451,48.296329466778836,49.13861120126248,60995720
2018-09-05,48.60707473754883,48.81969155382846,47.52764463488675,48.24726574315137,57911570
2018-09-06,49.089542388916016,49.70285502493733,48.61524890585027,48.90146022153913,66897160
2018-09-07,50.63100814819336,50.864066847752184,48.82378082042353,49.253097835679434,94458360
2018-09-10,50.181243896484375,51.10938902867858,49.98498247004765,50.69642429187538,62842580
2018-09-11,48.41899108886719,50.45519056438052,48.11233474806196,50.32026102575352,81111720
2018-09-12,49.51886749267578,49.65379703492649,47.683019023202675,48.45170314845601,85663840
2018-09-14,50.2916374206543,50.741399407839424,49.88276231967336,50.01360222720848,79755590
2018-09-17,50.40612030029297,51.06031981656013,49.518862108872206,49.88276068727923,71838910
2018-09-18,50.10763931274414,51.07258469354033,49.8255145261434,50.53695624945276,78280630
2018-09-19,50.79864501953125,51.58368763593772,50.48790216832898,50.53696518721899,101346270
2018-09-21,51.12165069580078,52.95750204895434,47.78114204462967,51.518260022069896,229773790
2018-09-24,49.69468307495117,51.21160941461252,48.70929252619484,50.610562481649225,112429140
2018-09-25,49.146785736083984,49.800988391178635,47.02063646543471,49.800988391178635,109856240
2018-09-26,49.792808532714844,50.22212862993126,48.90146070150324,49.47388645796866,86477200
2018-09-27,50.0095100402832,50.7618418096631,49.67014609465467,49.98088890945985,82395420
2018-09-28,47.53173065185547,50.046313155395914,47.02063677387853,50.046313155395914,130270070
2018-10-01,47.69119644165039,47.90381326296557,45.589578455672914,47.42951659962384,69729490
2018-10-03,47.39680099487305,48.607070920406414,47.118765801205285,47.75661308048396,72170630
2018-10-04,47.61759567260742,48.06327117152336,46.611763260789886,47.163744043931636,76298400
2018-10-05,46.44821548461914,47.92016537120624,45.98209807252439,47.429516448833795,78689670
2018-10-08,45.77765655517578,46.60767252236032,44.48561284059701,46.366437706840266,91710480
2018-10-09,46.81620407104492,47.7484389019034,45.348343798826654,45.794016209231714,77344340
2018-10-10,47.727996826171875,48.067360824144586,46.86935653009429,46.86935653009429,71533140
2018-10-11,45.397403717041016,46.12111442064574,44.89857557545348,45.548688633258905,104016430
2018-10-12,47.143306732177734,47.33138892959173,45.638646033395865,45.859438991960964,57334070
2018-10-15,46.611759185791016,47.38453283852422,46.325547877174756,47.286403692637116,41001830
2018-10-16,46.840728759765625,47.75661119658235,46.579048954809224,46.701712728150376,56605680
2018-10-17,45.35651779174805,47.38862766438557,45.147990604313364,47.27005350366662,50205760
2018-10-19,45.38105010986328,46.00662856384725,44.56738946915319,45.22158905765049,77181960
2018-10-22,44.54694366455078,45.8921432014534,44.285263833852305,45.71224026751673,51019510
2018-10-23,44.616458892822266,44.976267913118036,43.761908180348655,44.15851758742498,46346880
2018-10-24,44.98035430908203,45.352429058436954,44.27299895557144,45.13981536158696,42196170
2018-10-25,44.62872314453125,45.02533253824118,44.1585160992105,44.5428597375636,44678590
2018-10-26,45.10301971435547,45.924859692442176,44.24847209295116,44.780007950635124,60994130
2018-10-29,46.914329528808594,47.06152481884737,45.16434454664716,45.50780126322747,57383130
2018-10-30,46.16200637817383,46.7753191207019,46.047521832017104,46.71398722255511,40153190
2018-10-31,45.291099548339844,45.61411129513733,43.28761378434688,45.381052581558116,140703330
2018-11-01,45.51598358154297,46.112940952546396,45.303369866728445,45.45056517678079,54690570
2018-11-02,46.94295120239258,47.62577501883914,45.84716576363706,45.87578689705916,79794570
2018-11-05,47.22098922729492,47.72390702400153,46.4073285690079,46.93886750084612,45358560
2018-11-06,47.08197021484375,47.789322418373644,46.61176320771412,47.39680268148714,39102740
2018-11-07,47.44995880126953,47.61350635327156,47.34774002153347,47.5112875735355,4138710
2018-11-09,46.79167175292969,47.37636332457338,46.48501539967886,47.37636332457338,43487160
2018-11-12,47.66257095336914,48.22273097126589,46.787578476605724,46.90206300710269,81209960
2018-11-13,48.181846618652344,48.36993193450339,47.355920180676684,47.674842301473916,76264870
2018-11-14,48.173667907714844,49.931832222382056,47.781148155492104,49.473890951720676,216492890
2018-11-15,48.194114685058594,48.81151391082022,47.54809120432477,48.2717988417252,63895210
2018-11-16,46.94703674316406,48.32903339592281,46.57496204104296,48.247259627392914,74569270
2018-11-19,47.62577438354492,47.740258915706185,46.9388640711078,47.22098577694247,48892870
2018-11-20,46.063873291015625,47.265964042787,45.957564884576776,47.18419026519998,76363680
2018-11-21,45.09075164794922,45.95756810059001,44.976267103528144,45.95756810059001,112428980
2018-11-22,44.1298942565918,45.270656278549396,44.00723046604892,45.139816357722886,85416120
2018-11-26,43.39801025390625,44.485619702440964,42.65794719512449,44.485619702440964,100037870
2018-11-27,42.71109390258789,43.33258582085715,41.90969905595189,43.31623044201116,157909070
2018-11-28,42.84602355957031,43.25080904887656,42.412616937070084,42.71109402331171,113524660
2018-11-29,43.63106155395508,44.06446816179728,43.27125258890395,43.50431127116412,139293320
2018-11-30,43.29987716674805,43.89683448601477,42.972775812876286,43.74963918871945,78540710
2018-12-03,44.003135681152344,45.19705012398484,43.81096390121282,44.25663622535411,120923650
2018-12-04,44.01131820678711,44.1994003899565,43.51657967985835,43.5615561931673,61538100
2018-12-05,42.334930419921875,43.586087292461265,42.11413748015558,43.586087292461265,70780820
2018-12-06,41.72161865234375,42.66202957995062,40.96928679078857,41.97103273127789,129667140
2018-12-07,41.648014068603516,42.105955261093385,41.149185993803826,41.7624985868587,82529270
2018-12-10,41.120574951171875,41.664379665749145,40.64219175991364,40.8384500909309,54147050
2018-12-11,40.94884490966797,41.190079739118396,39.75493027826621,40.527704024715746,112425720
2018-12-12,42.54345703125,42.72744958550502,41.3372735683985,41.378160456069665,81419830
2018-12-13,41.889251708984375,43.18129849030625,41.54170850649214,43.18129849030625,68100950
2018-12-14,41.99556350708008,42.34310673772032,41.41905120580056,41.787036320908086,51559800
2018-12-17,42.85011291503906,42.95233169287125,42.22862099891645,42.35946090976286,48048540
2018-12-18,43.09543991088867,43.20992444972758,42.490303337707644,42.768338554660595,56735270
2018-12-19,43.12814712524414,43.54110873218597,42.89917494691825,43.16903401154429,49280430
2018-12-20,42.796958923339844,43.09543913951564,42.52301333609732,42.52301333609732,35173350
2018-12-21,42.53936767578125,43.50431320437966,42.38399625386,42.862379393525345,59696700
2018-12-24,42.00783157348633,42.580257401056684,41.868815521367566,42.359464448159414,43294400
2018-12-26,41.98738479614258,42.30221724891825,41.24731874780022,41.623486208616264,49537410
2018-12-27,41.41905212402344,42.50665835314092,41.29229871184986,42.35946305604687,50169310
2018-12-28,41.93832015991211,42.232710739996115,41.54580042628996,41.558066180548536,63074080
2018-12-31,42.60887908935547,42.931890832814936,42.212269693975244,42.52301568202622,79658120
2019-01-01,42.175472259521484,42.89100377054764,41.99556619566171,42.85011687952583,41281730
2019-01-02,40.36824035644531,41.4435807560495,40.23331082356642,41.37815924211932,117473500
2019-01-03,39.35423278808594,40.32735451220039,39.272459006703805,40.31508875694005,135329440
2019-01-04,39.87759017944336,40.302820680978535,39.21521447776729,39.33378551810293,104800720
2019-01-07,39.7017707824707,40.96928294292008,39.570930877897915,40.511344836650025,84067870
2019-01-08,40.18015670776367,40.34370737981199,39.56275752199896,39.71403932008122,62697060
2019-01-09,39.18659210205078,40.66672123872658,38.863583485085655,39.983900500431545,126966600
2019-01-10,39.284725189208984,39.59138155193174,39.047576853363964,39.25201442851247,70810000
2019-01-11,38.777713775634766,39.599553616807555,38.59781084921365,39.575022108538654,75408240
2019-01-14,38.50376510620117,38.79406603543245,38.17257729331901,38.77771065807825,58899170
2019-01-15,38.847232818603516,38.965806998477184,38.35249421121555,38.679592492739665,76031810
2019-01-16,38.80633544921875,39.24383166126965,38.65505054618458,38.93308572614483,52802930
2019-01-17,38.69184875488281,39.10890309478419,38.475145455675154,38.94944205878348,42819350
2019-01-18,38.4874153137207,39.063930751104294,38.27071199140309,38.72456364056515,49148490
2019-01-21,38.573280334472656,39.047577008041515,38.44244041063811,38.67958874742255,46136900
2019-01-22,37.33438491821289,38.491502216480725,37.20763463362528,38.491502216480725,89577660
2019-01-23,37.99267578125,38.25844523579879,37.371186965208345,37.371186965208345,72593860
2019-01-24,37.6778450012207,37.98450135806275,37.387544024413266,37.98450135806275,47908460
2019-01-25,37.035911560058594,38.090810187881004,36.89689238796884,37.79641958295663,41579670
2019-01-28,36.44712829589844,37.12177287424606,36.250869983323994,37.03590947256104,43351470
2019-01-29,36.2917594909668,36.9745802485046,36.09140841977294,36.30811487143996,52257240
2019-01-30,38.22573471069336,38.54874643502944,36.52890231148441,36.52890231148441,108579250
2019-01-31,38.982147216796875,39.162053243705664,38.24208434705348,38.601896400871055,92437290
2019-02-01,38.818607330322266,39.41556466869764,38.43426369514052,39.00668952300466,50159940
2019-02-04,38.92899703979492,39.13752420965646,36.96230885031405,38.83495751576773,109720290
2019-02-05,38.0008544921875,39.00668690884679,37.57153437019421,39.00668690884679,72819270
2019-02-06,39.66905975341797,39.79989965709018,37.92725412068211,38.10715703856305,109992650
2019-02-07,39.99207305908203,40.184244857726206,39.09663869953697,39.53413493751582,78573380
2019-02-08,38.3320426940918,39.885769405746835,38.1030736239627,39.497336168098265,84145140
2019-02-11,39.30925369262695,39.824437216038426,37.641042458369554,38.843136306506445,232623140
2019-02-12,39.857147216796875,40.658542060502086,38.98215160881911,39.12117076876681,188361110
2019-02-14,39.460540771484375,39.77128363294211,38.875849194481084,39.41556425637106,61850420
2019-02-15,38.22982406616211,39.530047084314106,37.833214697055766,39.497336325745216,74992400
2019-02-18,38.07035827636719,39.00668256737619,37.97631563706067,38.34430382645907,62535140
2019-02-19,38.51194763183594,39.30107671937997,38.05809600991079,38.05809600991079,82245450
2019-02-20,40.1638069152832,40.38459674872116,38.63870124999194,38.63870124999194,154872510
2019-02-21,40.7934684753418,41.12465943668137,40.09838203403024,40.27828808120386,117827140
2019-02-22,41.075592041015625,41.21461119669757,40.24148646533231,40.64218543462437,100057230
2019-02-25,41.304561614990234,41.66437370280934,40.744404719221905,41.21461171250493,103576040
2019-02-26,41.18190383911133,41.590778971557675,40.20877902742841,40.72396256776233,98562990
2019-02-27,41.46811294555664,41.89334343468295,40.71987074489776,41.45993681591573,94443460
2019-02-28,40.9243049621582,41.787031624239994,40.74849167372765,41.42722267946631,74854180
2019-03-01,41.50899887084961,41.6807287840246,41.05106075430153,41.17372141289,66725690
2019-03-05,42.666114807128906,42.760157449931505,41.31273926413547,41.574419070887025,91180370
2019-03-06,42.59252166748047,42.96050990944619,42.150935777121596,42.76016196861418,63112270
2019-03-07,42.61705017089844,42.78468732846661,41.99555831391733,42.51074177861786,61536310
2019-03-08,41.52944564819336,42.40852777658556,41.402695359728526,42.261332484414325,65048470
2019-03-11,42.576168060302734,42.71927685775278,41.66437822669315,41.705265117620385,59082750
2019-03-12,42.94415283203125,43.381649080329936,42.60478573788725,42.882820940883484,82982750
2019-03-13,42.01191329956055,42.931882203930485,41.91787066121405,42.931882203930485,64091530
2019-03-14,42.330841064453125,42.67020816585221,41.991473963054034,42.028274346317254,44966420
2019-03-15,42.150936126708984,42.60070127032491,41.90561166985375,42.3594633187973,42339380
2019-03-18,42.9482421875,43.074992474133424,42.13458158714916,42.4821248088492,63176050
2019-03-19,43.13632583618164,43.49613482441275,42.57616578999181,43.16085734553591,63298400
2019-03-20,41.99965286254883,43.034106417945836,41.79112567771347,43.01775103879506,87023070
2019-03-22,42.39216995239258,42.85011118156406,42.16320089754154,42.27768542496706,52334460
2019-03-25,42.12640380859375,42.3349309966811,41.46402809974045,41.934231999912235,50368870
2019-03-26,42.46986389160156,42.60070381771282,42.04463335187251,42.19591516425339,33298250
2019-03-27,42.17955780029297,42.768335836830396,41.954675242243226,42.523011394984,52391580
2019-03-28,41.40269088745117,42.23270678897227,41.280027117401964,42.06506651120297,89650930
2019-04-01,43.761905670166016,44.48561641379549,43.185393345745524,43.34076477570592,135235540
2019-04-02,43.393917083740234,43.994964033094924,43.01775270709299,43.994964033094924,50868180
2019-04-03,43.786434173583984,44.78000081886289,43.62288662463284,43.905008330202236,114896800
2019-04-04,43.393917083740234,43.945901013209465,43.05455309147681,43.565647011748524,52599170
2019-04-05,44.91902160644531,45.05803765198485,43.438892526837535,43.438892526837535,100377130
2019-04-08,44.8985710144043,45.54868400616759,44.63280471107057,45.237938075530124,106009010
2019-04-09,45.225677490234375,45.3851385382436,44.17895817623128,45.05803719288283,66189360
2019-04-10,44.51832580566406,45.74495127210436,44.29753284736842,45.11119665279213,78891530
2019-04-11,43.80687713623047,44.681869584130325,43.626971097401544,44.240283735806265,60823980
2019-04-12,43.639244079589844,44.37930706805225,43.520669917330345,43.91318966853265,62740160
2019-04-15,45.233856201171875,45.385141127940805,43.83550395292969,43.90501197895739,103903170
2019-04-16,45.242034912109375,45.54051201771781,44.90675742173826,45.266566422304656,63236540
2019-04-18,44.41201400756836,45.34424872643148,43.888651264840306,45.262471835628936,66605220
2019-04-22,43.68421936035156,44.62872307445215,43.59426944805278,44.15851602986975,36976860
2019-04-23,42.796958923339844,44.03585006276676,42.6456771223547,43.74554909605861,51193760
2019-04-24,42.952327728271484,43.1649413939711,41.92605042011268,43.087254131759096,83768350
2019-04-25,41.76659393310547,43.2835202467493,41.62348826568051,42.68656294872687,83594180
2019-04-26,44.58782958984375,44.792267133823835,42.15911056913018,42.59251716413775,381810110
2019-04-30,45.56504821777344,45.85943882814195,43.806883805555884,44.40793078181328,142581610
2019-05-02,45.38105010986328,45.92894440986519,44.931288087738245,45.311542085969435,90100300
2019-05-03,44.796356201171875,45.466911134226756,44.69822704789957,45.303363585262765,58796360
2019-05-06,43.82732391357422,44.44472308188744,43.132234356883785,43.688304754448325,99648390
2019-05-07,43.389827728271484,44.56329729567363,43.25898781805513,44.56329729567363,65414980
2019-05-08,42.739715576171875,43.537023927781014,42.65385217574682,43.442981278094756,64784320
2019-05-09,42.45350646972656,43.046374174028884,42.22453427043849,42.7315416892787,51055970
2019-05-10,39.808082580566406,42.99322019153546,39.174324886465236,42.68656384654514,372409210
2019-05-13,38.622344970703125,39.906212648135,37.894547727766934,39.260189184607704,159569200
2019-05-14,38.3974609375,39.05574695800082,37.31394133249219,38.1848441452465,211286060
2019-05-15,37.85774230957031,39.329695098966866,37.66966014636282,38.683671721339415,126650570
2019-05-16,38.37293243408203,38.54057274393443,37.21990462893549,37.939525770709245,112547310
2019-05-17,38.389286041259766,38.55692634336862,37.698286067297424,38.02947704672792,70884860
2019-05-20,39.56275939941406,40.458193834312056,38.97806782473731,39.08846273991359,84575830
2019-05-21,38.642784118652344,39.65270605058561,38.332038188949205,39.648616426394064,63370580
2019-05-22,38.679588317871094,39.29699066386033,38.22165014927071,38.59781453618383,83642240
2019-05-23,38.0008544921875,39.78355025749344,37.784151178608454,39.055749926581164,93403760
2019-05-24,39.59138107299805,39.76719751027772,37.485673450547075,38.02538851763144,108824810
2019-05-27,41.913787841796875,42.05689350449863,39.54231098756675,39.6199982556632,182077050
2019-05-28,41.464027404785156,42.408527933486994,41.312742487419,42.04053970169745,99606130
2019-05-29,40.33961868286133,41.8483656738718,40.22104453005551,41.35362717942165,85236870
2019-05-30,39.90211868286133,40.59720821010553,39.742657646731,40.315083398735226,72043630
2019-05-31,39.93074035644531,40.45818644531037,39.337869640347506,40.135177889002655,102769910
2019-06-03,40.695343017578125,41.0387997643284,39.66906552173232,39.98390113287589,85053920
2019-06-04,40.695343017578125,41.11239741581276,40.22513597306528,40.56041346994517,62125660
2019-06-06,39.628170013427734,41.09603309898483,39.49733011918182,40.69533416815533,72227990
2019-06-07,39.423744201660156,40.06159160523251,38.908563719640654,39.49734185901581,68111040
2019-06-10,39.74674987792969,40.462281334996504,39.505515055463995,39.987987819864976,68509170
2019-06-11,40.274200439453125,40.409129981476305,39.82443841884556,40.06158674370999,65345480
2019-06-12,41.36589431762695,41.541710740503085,40.07385058629152,40.29464352102919,127555250
2019-06-13,41.096046447753906,41.36590245252267,40.605394345356835,41.21462062784645,72248570
2019-06-14,41.03470993041992,41.58260112909231,40.64627978923994,40.809827352176896,66058960
2019-06-17,38.687767028808594,40.95702219345295,38.60190362339208,40.89569029830694,119382860
2019-06-18,38.622344970703125,39.129349265871646,37.91499273235402,38.700032244770384,106394540
2019-06-19,40.40504455566406,40.75667745473776,39.42374351451583,39.42374351451583,188375230
2019-06-20,40.96928405761719,41.11647934420015,40.057494325168264,40.40503753869547,78263560
2019-06-21,40.695343017578125,40.96111248790885,40.4336631721826,40.887514836424494,61262460
2019-06-24,39.76310348510742,40.87115463205274,39.403294520024964,40.65854095256526,72620000
2019-06-25,40.723960876464844,40.871156167589966,38.757272569306295,38.761362193912426,136491190
2019-06-26,41.75432205200195,41.89333807439686,40.09428719504309,40.47863074784874,129600840
2019-06-27,41.76250076293945,42.232707732676,41.43131294366305,41.82792227361936,119467140
2019-06-28,41.24732208251953,42.16729112705204,40.81391544199229,41.82792713919923,87600340
2019-07-01,41.455848693847656,42.10187214032667,41.145102725248826,41.69299701513281,85443750
2019-07-02,41.60713577270508,41.77886258552689,41.059241454383844,41.58669076759637,57240040
2019-07-03,41.729793548583984,42.09778177871083,41.263676163579845,41.533535238829394,69464090
2019-07-04,41.56196594238281,42.17872489832753,41.43190226087631,41.95635671987475,72630590
2019-07-05,40.1396484375,41.83048921622429,39.883714388009025,41.662666338735825,76163480
2019-07-08,39.27534866333008,40.236149686834565,39.03619754052005,39.85854180844604,80825910
2019-07-09,39.30891799926758,39.60680779608496,38.813832781778395,39.355070255212745,68585800
2019-07-10,38.16350555419922,39.80400080461444,37.59709532130734,39.39702359104273,134813440
2019-07-11,38.76767349243164,39.14528133574095,38.071196447992705,38.708934850251964,99870380
2019-07-12,39.68232345581055,40.231950711467576,38.62082812953429,38.960673598938584,132441180
2019-07-15,39.29632568359375,40.131256295452985,38.88095544265001,40.11027683645,78060790
2019-07-16,40.00118637084961,40.1606225647146,38.94388765839777,39.0277990859993,64352100
2019-07-17,39.91727828979492,40.261320293429904,39.313105717161385,39.94245107998264,54793220
2019-07-18,39.1536750793457,39.887911380384345,38.92291381861278,39.6907159759428,52331730
2019-07-19,38.436222076416016,39.690716357981046,38.03344140009128,39.438978835405116,72848850
2019-07-22,39.0655632019043,39.21240980722832,37.861414636215486,38.436217863930565,69544520
2019-07-23,38.58726501464844,39.26276267041444,38.32713442886363,39.12010938110785,55292840
2019-07-24,37.425071716308594,38.851588591812636,37.18172726188256,38.67956918090774,83420010
2019-07-25,36.95096969604492,37.92435721410258,36.77895026794408,37.59290155393849,75280910
2019-07-26,37.38311767578125,37.609682413333424,36.55657683721583,36.83768689368871,65857860
2019-07-29,36.37196731567383,37.41667972040973,36.16637885933586,37.38731039822089,78727230
2019-07-30,34.827972412109375,37.081026706550105,34.085343109806544,36.49364027661291,94629210
2019-07-31,36.254493713378906,36.384557410438184,34.362260902758266,34.65595415451031,115418000
2019-08-01,35.243343353271484,36.24190359591496,34.80699681334711,35.87268877029419,94219850
2019-08-02,34.328697204589844,35.00419492712846,33.95108928500047,34.731477918479655,134859520
2019-08-05,33.50215148925781,33.896542281919764,32.70078670961248,33.896542281919764,112888540
2019-08-06,33.69934844970703,34.236389349142,33.03224385772597,33.03224385772597,101975850
2019-08-07,32.0462646484375,33.27139271800395,31.538593107723447,33.14552236532415,133016090
2019-08-08,30.82953643798828,31.84487963778312,30.2589296544141,31.80292391567075,228263940
2019-08-09,30.40577507019043,31.353989717008215,30.279904707854726,31.089662596306496,133527610
2019-08-13,29.26036262512207,30.84631241566838,28.97925580002863,30.351227272496395,147820510
2019-08-14,30.598773956298828,31.11064206849537,29.654755841482142,29.671538769867503,187387690
2019-08-16,30.464513778686523,30.787576347823794,29.826775303093576,30.208579722181184,119202110
2019-08-19,30.170818328857422,30.79177062963716,29.969426403648605,30.703662662675818,98849660
2019-08-20,30.061731338500977,30.363817630185874,29.633774691608668,30.18340516159718,93637340
2019-08-21,28.782060623168945,30.05753427610503,28.685562793426335,29.95683991432525,114233780
2019-08-22,28.00167465209961,29.11351886741852,27.724764331882323,28.521935837262845,154598000
2019-08-23,28.970867156982422,29.281343317159394,27.72056625089308,27.942934441331293,112101340
2019-08-26,28.3666934967041,29.168058258585905,27.03667773525154,29.067363897101583,237649990
2019-08-27,29.44497299194336,29.763842217902525,28.542910629634243,28.610042340790347,173752960
2019-08-28,28.27439308166504,29.444976006405987,27.976503285199396,29.444976006405987,126417160
2019-08-29,28.15691566467285,28.75269525524576,27.57372247092639,28.026851962777542,134813100
2019-08-30,28.941495895385742,29.159667539029307,28.295367626226348,28.698148261348578,179722070
2019-09-03,27.808671951293945,28.62682280527313,27.607283237187243,28.614233209752552,92206530
2019-09-04,28.467390060424805,28.610043351161284,27.464633296985088,27.80867532626964,129047100
2019-09-05,28.96247673034668,29.537280053105732,28.719129057848704,29.03380177886684,142508850
2019-09-06,29.82257843017578,30.0281636770307,28.76947300474882,29.117711525657295,115554870
2019-09-09,29.688318252563477,30.25892494737482,29.21420938349787,29.822578463047563,143296190
2019-09-11,30.8001651763916,30.93861873055796,29.805798299647996,29.81418816313654,136500270
2019-09-12,30.632339477539062,31.84487803120746,30.460316864235562,30.947012179031198,188468200
2019-09-13,30.825336456298828,30.97637959981565,30.019775158219804,30.79596713400478,116222490
2019-09-16,30.300884246826172,30.745620646465838,30.091102443069158,30.37640582421935,80643190
2019-09-17,28.945690155029297,30.712052422393544,28.70234571420007,30.3092717743476,131984000
2019-09-18,30.061731338500977,30.317665380010897,28.97925652696879,29.201624713621257,162531840
2019-09-19,28.92051887512207,29.872926832058294,28.534521134047598,29.872926832058294,136564950
2019-09-20,30.92603302001953,31.970745502873655,28.87436724237065,29.19323647927585,267647140
2019-09-23,31.664466857910156,32.62946126160428,30.963796381985563,31.685443118263453,163931640
2019-09-24,31.114835739135742,31.828092524324028,30.896660891208413,31.719005100360363,95789890
2019-09-25,30.380599975585938,30.875681920676218,30.00299211821399,30.837922735447044,91169850
2019-09-26,31.53020477294922,31.832291073209976,30.489685649941748,30.628142404397295,140661520
2019-09-27,30.179210662841797,31.341400456694064,30.0407539029882,31.299444735803483,105687770
2019-09-30,30.250532150268555,30.519052573603396,29.000234529306194,29.789012872725294,147196960
2019-10-01,29.499515533447266,30.60296984417902,28.874366669084942,30.376405117272306,125641890
2019-10-03,28.49675750732422,29.27714602006859,28.400259676757464,29.075757294789053,121309560
2019-10-04,27.95132827758789,28.93310556837448,27.783502196824916,28.928909036075936,114452160
2019-10-07,27.254850387573242,28.38347746756128,27.145762958027625,28.098174098683927,124157800
2019-10-09,28.232433319091797,28.36249700289329,26.881438096710728,27.133175601268732,147767410
2019-10-10,27.687000274658203,28.07300120837406,27.52337073142645,27.93454445609607,115074980
2019-10-11,28.446413040161133,28.735909744210982,27.85902336657063,28.11076088353336,171588490
2019-10-14,28.937301635742188,29.600212883546114,28.77786542112169,29.01282321082132,167239630
2019-10-15,29.30232048034668,30.070122641643376,28.421237554751645,28.95408512282733,179722070
2019-10-16,29.15127944946289,29.688320328959783,28.97086697891164,29.688320328959783,128143020
2019-10-17,29.881317138671875,30.321856954341946,28.55969128962982,29.033796958212637,166951580
2019-10-18,30.175012588500977,30.443533029698838,29.5162978810287,29.86873296073599,165680360
2019-10-22,29.74706268310547,30.5274513087185,29.621192310838904,29.998800226622066,119442830
2019-10-23,29.889713287353516,30.103691643403117,29.30652007466369,29.5372813606992,93184500
2019-10-24,30.20018768310547,30.376403617214443,29.68831960696564,29.87712193622296,109734020
2019-10-25,30.397377014160156,30.95959381898813,29.877119123898503,29.898098581181664,149966920
2019-10-27,30.628143310546875,30.674295563397497,30.468710292255096,30.527448941152926,10820130
2019-10-29,32.742740631103516,33.53991203590518,30.67429215070999,30.67429215070999,251553140
2019-10-30,32.55813217163086,33.03643438211518,32.247656028214855,32.717568375802955,143714420
2019-10-31,31.932985305786133,32.7343501035483,31.56796382766491,32.63365573755548,217560230
2019-11-01,33.523128509521484,33.80843185347121,31.719003952042936,31.891026545181628,241111950
2019-11-04,34.332889556884766,35.385991869768766,33.81682492944671,33.81682492944671,289344340
2019-11-05,33.89654541015625,35.06712829981895,33.69934999562655,34.73986918677664,208744340
2019-11-06,33.93849563598633,34.311906943064166,33.45599690855509,33.73291039075621,179351470
2019-11-07,33.82522201538086,34.30771764350915,32.62526974158405,33.900743599081935,407007600
2019-11-08,33.39306640625,34.08534700757297,33.15391527499475,33.690959388232244,214235200
2019-11-11,33.6867561340332,33.87975497328857,33.06160737198695,33.18747451010182,135739740
2019-11-13,33.38886642456055,34.3077083768889,32.95251997003694,33.64060390189687,175114690
2019-11-14,32.889591217041016,33.45600145180541,32.675612879102,33.237829782487275,108694250
2019-11-15,33.10356903076172,33.816825877908435,32.77630993145873,32.893787228540184,118132590
2019-11-18,34.408409118652344,34.62238423366729,33.22943331551526,33.26299916920952,189065280
2019-11-19,33.71193313598633,34.811190871969,33.56508652265294,34.73986583135223,142650830
2019-11-20,33.45600509643555,34.278349479628965,33.33852778469601,33.649003994438594,122556020
2019-11-21,32.314781188964844,33.49375686732683,32.15954473383607,33.481170473777546,102085540
2019-11-22,33.565086364746094,33.80004094497417,32.14696261820136,32.390307061573544,172719490
2019-11-25,35.201385498046875,35.32725265321018,33.81682438413764,34.00562991840678,276124580
2019-11-26,35.591583251953125,36.02373327566483,34.970627675453436,35.662908300309795,282763120
2019-11-27,35.356624603271484,35.83073353922755,35.176212119884454,35.68808024489028,109846790
2019-11-28,36.25868225097656,36.44329124253676,35.42375165908412,35.427948190987564,157660730
2019-11-29,35.87268829345703,36.040514375968854,35.33564739023221,35.86849176111476,126319560
2019-12-02,35.31466293334961,35.82653097213616,35.159426469826876,35.65870491336774,83371710
2019-12-03,33.53571701049805,35.12166682756967,33.26300004383921,35.07551457778051,168706560
2019-12-04,34.34547424316406,34.52588670707626,32.64204716600426,32.96091317583641,261132490
2019-12-05,33.54830551147461,34.559455337211894,33.3217407803839,34.49232362384445,111108840
2019-12-06,33.837806701660156,34.194435139599946,33.04902504488147,33.68676354189472,169310820
2019-12-09,34.12730026245117,34.55525690914999,33.72871613950143,33.81682410770034,123184520
2019-12-10,33.73711013793945,34.37064886029637,33.58187045575722,33.98465112196973,93495850
2019-12-11,34.03080368041992,34.253171875135635,33.59445715449903,33.76647976611909,82278630
2019-12-12,35.13425827026367,35.318867295941736,34.1356979607669,34.261568333004945,149846710
2019-12-13,35.94820785522461,36.46846580093016,35.53284080508158,36.10344753302292,216281830
2019-12-16,35.32725524902344,36.250297126459216,35.25593020242172,36.250297126459216,95658310
2019-12-17,36.871246337890625,37.081028128344975,35.49927483676626,35.54542708674751,307577380
2019-12-18,37.32018280029297,38.16350657462372,36.59014299617939,36.87124985395084,400283980
2019-12-19,37.488006591796875,37.7103747850955,36.75377030017964,36.921596378466816,205472860
2019-12-20,38.68376159667969,38.885153527697305,37.18172638194688,37.425070830613976,269312620
2019-12-23,38.7802619934082,39.22919489788885,38.35230854842377,38.68376096114813,186311430
2019-12-24,38.85158920288086,38.994242493183066,38.54950289496209,38.78446069057462,112355050
2019-12-26,39.26276397705078,39.606806014336286,38.8515902246772,38.8515902246772,182556030
2019-12-27,39.39702224731445,39.59002111707186,38.868371220838654,39.37604278713848,111443330
2019-12-30,39.83755874633789,39.967625626644214,39.02780094740082,39.447364507450786,114620740
2019-12-31,39.61100387573242,39.8837176746323,39.39702552798065,39.66134946272122,96441450
2020-01-01,39.25017547607422,39.98441176514336,39.00263129123106,39.690715328905995,121005300
2020-01-02,40.68508529663086,40.93262629930804,39.60680690661353,39.60680690661353,216749610
2020-01-03,40.58858108520508,40.79836288167753,40.231952671405146,40.52984243827409,129568630
2020-01-06,39.711692810058594,40.27810299319722,39.48512809659994,40.27810299319722,96016080
2020-01-07,39.95084762573242,40.66410448534972,39.736869287440705,39.9004988399531,131957880
2020-01-08,39.87952423095703,40.12286870309057,39.18724360265897,39.57743790580759,133048410
2020-01-09,40.54243087768555,40.78158200967935,40.20258537459339,40.697670567266776,101311520
2020-01-10,40.798362731933594,41.4402945146206,40.27810477487598,40.739624085218196,159276340
2020-01-13,41.599727630615234,41.70461852065662,40.928426574553576,41.20953339162066,109427500
2020-01-14,41.8388786315918,42.45983090657959,41.59972753091127,41.65846617311239,156608220
2020-01-15,42.13257598876953,42.254249817021474,41.04590780009636,41.27666585973315,121179480
2020-01-16,41.48644256591797,42.29620034339517,41.29344371753167,42.12418095286176,104383690
2020-01-17,41.55777359008789,41.864053208786615,41.27666356067271,41.39414405110834,56824600
2020-01-20,41.171775817871094,41.93957799094058,41.045908655722585,41.704623394116986,72918780
2020-01-21,39.955039978027344,40.93262065842459,39.73266859819546,40.93262065842459,113158030
2020-01-22,39.86274337768555,40.26552409852245,39.70750367444999,40.16482971856738,76621710
2020-01-23,40.2990837097168,40.433343929176196,39.70330098491309,39.934062237585245,72000200
2020-01-24,40.56340789794922,40.70605798167008,39.98021476553058,40.3032773204971,74811300
2020-01-27,38.80543899536133,40.08930587167881,38.608243578354134,40.08930587167881,129631190
2020-01-28,37.446048736572266,38.76767462630155,37.08942034118906,38.599848557587094,180152830
2020-01-29,37.94533157348633,38.574676949688694,37.727156717167155,37.9956771549322,110818340
2020-01-30,37.63904571533203,38.134130832753506,37.03906971032986,37.92015252580447,146520160
2020-01-31,36.81250762939453,38.11735061985993,36.62370529871645,38.01245972481298,107387270
2020-02-03,36.590145111083984,36.837689326262435,34.95804278745712,35.07552009594184,162371260
2020-02-04,37.92015838623047,38.046028751186455,36.371970822963405,37.08942422077328,133362630
2020-02-05,39.86274337768555,40.25293770115515,37.59290248929378,37.94953095243948,160567650
2020-02-06,40.07670974731445,40.88646754422673,39.573234756919796,40.11027560027834,166660740
2020-02-07,39.52288818359375,40.25293112173681,39.342475715112336,39.91727897539406,116499090
2020-02-10,37.2404670715332,38.872569264998056,36.92159783035015,38.62083173817621,267960480
2020-02-11,37.26563262939453,38.40684594385635,37.14815535308506,37.622260989909925,168243710
2020-02-12,37.58869934082031,38.13832980358416,37.13557311026522,37.76072194394153,117858580
2020-02-13,37.0264892578125,37.90337568221788,36.867056235470535,37.6558346842909,99652210
2020-02-14,36.46427536010742,37.38731403381391,36.36357778765423,37.00550960721567,94848170
2020-02-17,36.65727233886719,36.997117825484736,36.334206579105654,36.54398837598388,97247650
2020-02-18,36.19994354248047,36.51461621333098,35.352426557436765,36.41811838683908,115024230
2020-02-19,36.35099411010742,36.7957305514811,35.927233930468084,36.62371112078654,84651090
2020-02-20,37.219486236572266,37.56772478967892,35.91464319624614,35.9985578360999,129802370
2020-02-24,34.861534118652344,36.489442754640855,34.685318194452314,36.489442754640855,175231420
2020-02-25,35.35242462158203,35.70905298881423,34.77342489027219,35.15942577815067,145581760
2020-02-26,34.932865142822266,35.1929925180592,34.513301555907326,34.513301555907326,142707060
2020-02-27,34.63916778564453,34.89929835494564,34.1566722343999,34.81538692021163,102263790
2020-02-28,32.03368377685547,33.476983745446425,31.467273494163837,33.456004282710346,245328330
2020-03-02,30.548429489135742,33.061618152549734,30.04075783753068,33.03644215590494,202207720
2020-03-03,32.52037811279297,32.809874843073636,31.05609872786997,31.341402126549585,186489330
2020-03-04,31.647680282592773,32.71756866884709,30.63653054018608,32.56232899524065,229371480
2020-03-05,31.53020477294922,32.54135137136049,31.408530946398848,32.218288811980415,146284680
2020-03-06,29.495319366455078,30.065926060616384,29.088342203603098,29.95264210754629,148481880
2020-03-09,27.045066833496094,28.337323373230202,26.831090121011794,28.3205404466214,204221360
2020-03-11,25.15283966064453,27.35974362583302,24.846558406190148,27.18772420396252,286928700
2020-03-12,24.120710372924805,24.485730231127494,22.421476631947165,23.075996378127858,437671340
2020-03-13,27.41428565979004,27.867415142022043,21.427114152857925,22.65643569940324,338414370
2020-03-16,24.301122665405273,26.654874690526135,24.091340867808164,25.50946626770689,236054820
2020-03-17,23.726318359375,25.815744639883338,23.537514442354503,25.173812922521574,206539390
2020-03-18,23.56688690185547,24.599014585545273,23.134736901285255,24.334689066508165,187721700
2020-03-19,22.81167221069336,23.873169194327705,21.859262658037263,22.568326157871592,187219810
2020-03-20,24.98501205444336,25.59337959441216,23.004672951221252,23.470387202692752,173077660
2020-03-23,22.752933502197266,23.327735177623758,21.276069459799047,22.488607989932138,121004020
2020-03-24,22.815866470336914,23.96966624159538,21.699827482885407,23.248016417954815,129288020
2020-03-25,24.06616973876953,24.75425382633551,22.408893103175934,22.408893103175934,94428290
2020-03-26,23.868972778320312,24.796207943609996,23.503952897056195,24.33468862709252,114938330
2020-03-27,23.264801025390625,24.7752292858013,23.00886698337198,24.41860088002624,111835940
2020-03-30,21.31802749633789,22.71937001092538,21.049505442820333,22.4046973049597,158537210
2020-03-31,22.622865676879883,22.862018371040794,21.792130046215593,22.0061083513838,157868130
2020-04-01,22.35015106201172,22.48441127334379,21.657870546917998,22.320781740814574,119647990
2020-04-03,21.2928524017334,22.56412957976297,21.062092745067464,22.463435213458023,125266950
2020-04-07,23.176694869995117,23.302563634790864,21.918004021021282,22.32497964051059,159566590
2020-04-08,23.05501937866211,24.578035644503633,22.37532681725263,22.740346689054824,204349980
2020-04-09,23.902538299560547,24.301122430739618,23.298365703989926,23.537516822900603,138556280
2020-04-13,23.709537506103516,24.50251402691532,22.979497763811334,23.91512436716763,155103280
2020-04-15,23.927711486816406,24.80879600310682,23.65499610836384,24.116515426057788,209917430
2020-04-16,24.242385864257812,24.49412500084956,23.159912538488776,23.159912538488776,172487980
2020-04-17,24.615795135498047,25.14864108855701,23.957080425139598,24.964033684551637,174923730
2020-04-20,24.03260040283203,24.754250244145958,23.923514580555917,24.73746731748564,119607480
2020-04-21,22.316587448120117,23.57947478834436,22.0900243190819,23.499756679517983,169249100
2020-04-22,22.517976760864258,22.64804204794754,21.750176235232644,22.329174428673372,147898560
2020-04-23,22.68160629272461,23.41164597999145,22.572518872461234,22.656431903315845,154678570
2020-04-24,22.45084571838379,22.979496707968302,22.190716755537114,22.345954826856,123808460
2020-04-27,22.794891357421875,23.235432821208285,22.698390320123057,22.992085162816704,124106120
2020-04-28,22.954320907592773,23.109560569882316,22.618670395426545,22.983690227375575,85471050
2020-04-29,23.717927932739258,24.011622749770474,22.761323512045347,22.90817012030696,198765690
2020-04-30,25.031164169311523,25.551423734569813,24.225602830146816,24.330493729548976,236333720
2020-05-04,22.958518981933594,24.011622834711634,22.664824163863432,23.915123406011492,128914590
2020-05-05,22.878801345825195,23.6969506412262,22.740346197654087,23.411647280773458,121823300
2020-05-06,23.3067569732666,23.53332169471381,22.828454739438985,23.000475746350816,95077310
2020-05-07,23.147323608398438,23.73471330293013,23.046629238226704,23.113759351843914,89583760
2020-05-08,22.8997802734375,23.831210304577773,22.8242587032764,23.730515944701633,98777550
2020-05-11,23.176694869995117,23.747300043769716,23.07599889785361,23.122151151730627,109074080
2020-05-12,22.987890243530273,23.227041369730593,22.19491528818099,22.933346526876896,150402970
2020-05-13,23.206064224243164,24.166863690447034,22.9501301618824,24.12490796896515,147231160
2020-05-14,22.534759521484375,23.092779851717744,22.429868626373565,22.824259416315357,107969020
2020-05-15,22.945932388305664,23.227040828655582,22.555738117698287,22.656434084519717,149896650
2020-05-18,22.371131896972656,23.17669487267325,22.022894927647243,23.000477321532298,116153670
2020-05-19,22.824260711669922,23.529127694858808,22.446652827637255,22.82006417934282,168970940
2020-05-20,23.764081954956055,23.831212066673125,22.664825775398505,22.824260390917086,144218120
2020-05-21,23.806039810180664,24.02001654592955,23.369693273957978,23.822821138106036,130358110
2020-05-22,23.02984619140625,23.516539912758226,22.933346753608927,23.411649010738333,106567390
2020-05-26,23.5333194732666,23.864775060335635,23.243821201305757,23.285776915906023,121075590
2020-05-27,24.16266632080078,24.368253176540588,23.41584367031238,23.680167569896106,140074620
2020-05-28,24.796207427978516,25.056338005086673,24.284340938605194,24.494122732752245,166019580
2020-05-29,24.77103614807129,24.913687840813548,24.15427712349327,24.51090555509483,131279850
2020-06-01,26.449289321899414,26.667462582609566,25.341641690992567,25.341641690992567,243843600
2020-06-02,26.80172348022461,27.14157057575611,26.39474627205199,26.684244582721547,165626630
2020-06-03,26.633895874023438,27.38072013498438,26.436700479203967,27.309391893591577,103869540
2020-06-04,26.847871780395508,27.070238345180485,26.39893731759375,26.591937763469346,112512660
2020-06-05,28.442216873168945,28.83660768211878,27.27583057548421,27.338765755787136,309184760
2020-06-08,27.9932804107666,29.436580038976533,27.468825976215417,29.176449487073445,164816490
2020-06-09,27.875802993774414,28.865973217464056,27.594692985452554,28.194668983696566,149268320
2020-06-10,27.18772315979004,27.817068573664656,27.019897075886878,27.783502716680765,172188830
2020-06-11,26.27726936340332,27.145764308247298,26.096856882918754,27.019897145756683,139066840
2020-06-12,26.650678634643555,26.889828145267927,25.17381464979464,25.17381464979464,175578850
2020-06-15,25.69407081604004,26.432501911241765,25.39198456774906,26.3276110306416,185810020
2020-06-16,25.924837112426758,27.066050699536618,25.282903669423344,26.44090018587499,234418060
2020-06-17,25.861896514892578,26.41572026319337,25.597571034860138,25.777983486254417,114470230
2020-06-18,26.69263458251953,26.78493908252784,25.769594383960584,25.86189888396889,113692780
2020-06-19,26.898221969604492,27.342958349995197,26.625504996320775,26.935981156158654,151342880
2020-06-22,27.330371856689453,27.523370722980083,26.713612870382367,26.83109176332681,110312750
2020-06-23,27.859024047851562,27.98489120890286,27.36813539761733,27.49819909100855,125450560
2020-06-24,27.3597412109375,28.375084326454456,27.25065378168694,28.245020638397037,207826420
2020-06-25,27.112197875976562,27.473022786689608,26.93597875140759,27.019893382396592,113456530
2020-06-26,27.175132751464844,27.687000851632572,27.06604852104788,27.338765499122708,97063330
2020-06-29,26.923397064208984,27.35554708605643,26.189160720017107,27.103809551108217,119611330
2020-06-30,27.41428565979004,28.333131020813312,27.112202539318453,27.112202539318453,365236470
2020-07-01,27.162546157836914,27.657631326406804,26.877242786101448,27.607285743816902,104894330
2020-07-02,28.10236930847168,28.32054095628043,27.233872847186387,27.443654632047725,119713930
2020-07-03,27.68280792236328,28.278587470120605,27.46882958864167,28.278587470120605,106126140
2020-07-06,28.438018798828125,28.672973378134657,27.71636893265399,27.955520044024155,141439660
2020-07-07,27.71636962890625,28.433822981039622,27.527567294508682,28.429629649886714,108393710
2020-07-08,28.043628692626953,29.06736487193476,27.85902289055057,27.926151400119394,215601630
2020-07-09,28.907930374145508,29.243579306760214,28.236629307900117,28.278585024349955,244037810
2020-07-10,28.42123794555664,28.891150339476425,28.127544699991965,28.693954931304585,125261130
2020-07-13,28.706541061401367,29.117714802398254,28.404454753896108,28.8072386312473,121150000
2020-07-14,28.249217987060547,28.446413391438263,27.909369293998772,28.446413391438263,83070350
2020-07-15,28.471586227416992,29.075758837340825,28.3624987948438,28.58486699126959,96874130
2020-07-16,28.668779373168945,29.075756546340976,27.82125917313696,28.362496560044676,105860440
2020-07-17,29.449169158935547,29.94005778686626,28.962473862137955,29.033798903594665,244153950
2020-07-20,29.570842742919922,29.763841607008224,29.08414745007594,29.46175531503832,95320490
2020-07-21,30.137250900268555,30.25892471524508,29.32749311171271,29.872923812175596,113681040
2020-07-22,29.373647689819336,30.4519259828526,29.084147789797285,30.250534052181578,178429190
2020-07-23,29.52888298034668,29.90649083452319,29.172254585130652,29.377839838676078,96250490
2020-07-24,29.042192459106445,29.352668622064016,28.744302691793393,29.117714033989767,89188290
2020-07-27,29.60860252380371,29.696710493895843,28.88695263426869,29.453362842584518,118356070
2020-07-28,30.08271026611328,30.208580632488538,29.600214664046366,29.671539711184696,106392570
2020-07-29,31.362380981445312,31.756771813430216,29.885518429294716,30.124669567600865,301158810
2020-07-30,30.762399673461914,31.702221138816387,30.55261789631037,31.635092634656154,103982570
2020-07-31,30.737228393554688,31.081270396933125,30.242143247130496,30.678489749149787,90249550
2020-08-03,31.341400146484375,31.622510195803162,30.38060230383948,30.60716383460942,111369710
2020-08-04,31.236509323120117,31.719008112336883,30.850511572153223,31.42531486725692,111842600
2020-08-05,33.21265411376953,33.38887004692106,31.303638568246484,31.303638568246484,305597410
2020-08-06,34.47383499145508,34.67614171225882,33.1868241574737,33.55269640718907,221228070
2020-08-07,34.78375244140625,35.01188444103839,33.84109386337888,34.08213849936953,151763170
2020-08-10,35.313194274902344,35.42941128860024,34.40066297287979,34.93010406280495,120182110
2020-08-11,35.85124206542969,36.81111859027161,35.511195076077314,35.56284890569597,258851910
2020-08-12,35.683372497558594,35.928722450025816,35.08506290673524,35.614500722275935,115744020
2020-08-13,35.56285095214844,36.30320284869795,35.1969753849391,36.001897035217745,124220440
2020-08-14,36.0277214050293,37.09951623747333,35.218497752007586,35.295976856955505,477423650
2020-08-17,36.59159851074219,36.944558149113384,35.661849248308584,35.984678305989085,181455010
2020-08-18,37.40512466430664,37.60312607740262,36.131026473088994,36.29889730775704,173400200
2020-08-19,37.16408157348633,37.49552126317175,36.918731607609466,37.40512951616314,118436810
2020-08-20,37.24155807495117,37.73226125632887,36.41942179507215,36.58729263975915,158466000
2020-08-21,36.918731689453125,38.050787751138365,36.72073025023524,37.51273929109395,134818760
2020-08-24,36.97468948364258,37.684914081817105,36.85416715842257,37.3276491292099,90928540
2020-08-25,36.50120544433594,37.245862604668645,36.28168077356162,37.18990675226953,105529000
2020-08-26,36.58729553222656,36.8240381698535,36.34625087136074,36.58729553222656,79571570
2020-08-27,36.74655532836914,37.03494848747608,36.41511566934676,36.630335032976454,95491160
2020-08-28,36.5184211730957,37.70643301656739,36.4194221017988,36.987601107983174,152112670
2020-08-31,35.55424118041992,37.03064626942657,35.295978579319886,36.71642781135079,157459100
2020-09-01,36.90151596069336,37.25017030183602,35.46384880938811,35.63171966134473,140728230
2020-09-02,37.762393951416016,38.024958574385195,36.76807818029124,37.02203875698099,117392780
2020-09-03,37.71504592895508,38.1928332228183,37.52565182068867,38.09383086150072,102142880
2020-09-04,36.26876449584961,37.35777384280819,36.07076309494683,36.85416136981721,105290810
2020-09-07,36.372074127197266,36.87999198009631,36.0234197929485,36.47537850697708,96263460
2020-09-08,34.8741455078125,36.65185961789455,34.658926136343936,36.65185961789455,116372720
2020-09-09,35.93302917480469,36.16976852270922,33.27291750331013,34.33179646015923,319997830
2020-09-10,35.12379837036133,36.664769753092024,34.529794127872556,36.501204224171374,229205440
2020-09-11,35.08075714111328,35.52410851574097,34.65031840318551,35.188366825595224,136871250
2020-09-14,34.83540725708008,35.64893621056787,34.620187887713215,35.295976576165685,123310520
2020-09-15,34.887062072753906,35.34332609781523,34.740711189780036,35.03771497876594,91323090
2020-09-16,34.83110046386719,35.2959750700194,34.66753493236333,34.990363972637894,99873490
2020-09-17,34.32318115234375,35.08075418681454,33.84969923729451,34.60296696523224,148080220
2020-09-18,34.04770278930664,34.92149288328203,33.866919311377984,34.61588177993019,168417030
2020-09-21,32.145164489746094,34.36622662901018,31.938552454379096,34.0907461045121,141383050
2020-09-22,32.2097282409668,32.58420780277202,30.836627757050003,32.196815605592356,220130270
2020-09-23,31.103504180908203,32.541167991987884,30.68597807889196,32.45508155783456,169844110
2020-09-24,29.60557746887207,30.75484817307933,29.506578392832296,30.7161102608865,124957470
2020-09-25,30.311494827270508,30.612803911136094,29.631400840130755,29.958535197132534,122425760
2020-09-28,31.077680587768555,31.41772763977056,30.617111195105075,30.98728883227245,122701960
2020-09-29,31.856775283813477,32.00742820122902,31.137940019595398,31.42203119299667,178916090
2020-09-30,30.97006607055664,31.98159973809029,30.819413168153854,31.94285854376559,129636870
2020-10-01,31.417726516723633,31.87829589292376,31.262768288844395,31.36177065598455,95540970
2020-10-05,32.91134262084961,33.186823126238885,31.80942059929249,31.861071141561315,195905330
2020-10-06,32.48951721191406,33.33747876259809,32.119339636534995,33.298740852703204,142863360
2020-10-07,31.947166442871094,32.65308577196821,31.852469386823657,32.368994603825904,96937190
2020-10-08,32.166690826416016,32.97160922705057,31.998816684329235,32.2355593221554,141111310
2020-10-09,31.809425354003906,33.311655722623506,31.59851127891096,32.37329908463465,220065830
2020-10-12,31.947166442871094,32.46799696714474,31.206811223577233,32.15377521607709,157568610
2020-10-13,31.71042251586914,32.3905165417125,31.564074914452956,32.02464425418493,119024640
2020-10-14,32.330257415771484,32.476605026410546,31.813732187179443,31.886905992498974,148921160
2020-10-15,32.188209533691406,33.45370052270368,31.981600770579455,32.7994317768793,316506980
2020-10-16,33.90565872192383,34.08214018484951,32.30012403153603,32.46368957347759,288554790
2020-10-19,34.04770278930664,34.435098302001535,33.729179049529456,34.2284862672353,147289680
2020-10-20,33.78083419799805,34.20696763660494,33.53978626736261,33.74639831019484,109496320
2020-10-21,34.78375244140625,35.123799429456994,33.94870354501568,34.11657438565016,263519520
2020-10-22,35.26585006713867,35.601591796673326,34.44371040493022,34.59866863148273,208883010
2020-10-23,36.453857421875,36.6733788116754,35.48537027067949,35.55423876042463,285885950
2020-10-26,35.158233642578125,36.445244454189954,34.792361399221996,36.445244454189954,166073190
2020-10-27,35.38206481933594,35.885680665233416,34.727799347963575,35.18406338347342,160621710
2020-10-28,34.63310241699219,36.00189781232389,34.47383889272231,35.420806140076515,169657540
2020-10-29,34.55561828613281,34.86553467535158,34.03048254706619,34.38774745597042,138603960
2020-10-30,35.343326568603516,35.5456333096518,34.02187971714646,34.66753785207311,180209980
2020-11-02,34.680450439453125,35.511197369890034,34.323185483817326,35.2959779918907,131431090
2020-11-03,35.02910614013672,35.48537347231063,34.81819206102986,35.080759975096186,122580340
2020-11-04,34.770843505859375,35.73072341317811,34.555624119679024,35.20128227822007,136143660
2020-11-05,36.63033676147461,36.86707938623334,35.222803501872505,35.46815345662836,265177560
2020-11-06,36.716426849365234,37.2673879263398,36.38498717138121,36.544250691813915,173981930
2020-11-09,37.732261657714844,37.87000192364088,36.79390506984778,37.275994358595426,158308620
2020-11-10,38.04217529296875,39.01927308808559,37.495519529012554,37.878609751278105,262002400
2020-11-11,40.80128860473633,41.09398707962622,37.84417327536293,38.042174701908,368618330
2020-11-12,40.732418060302734,41.313513004700745,40.142719069776355,40.63341898603333,234936850
2020-11-13,41.88599395751953,42.04525747818984,40.03080398500433,40.53441653730395,234181870
2020-11-14,42.37239074707031,43.00083091532877,41.92473406201217,42.74687035027282,78374000
2020-11-17,44.998069763183594,45.708294396057404,43.19022494459687,43.56040255242232,642845990
2020-11-18,44.52458572387695,45.09276474727734,43.96070872354193,44.59345421678063,174815130
2020-11-19,45.07554244995117,46.11720334492386,43.90474862777269,44.0640121334616,201379980
2020-11-20,45.87615966796875,46.633729452386106,44.851713410334725,45.28215213129374,266860000
2020-11-23,46.75425720214844,47.00390917595146,46.173162274950734,46.315207847554035,170254250
2020-11-24,47.2019157409668,47.38700125413163,46.60790815364856,47.171781875303196,130291260
2020-11-25,46.59499740600586,48.09292578835424,46.44434449151368,47.43435170388174,176809890
2020-11-26,48.93227767944336,49.16471500065028,46.594995114180854,47.00391061683057,225701850
2020-11-27,49.70276641845703,50.133205198166216,48.4717112457698,49.07002088684658,462912480
2020-12-01,50.430206298828125,50.963949437487884,49.66832786062455,50.963949437487884,147391090
2020-12-02,52.02713394165039,52.30691650759067,50.279550348373476,50.42159592688868,249970850
2020-12-03,53.45188522338867,53.78332162286068,52.34135243702404,52.42744215921536,247756520
2020-12-04,53.606842041015625,54.45050159256105,52.9095300873973,53.71875703495148,201535520
2020-12-07,52.90522766113281,54.149195369979445,52.466178302724,53.68432073777729,155883210
2020-12-08,52.81053161621094,53.49923296368882,51.863564389940166,53.030053015603,170158530
2020-12-09,52.45756912231445,53.43466359287659,52.263869723736256,53.202226284974884,127307310
2020-12-10,52.522132873535156,52.85787784457738,51.09307640812865,52.16917324304279,198293280
2020-12-11,53.520751953125,53.843581011731075,52.8793991428773,52.935358281454036,163956980
2020-12-14,53.95549392700195,55.0014601679636,53.83066630173644,53.95549392700195,177227150
2020-12-15,54.69584655761719,54.84649944879452,53.14626786381788,53.671403613624626,132263120
2020-12-16,55.38885498046875,55.909688755837756,54.94120157213037,55.199467448308624,160402560
2020-12-17,54.69154357910156,55.61268219178125,54.360107204403,55.388852214801275,79651860
2020-12-18,54.34288787841797,55.169329424728964,54.063102056305986,54.94550273743145,253515060
2020-12-21,51.29538345336914,54.03727938779476,50.41298601371575,53.718755642221495,190766540
2020-12-22,51.76886749267578,52.55226589350626,50.361334212211865,51.3082981573082,188468790
2020-12-23,53.494930267333984,53.73597492971807,51.33412906842197,51.56656640028686,122383430
2020-12-24,53.57240295410156,54.833588541110785,53.309835070923114,53.83066553054305,120907400
2020-12-28,54.46341323852539,54.69585055216867,53.942582757282594,54.084628329617985,104805170
2020-12-29,54.42467498779297,55.06602778676766,53.46479515878837,54.911069578641474,104163260
2020-12-30,55.1348991394043,55.436204957521554,53.72306053339126,54.48924100002123,115144280
2020-12-31,55.410377502441406,56.25834235090196,54.799155276033744,54.799155276033744,177130120
2021-01-01,55.36302947998047,55.931211778058845,55.09615955886889,55.52659830542255,84113960
2021-01-04,59.658817291259766,60.25281833900836,55.651426748746374,55.87095472915249,381849550
2021-01-05,58.58702087402344,59.73198957124001,58.11784419402752,59.14228399387582,215452540
2021-01-06,58.866798400878906,59.97302909055625,58.10922859989894,58.88401962815902,196105220
2021-01-07,62.22422409057617,62.97318987332385,59.546894564170955,59.65881284166975,382321940
2021-01-08,61.39348602294922,62.607319981631555,60.52829986136086,62.58579672878079,193293130
2021-01-11,59.88694381713867,61.29447376374777,59.24558773200446,61.29447376374777,170245090
2021-01-12,59.8223762512207,62.37057288927118,59.495245162326945,59.830986865342005,245254840
2021-01-13,61.04912567138672,61.51400028647644,59.658810416907194,60.38624635121344,193538710
2021-01-14,60.80808639526367,61.50539509538839,60.01177204988163,61.122304855841875,115408580
2021-01-15,60.76933670043945,62.112310003193485,60.05911542369384,61.29447247605968,206884370
2021-01-18,57.39469909667969,61.01469041845519,56.77486627012433,60.9501272356781,250452260
2021-01-19,58.63436508178711,58.87971174570306,55.698769752722264,57.850963430462286,312451180
2021-01-20,59.413455963134766,60.21837426733576,58.76349586076658,59.413455963134766,233131500
2021-01-21,57.39469909667969,59.8094606521502,56.95565631784783,59.486631602317104,161178670
2021-01-22,55.698768615722656,58.17809988537093,54.549501287413705,57.67878938601413,237156650
2021-01-25,56.124908447265625,56.9771753347132,54.32136903075716,56.043124033747716,163484730
2021-01-27,53.890926361083984,56.05603259446106,53.701535557638636,56.03450934489402,149180840
2021-01-28,53.692928314208984,54.28693588607885,52.737353771624434,53.20222840596076,170917520
2021-01-29,51.73873519897461,54.56241556455209,51.30829645926937,54.23958650977317,268265750
2021-02-01,54.760414123535156,55.096155797488215,51.43312139487328,52.07447744792391,210846940
2021-02-02,55.23820495605469,55.7848640014556,53.727364040985286,55.3544252562838,180489570
2021-02-03,56.22821044921875,57.188086927684864,54.859411944345304,55.51798264122715,148463810
2021-02-04,56.469261169433594,57.11922132328764,54.97563816811034,56.30139031814816,147649950
2021-02-05,58.97441101074219,59.45219828788701,56.077560050598365,56.551045304696515,291008880
2021-02-08,60.515377044677734,60.683247879918724,58.77209894457606,59.74489463882127,214621690
2021-02-09,60.19255447387695,61.67756687862563,59.53829228922937,60.82099795183824,293370280
2021-02-10,59.42207336425781,62.37057499063755,58.543974597576785,61.1223051879329,573979190
2021-02-11,59.80516052246094,60.6574274019667,58.78502279444686,59.19393829025183,163407050
2021-02-12,58.58271026611328,60.08063511762779,58.41053084365717,59.830979881046474,147054790
2021-02-15,57.86387634277344,59.22837292077853,57.678790838233446,59.15089053266433,131716720
2021-02-16,60.19255447387695,61.00178144243619,57.532446096254446,57.86387921169692,336618380
2021-02-17,59.98594665527344,60.56273302504185,59.185330288291034,60.05912045729113,159574830
2021-02-18,60.06772994995117,61.208390030653604,59.74490088167982,60.26142607731914,148561470
2021-02-19,57.73904800415039,59.91706681483986,56.4692551296784,59.91706681483986,223923860
2021-02-22,58.93136978149414,60.08064043521756,57.751965263183806,57.928446723831236,281491090
2021-02-23,62.7838020324707,63.36058843347384,58.7290694278465,59.36611699659661,389070710
2021-02-24,62.646053314208984,64.1353742916966,61.98318052351887,63.27449678442551,216767890
2021-02-25,63.954586029052734,64.82407408552115,63.01192417808567,63.29170671987307,219015960
2021-02-26,61.56565475463867,63.842679452291755,61.217000413101324,62.41361962952603,235515910
2021-03-01,62.87849426269531,63.55427969424787,61.23852365326182,62.32753318047026,140586460
2021-03-02,63.317543029785156,63.68341202810473,62.254358787186035,62.882795686875724,111133990
2021-03-03,66.90309143066406,67.3636640435253,63.791021122510294,63.791021122510294,288428350
2021-03-04,65.25019836425781,66.0206872847109,64.01914346844941,64.65188885774793,228738220
2021-03-05,63.128143310546875,65.08233218030999,62.585786327927934,64.43667410993396,168819600
2021-03-08,63.468196868896484,64.66912474451497,63.27880275460722,64.0449832584323,106145960
2021-03-09,60.84251403808594,64.64759064268723,60.4551152598784,64.13536752899601,195564380
2021-03-10,62.370567321777344,62.839750513881526,60.52398812002894,61.544125775206666,196858600
2021-03-12,61.97887420654297,64.13536984838387,61.466651074327736,63.704931124569214,161214090
2021-03-15,63.39501953125,63.618849523660536,61.55704420198055,62.155353810790615,155429990
2021-03-16,62.33183670043945,63.713548030246805,61.91431057166765,63.713548030246805,125699980
2021-03-17,60.64021301269531,62.499704991551496,60.31738395120179,62.40931653239879,105409590
2021-03-18,60.67894744873047,62.23283150511535,60.11507377115685,61.66034721402895,143206510
2021-03-19,63.102317810058594,63.42514684407737,58.647274513410146,60.49816228871247,246378140
2021-03-22,64.00624084472656,64.19133292266945,62.41361878249227,62.93875458320358,137603700
2021-03-23,63.803932189941406,64.51846207016189,63.12814678773747,64.22145829055374,118738960
2021-03-24,60.502471923828125,63.10232574964,60.171032234834286,62.930146302382134,210302830
2021-03-25,62.254356384277344,62.904316510068895,59.25849989686916,61.13091102249601,367224000
2021-03-26,66.01638793945312,66.7093945786886,62.43083242062378,62.87849239159429,429122470
2021-03-30,68.87019348144531,69.73107089996338,66.9676551746772,67.14843864440918,284794680
2021-03-31,69.89033508300781,70.893258120598,68.0179305323608,68.35367221917954,280445850
2021-04-01,74.29803466796875,74.80164722929415,70.50587024111883,70.67804311802564,368420980
2021-04-05,74.70263671875,75.5721247203778,72.06834744308105,74.20762827945883,305759860
2021-04-06,74.28081512451172,75.97243618843122,73.87620166560687,75.36982459089666,207789200
2021-04-07,75.3138656616211,76.18765576444204,74.43576696796556,74.85329306454194,171132080
2021-04-08,79.06298828125,82.09758285273269,75.98965579768257,76.10157407878195,530630560
2021-04-09,77.43592834472656,80.06160734172546,76.24791976154582,79.28681627966235,321790690
2021-04-12,73.30802154541016,76.89357707625427,72.6021022669518,75.46021526851173,221355040
2021-04-13,75.67113494873047,75.89496494186035,73.08850240145621,74.2076392311572,204285020
2021-04-15,77.32402801513672,78.468996832706,75.7141844919083,76.79028152316324,218563570
2021-04-16,76.63963317871094,78.71865346649453,76.29528080927714,77.80611870229868,173985980
2021-04-19,76.45022583007812,77.39288773334131,74.03546420576419,74.87912703662215,191469960
2021-04-20,76.96244812011719,77.97397521957515,75.92939120206407,77.47897329515678,169152930
2021-04-22,79.32125091552734,80.8062632630533,77.22501634201583,77.47467160073793,319028150
2021-04-23,79.68282318115234,81.3529277142874,78.40441950591844,80.04439674043195,247523860
2021-04-26,80.98704528808594,82.29988474221534,80.06590665875765,80.49204337048374,212348580
2021-04-27,84.17230224609375,84.62426426528373,81.29266584242615,81.63701816980777,249045150
2021-04-28,83.62564849853516,84.88252899074674,82.81642146284732,84.79644254541233,204479680
2021-04-29,88.78660583496094,89.26869514967998,84.62426376840982,84.62426376840982,447186470
2021-04-30,89.01473999023438,90.61597275879177,87.0433296124304,88.15386244017016,281297380
2021-05-03,91.66192626953125,92.02780181733901,87.68036801574436,88.83824925069442,264841000
2021-05-04,91.5844497680664,93.54724931199436,91.0420927686306,92.49697776740778,249616280
2021-05-05,92.12680053710938,93.6935972461592,90.13386712236615,93.31911765410892,192498390
2021-05-06,94.77400207519531,97.19307234839552,89.74648056136378,90.82257745058877,464345370
2021-05-07,101.78585052490234,102.61659414987437,97.2877669546032,97.7095950855433,540754330
2021-05-10,104.71283721923828,105.80184673824446,103.30530065873032,104.16617816421974,280808840
2021-05-11,106.22367095947266,107.26533191454249,101.31667198633811,102.44441937518727,411083810
2021-05-12,101.5103759765625,107.33851403585874,100.14157727181612,106.05580833954218,308891920
2021-05-14,97.45994567871094,102.01398866110628,96.00506053191889,102.01398866110628,376480320
2021-05-17,99.07408905029297,99.70683455580007,94.99783344917131,97.96786484742341,287534300
2021-05-18,101.58354187011719,102.999682424076,99.6078296448045,101.1531031333794,245738800
2021-05-19,100.22766876220703,102.40568785581553,99.68962030754192,100.9809365987382,174350260
2021-05-20,95.13126373291016,97.75264065585424,94.52865212302298,97.37385246222576,284462530
2021-05-21,95.82427215576172,96.75402142948018,95.20013728359876,95.90175454589196,141049260
2021-05-24,94.00782012939453,95.46700722539728,93.15555324563407,95.38522938020726,189238420
2021-05-25,95.14418029785156,96.93050508657858,94.69652687887825,94.86439773199002,181137520
2021-05-26,93.15985107421875,94.17999532936864,92.32910747890081,93.87868953230964,154327030
2021-05-27,94.40812683105469,95.53587419464021,92.54432635400099,93.1598505813095,227910320
2021-05-28,94.99783325195312,98.4499539546728,94.47700602913827,97.36524643777331,192085810
2021-05-31,96.90467834472656,97.2490240919658,94.61043900828619,95.72957582276196,154286470
2021-06-01,94.77400207519531,96.67654715516237,93.44825648748741,96.4182812745587,176909250
2021-06-02,96.76693725585938,97.26194577407709,95.04088018075889,95.12696661976109,128625910
2021-06-03,96.59044647216797,98.11850524700476,95.81566202788893,97.24041314510083,121094770
2021-06-04,96.4785385131836,97.17584716728526,95.29913400609688,96.07392504841758,97133470
2021-06-07,97.167236328125,99.00090286010698,96.89605784027842,97.27914802775729,122185920
2021-06-08,95.652099609375,97.51159159517422,94.70082708138027,97.51159159517422,108343730
2021-06-09,94.78260803222656,97.10698113952965,94.17568784021071,96.16001066916144,111143380
2021-06-10,95.94049835205078,96.91759621089398,94.94618583210648,95.49714693898449,77767640
2021-06-11,99.71974182128906,100.257790244744,95.82426992188047,97.08976086472232,174458560
2021-06-14,100.27500915527344,101.46731970515728,98.14003017042933,100.55048967899779,160312640
2021-06-15,101.09284210205078,102.16893894526943,99.87039766446814,100.72266452526462,97681020
2021-06-16,98.32511901855469,101.99245895196412,97.42120159804905,100.63657953721867,175211070
2021-06-17,97.14573669433594,99.79056271424756,96.43282335752775,98.48355045346258,162076870
2021-06-18,96.13797760009766,97.68702371631521,92.43697641527397,97.25575572946697,403470770
2021-06-21,97.35696411132812,97.60780795564797,93.61635835746165,94.1752507444031,130014320
2021-06-22,97.89826202392578,99.54412434920523,97.38777771647918,98.06548454777865,90246340
2021-06-23,96.8244857788086,99.24047283022132,96.62645504401401,98.61997742319228,78063360
2021-06-24,97.97307586669922,98.61998121620903,96.67926516767959,97.25575749745721,72394700
2021-06-25,102.55860900878906,102.97667536492926,99.45610526698297,99.89617652922625,180227700
2021-06-28,104.20887756347656,104.64894883129956,102.3605795816109,103.32873502783058,116603350
2021-06-29,103.20111083984375,104.91298780705903,102.58501374944031,104.25288090378906,78037590
2021-06-30,102.67742919921875,104.82497237333375,102.34297074537412,103.94923486697732,80432670
2021-07-01,102.40898895263672,103.5751751407679,101.78408183546127,103.14390717317,56149280
2021-07-02,99.98419952392578,102.69504038437158,99.47371519664276,102.62462736372112,75734070
2021-07-05,101.81929016113281,102.25496314681331,99.98419372470775,100.86433628692342,76799000
2021-07-06,102.7346420288086,103.68079933792455,101.2384023182855,101.97771886749784,91468350
2021-07-07,107.25856018066406,107.81745252906309,101.96450376306599,102.79623812826345,167456260
2021-07-08,104.71495819091797,108.25753328573899,103.96244007357467,107.81746201221972,124105850
2021-07-09,109.0804672241211,109.49854031668156,104.56093996359775,104.91299161950458,178593560
2021-07-12,107.98908996582031,110.76593863827617,107.23216683518818,110.10583172539614,166477750
2021-07-13,108.14751434326172,109.44132494835311,107.65023166056825,108.96164887679205,79155280
2021-07-14,109.55133819580078,109.81537691718103,107.28937223637598,108.42915516381018,83413880
2021-07-15,110.54151153564453,111.40845253865831,108.93524725274584,109.67457053263074,96555510
2021-07-16,112.52182006835938,112.77266390644837,110.8143414531631,111.31162411922797,84969250
2021-07-19,111.46125030517578,113.61759683400608,110.34347223820015,110.80994670823615,89046290
2021-07-20,108.55237579345703,111.98053463433654,107.81745760253227,111.95412471844357,85799400
2021-07-22,112.04215240478516,112.47781868153298,109.84179596883065,109.92980888327784,78940240
2021-07-23,112.7814712524414,114.02247553089836,112.1301676142557,112.60104040941098,86418650
2021-07-26,114.23809814453125,115.14464387663185,112.48661638887216,113.45036681929109,86784330
2021-07-27,117.11617279052734,117.45502284395035,115.12704199457845,115.73874752481152,103413820
2021-07-28,120.13945770263672,120.57512396596536,114.96421522710595,117.23498461065701,128351250
2021-07-29,128.37759399414062,130.41951774430564,120.40350457073423,121.01960167509826,300610410
2021-07-30,126.23882293701172,129.6185800923028,125.66673572653607,128.1179356298553,140492650
2021-08-02,124.10449981689453,127.35661943129158,123.7040333603617,127.26861323760099,97689200
2021-08-03,123.85366821289062,125.05506770118343,122.37063007509038,124.45215873678792,86405600
2021-08-04,124.6457748413086,127.44463493643876,123.6688161425238,124.98023328428799,112894350
2021-08-05,127.32142639160156,127.62067163985462,122.11978062089537,124.56657587173567,162217990
2021-08-06,125.75914764404297,128.23675076023451,125.50831725549376,127.5326341225922,96740250
2021-08-09,124.29373931884766,127.02657833746322,123.69523536598237,126.21244374469657,78594930
2021-08-10,120.8963851928711,124.80422039255356,120.33309447948776,124.27612947317108,84516230
2021-08-11,125.52592468261719,125.83397994339782,121.82932870279629,122.33981298728199,145353570
2021-08-12,126.33125305175781,127.15418411500941,124.67658090538559,126.38846446127297,109431080
2021-08-13,128.64601135253906,129.96183340730113,122.397008206994,123.66001043525212,289698720
2021-08-16,133.72885131835938,135.05786163592913,129.57457771480787,130.6131394007415,271144880
2021-08-17,132.34701538085938,135.01384591932597,131.2952521408581,133.72884546820165,189709230
2021-08-18,132.0609893798828,133.68485348456161,130.98282279712384,132.85312574528524,123317450
2021-08-20,121.0724105834961,127.35662803778335,119.94582916081619,127.18500721904809,273400690
2021-08-23,119.58057403564453,124.0824946456875,115.36468364239518,123.39598452163563,229257290
2021-08-24,123.62921905517578,124.98024108159522,121.19562546145237,121.63569673286644,176075790
2021-08-25,122.357421875,125.50833383654138,121.5256807133627,124.8042171058774,125650100
2021-08-26,121.02400207519531,122.757883922083,120.13945454089472,122.37501064297187,91578980
2021-08-27,121.8249282836914,122.73148748903427,121.09442176671557,121.3716553959749,73940810
2021-08-30,126.7933349609375,127.18059983586686,123.0439324925853,123.13193869058128,134443870
2021-08-31,127.64266967773438,128.41279441945812,126.03641218812109,127.18060020466402,247521080
2021-09-01,124.2057113647461,128.10474981360557,123.83605310829262,127.73068654686628,88128970
2021-09-02,125.42910766601562,126.03640816316643,124.1000972746502,124.18811690000017,61480460
2021-09-03,127.06177520751953,127.88030127560016,124.66778656402154,125.68435006400998,84523820
2021-09-06,126.47647857666016,127.79230078824439,125.25748601025307,127.3566211045839,69586760
2021-09-07,125.74595642089844,128.4127871584814,125.03744814493118,127.09257339017661,63527170
2021-09-08,125.84718322753906,126.97376461874505,124.8570228573839,125.50833318007561,46762240
2021-09-09,127.35661315917969,127.79229281565942,124.9802311680229,124.9802311680229,53130300
2021-09-13,128.80445861816406,129.55697671504413,126.43246807204028,127.35662040728214,56702080
2021-09-14,127.82308959960938,129.90903642569614,127.53264096737176,129.90903642569614,55037670
2021-09-15,128.0695343017578,128.82645741236777,127.12778878117972,127.82309546852751,44174640
2021-09-16,126.45448303222656,129.54818354543596,125.97040194575443,128.50081176649886,56067970
2021-09-17,121.97895050048828,126.76692803174541,119.6993845617912,126.47647938408724,195720300
2021-09-20,110.29065704345703,118.98646943949858,109.78457778038818,118.81924021189639,282384120
2021-09-21,113.73201751708984,114.14568557591275,108.5127721045109,110.72193171005934,255935400
2021-09-22,114.92900848388672,116.00278340101339,112.93108126203185,114.36571782489474,111242470
2021-09-23,116.06438446044922,117.89069084912376,114.95100476120895,117.05894975973798,99462510
2021-09-24,111.96293640136719,116.5308718092971,110.76154366408916,116.17882015050198,132866160
2021-09-27,111.82210540771484,113.42395774689798,110.99037102796954,111.95412140850438,86688770
2021-09-28,112.74185943603516,114.13687783747808,111.1620051925234,112.08175253278966,81007360
2021-09-29,114.02686309814453,115.28106893414704,111.5316664572741,111.77810530007835,94945770
2021-09-30,113.44157409667969,115.86196613829004,112.99709780601286,114.68257833028368,75145680
2021-10-01,114.22929382324219,115.38668332140598,111.33802258279555,112.21816505380579,90374700
2021-10-04,116.5440673828125,116.86091923130374,112.69344380804847,114.22930165763549,96902370
2021-10-05,115.90157318115234,117.29660507579285,115.31187926575625,115.65072932336082,57952160
2021-10-06,112.64944458007812,116.93574127249502,112.05535237996533,116.17002154146677,86316930
2021-10-07,113.46796417236328,115.01701006502232,112.97068153437588,113.97844841003581,46033670
2021-10-08,114.5197525024414,118.2955581253438,114.09727440973873,114.59455709829473,107220150
2021-10-11,115.580322265625,116.82571802326568,114.24250187377552,114.85859895228874,63496580
2021-10-12,116.97974395751953,117.49902481404392,114.85859729013282,115.58032059302478,60970190
2021-10-13,119.19770050048828,121.15602306920863,116.00718371925582,116.66289905904769,132857180
2021-10-14,121.02400207519531,122.3926172538286,119.17129239241105,120.93157744062928,82273710
2021-10-18,124.19249725341797,125.39830154814442,122.43661735466301,124.8042027055113,109232300
2021-10-19,120.30668640136719,125.55673344936201,119.48375527210628,125.06826078415088,87569240
2021-10-20,118.22953796386719,121.10760756115018,116.76409325093117,120.75554252009721,69757740
2021-10-21,115.71233367919922,119.51015065410263,113.51197746476234,119.40892943347147,83575730
2021-10-22,114.0884780883789,116.58807970817841,111.86611680576861,116.1788166454466,80712890
2021-10-25,113.82882690429688,115.826754065386,111.53605282246504,114.5945465532557,64185010
2021-10-26,118.2603530883789,118.90725836986437,114.54615062500662,114.68257163954561,77228750
2021-10-27,116.72010803222656,118.96886578048988,116.28883335191566,118.46719151514519,72418040
2021-10-28,114.3833236694336,115.82235180279552,113.6351971825407,115.72994060191394,93076820
2021-10-29,115.82234954833984,117.38459706243796,113.53837876164889,113.56037695146108,79147600
2021-11-01,120.13066864013672,120.8347719781507,117.05896612289602,117.9391087253238,96875330
2021-11-02,115.61993408203125,120.57953265234367,115.36909022523304,120.57953265234367,72161370
2021-11-03,116.71129608154297,117.23498195972093,115.47469690498065,116.6012782656217,57302440
2021-11-04,116.69810485839844,117.49903785270773,116.53968563574053,117.14698618241658,6744340
2021-11-08,118.22514343261719,118.61240829714572,114.95541713537409,118.0183093995126,54936670
2021-11-09,117.5826416015625,119.72578649932562,116.95773450018503,118.18994209208041,47565160
2021-11-10,114.29090881347656,116.9709413075235,113.28315524788731,116.8829351091266,118804170
2021-11-11,114.3833236694336,116.57486986979134,113.39316337026224,114.84979811376162,136638600
2021-11-12,113.29635620117188,117.93910282473392,111.87492113459884,117.93910282473392,232395580
2021-11-15,109.61734771728516,114.33050711605893,109.26969437908015,113.97845548267063,121082150
2021-11-16,108.15190887451172,110.99037383238316,107.70304103057718,109.61734695489125,123148800
2021-11-17,107.38179016113281,108.90883803346895,106.946123893347,107.81746314387343,87802040
2021-11-18,104.43771362304688,108.10790628389546,104.032842158654,107.69423822915606,101083510
2021-11-22,102.54100799560547,105.33546334938059,100.86433746932236,104.56973689389287,96210010
2021-11-23,104.91738891601562,106.40923019333418,102.5498034288727,102.80504556110726,93829630
2021-11-24,103.72479248046875,105.87674062848797,103.07788720453466,105.65230670794213,67671010
2021-11-25,103.29792785644531,104.43771755495374,102.62461934709012,103.85682025239765,47502860
2021-11-26,97.89826202392578,102.05252935654809,97.36577280901156,101.91171003567436,106455260
2021-11-29,98.11388397216797,100.0721996942251,94.6197171682289,97.89825335695821,93929910
2021-11-30,94.28086853027344,99.27127497376358,93.5591519372905,97.77943368092274,133559840
2021-12-01,95.27983093261719,96.55163667012265,93.86720587652384,96.11156538773383,93791140
2021-12-02,97.90705871582031,98.22391058180638,94.5273144319089,95.31944409687407,91286810
2021-12-03,98.39993286132812,99.82575939456294,97.01370441351682,98.13588742890094,100737840
2021-12-06,97.5902099609375,100.42427023318562,97.00931933141467,98.0478878774878,82159400
2021-12-07,101.11077117919922,101.7048700714632,98.66397602623732,98.67277933170286,85053900
2021-12-08,103.24072265625,103.59277430038266,101.12837921668068,102.00852175692168,74485010
2021-12-09,103.57957458496094,104.03284746423972,102.00852361380896,104.03284746423972,52123940
2021-12-10,103.85681915283203,104.64014547195788,102.7654442893794,103.28032686667304,48121300
2021-12-13,102.56300354003906,105.52908615608935,102.24175341057838,104.56093075767565,53537780
2021-12-14,102.73023986816406,103.67199213134565,100.95234815059766,102.00411823291239,53522640
2021-12-15,101.5728530883789,103.46955926861783,101.12838350409726,102.98107986947643,44308330
2021-12-16,101.49803924560547,102.87105948358857,100.6487049026096,102.44859481726522,42460080
2021-12-17,99.64093017578125,101.9953140151568,99.01602981562824,101.56844437164419,47435020
2021-12-20,94.43489074707031,98.32952411190081,93.82759697009692,98.31191750100038,73526500
2021-12-21,97.2645492553711,98.95002294347019,95.49546095563706,95.93553220428055,70268490
2021-12-22,99.3548812866211,99.54410868817088,97.69581090591463,98.13588212621154,43669170
2021-12-23,99.249267578125,100.93474125618344,98.59355900416881,100.16021828056843,46214780
2021-12-24,98.17549133300781,99.75975048319923,97.15452954784885,99.46049854818342,40936300
2021-12-27,98.73439025878906,98.98963240080359,97.02251328963612,97.7882397156797,27588510
2021-12-28,99.23167419433594,99.58813085261129,98.75199140133053,99.19206267622943,28807810
2021-12-29,98.24590301513672,99.16125198788076,97.5197881648363,98.5759564407195,41935200
2021-12-30,96.90369415283203,99.19206345733552,96.72766832746822,98.39113722248896,41140930
2021-12-31,97.82344818115234,98.88402164589341,97.04892509581956,97.25575914794601,36870210
2022-01-03,100.55188751220703,101.30440562811646,98.13589380780604,98.13589380780604,38658030
2022-01-04,101.11077117919922,102.0701300263053,100.02819963034854,101.48043614425139,59757310
2022-01-05,103.64558410644531,103.92722944172284,100.44626419473252,100.95234345321488,61861760
2022-01-06,102.38257598876953,104.12086283834016,101.70486920271287,103.15270069403846,53354000
2022-01-07,102.12733459472656,103.32872718450245,101.0271565086798,102.5541975143549,39738570
2022-01-10,102.89305877685547,103.27591861887706,101.5552451198799,102.53660213566924,38225000
2022-01-11,99.47811126708984,102.33416949288717,97.95986673864462,101.97771284094273,96978850
2022-01-12,100.96995544433594,101.28680730277691,99.66734150241693,100.32305012626517,50358430
2022-01-13,107.47859954833984,107.86146610215496,101.40561495303076,101.5684458817619,157231160
2022-01-14,106.81410217285156,107.93188027526946,106.15399524942752,106.7612957677632,52679070
2022-01-17,108.23551940917969,109.5777380251696,104.7677626274034,106.93731060287635,89696070
2022-01-18,105.16382598876953,108.5875797387776,104.7369563437855,108.25752630492113,58408970
2022-01-19,106.4620361328125,107.45659474172378,104.12086057154072,105.26504179405774,73043210
2022-01-20,106.20680236816406,107.72945196967365,105.35306300040624,106.50605433390363,59205970
2022-01-21,102.95027923583984,105.99557177396767,101.77528969072796,105.61711019384154,71662670
2022-01-24,96.74526977539062,102.41778837587071,95.93554022180494,102.09653821770067,83920760
2022-01-25,97.61661529541016,98.66398038360884,95.67589932425673,96.34920785058263,57330630
2022-01-27,95.7903060913086,97.11932311749317,93.40951906917459,95.93553040643394,90566560
2022-01-28,95.46466064453125,99.08204714490735,95.13901219115921,97.33056531056245,78648930
2022-01-31,95.54386901855469,98.10068189762912,95.09939947500851,97.68701384969785,55709390
2022-02-01,102.74343872070312,103.36833911086771,95.61868386984672,97.24694620646763,170752680
2022-02-02,102.75663757324219,103.84801240047096,101.94690807932903,103.84801240047096,75247340
2022-02-03,102.67742919921875,104.0064395643814,100.89073425014195,101.48043483956897,65140900
2022-02-04,103.53116607666016,105.41907561293999,102.99868359254876,103.31113043844277,93174180
2022-02-07,104.12085723876953,106.90210396159023,102.18453976925491,102.82704672910553,145105250
2022-02-08,107.34217834472656,107.58861716999068,103.10869507440728,105.17702860353616,140839840
2022-02-09,107.584228515625,108.60959542437594,106.33442766695838,108.34554996510047,73520600
2022-02-10,109.87258911132812,110.39187668249804,107.90547006998814,108.25752841595775,93920570
2022-02-11,110.40947723388672,111.33362955817701,108.53037108913887,109.0496586633933,96762260
2022-02-14,104.459716796875,108.05950333189834,103.86562460232915,107.3861948157735,80216130
2022-02-15,106.2992172241211,106.67327377680408,101.35281370343,105.33985835821564,101889210
2022-02-16,104.89539337158203,107.19256605174527,104.42891887671337,106.93732389673214,66092140
2022-02-17,104.8205795288086,106.45324022145827,104.39810814433535,105.71392369232368,56557920
2022-02-18,104.80738067626953,106.05718153589167,104.12087053408146,104.47292219626148,47251200
2022-02-21,104.01964569091797,105.79313240165493,103.36394378515884,104.56093819689087,49787320
2022-02-22,100.22183227539062,102.68182903433923,98.50995532370406,101.9205076263279,93858570
2022-02-23,100.24823760986328,101.44523201293276,99.80816633564523,101.04036724644672,49608380
2022-02-24,94.52730560302734,98.57156145465345,93.92000513078362,96.28759059855875,121268670
2022-02-25,100.80712127685547,101.27799400770748,96.42840710568626,96.61323621905422,92128860
2022-02-28,107.44339752197266,107.81746078619233,99.38569366985445,99.80816504220897,176054460
2022-03-02,113.4811782836914,114.38333246133539,107.24977409197088,107.44339981368553,248475320
2022-03-03,114.70896911621094,116.94013348896473,113.85963486035907,114.94661134222054,174503380
2022-03-04,112.40300750732422,116.16561836044427,112.04215254315858,114.62977386382241,162829230
2022-03-07,113.70561981201172,114.57695235385064,111.25002125654301,112.2973863398763,110400010
2022-03-08,111.73409271240234,113.89043924836645,109.4897332654722,113.80243305235508,91078220
2022-03-09,110.48870086669922,112.37660372679505,109.8946019453297,112.12136157542656,69348880
2022-03-10,115.18424987792969,115.63313116833801,109.22568783848406,110.70873258411163,136740620
2022-03-11,114.56815338134766,117.93030434697144,114.08407229599483,115.73874457687015,118822990
2022-03-14,114.15447998046875,115.44829053458145,112.45580468067358,114.8585966690192,52780820
2022-03-15,108.58757781982422,113.80242466858165,108.0814985828361,113.69679843927635,96143130
2022-03-16,111.36003875732422,111.88372465496559,109.15527734674855,109.57774873016788,63024510
2022-03-17,114.7221908569336,115.98519336761275,111.87492894456729,112.21818402910695,106239760
2022-03-21,114.67816925048828,117.41100804375544,113.93444773879207,115.1226455253826,84227630
2022-03-22,114.59455108642578,117.05895277826576,113.36674853563267,116.17881027617354,81795880
2022-03-23,117.14697265625,118.62560561663759,113.74521704346805,116.53086215951303,130552380
2022-03-24,118.86763763427734,119.65536892382259,116.70249462791975,117.14256587326658,94605270
2022-03-25,117.8466796875,120.22746667854958,117.37139523332854,119.25050800042857,69457440
2022-03-28,117.8466796875,119.2593045903546,116.84770938970148,117.93909088640234,46554910
2022-03-29,117.46821594238281,118.48038787880105,116.79490746476888,118.29114703392108,43202370
2022-03-30,115.12703704833984,117.54742900285545,114.41852875891986,117.49902761012156,58483160
2022-03-31,115.05223846435547,116.2184246901062,114.42733132702136,115.12265148193607,40067950
2022-04-01,115.923583984375,118.01831417189821,114.8982103679788,115.29867684954158,55321590
2022-04-04,118.10633087158203,119.17129583577633,115.69034387066529,115.92358110909706,69670320
2022-04-05,118.37036895751953,119.5233534768939,116.99294380440588,118.68281578279145,63296420
2022-04-06,120.64554595947266,122.04937450123373,118.53760064151346,118.81925272395691,114097540
2022-04-07,118.77523040771484,121.54768740412004,118.02711732353622,121.19562233811621,55650640
2022-04-08,120.64554595947266,121.45527555163186,119.36934185693818,119.78300995933294,52287710
2022-04-11,119.51455688476562,121.81172959143068,119.08329560901173,120.64115176017566,44778820
2022-04-12,116.20082092285156,119.6949881051059,114.07528246161267,119.08329598413435,69191680
2022-04-13,116.13481140136719,118.46719730949492,115.73874992411079,117.49463008356317,44937800
2022-04-18,117.85989379882812,119.52775428567321,116.95773961408041,117.2261900792672,80700420
2022-04-19,116.75971984863281,120.28468180844632,115.21066028665174,119.04808253715271,64772190
2022-04-20,115.67272186279297,117.62663913709063,114.6869532061793,117.03254030924607,54100210
2022-04-21,114.60775756835938,116.42084905111071,113.17313436118074,115.82676358082104,66690280
2022-04-22,112.44261169433594,115.43509777749244,112.10815993487768,114.55936021727986,55848230
2022-04-25,107.40819549560547,111.15759779060049,106.7436835963983,110.0178148404426,72310460
2022-04-26,108.57437896728516,109.28729224107087,107.81745588266763,108.69759837966899,44812710
2022-04-27,109.72737121582031,110.45789115135871,106.53245614412492,107.99348930024685,71209740
2022-04-28,110.97277069091797,111.6592807936473,109.40171975812657,110.85394956853646,51295830
2022-04-29,111.87051391601562,113.6880035879598,111.39523616659831,111.60207018851939,57173520
2022-05-02,113.99605560302734,114.66055403045817,109.90779010076668,110.6339049469823,54426170
2022-05-04,111.01678466796875,117.0589615156374,110.4138824428655,116.82131926196024,138374020
2022-05-05,113.03230285644531,115.8707543511553,112.48221379585321,112.65823960926095,87338160
2022-05-06,112.98388671875,113.53838078293508,109.40171378147652,111.60206999820007,69256760
2022-05-09,110.21585083007812,112.14776348238141,109.48973590342057,110.89796265766985,50552970
2022-05-10,102.52780151367188,110.42707938314456,101.96891584148494,110.10582923964948,145537420
2022-05-11,102.59821319580078,104.81616938963191,98.87520738495925,103.41674600726498,107063150
2022-05-12,98.37353515625,102.30777364099811,97.07973117864177,101.82369924140399,94191610
2022-05-13,96.55162811279297,101.37481189487772,96.11155686940748,99.89617224850433,82924410
2022-05-16,97.12372589111328,99.87857628059851,96.28759318178564,98.48794948523158,62665270
2022-05-17,104.62254333496094,105.37066313086076,98.16669878338668,98.92802017983527,112876010
2022-05-18,103.87882232666016,106.40923207313801,103.41674616039938,105.35305701954844,81575800
2022-05-19,98.76519012451172,101.64765823409965,98.15349133882442,101.30440318687683,66545630
2022-05-20,103.02947998046875,103.71599006326738,100.44186556953196,102.30336509634431,65527500
2022-05-23,90.0341796875,96.55163413409807,88.1506751855444,96.55163413409807,273883460
2022-05-24,88.5731430053711,91.52601735375592,88.19027644894567,90.7426910603127,123116660
2022-05-25,87.9350357055664,89.62930589867985,87.29252876027356,88.57313764102352,99343400
2022-05-26,92.59098815917969,93.95961001298913,87.59618350900506,88.63034691580302,150536730
2022-05-27,91.8428726196289,93.96841765752436,90.83070735658994,93.51514478704703,74772200
2022-05-30,92.19053649902344,93.6295647753684,91.84287642128508,93.20710009945326,72701590
2022-05-31,92.91224670410156,94.34247829035068,91.27077607957764,91.97489277725131,121248850
2022-06-01,93.60755920410156,94.96737776462957,92.70541179223042,93.7791867242172,94055290
2022-06-02,95.19181823730469,95.47346359008085,93.21590247242138,93.97722391251155,79177040
2022-06-03,93.9376220703125,96.18198165742785,93.73518631898702,96.11156863827507,53954860
2022-06-06,94.88816833496094,95.31063972319474,92.34455684453441,93.73518371690014,57262490
2022-06-07,94.04322052001953,95.18740840414729,93.6075542998345,93.91119780801186,43341570
2022-06-08,95.64949798583984,95.8387254181891,94.531713143976,95.1434119711533,64734340
2022-06-09,91.9616928100586,95.69349525811876,91.64044266670571,94.61092370628948,98547810
2022-06-10,90.1001968383789,90.77790365916427,88.951610521921,90.65468423720328,95225630
2022-06-13,87.30574035644531,89.07042375944782,87.13411282705083,88.3927169475953,82235750
2022-06-14,87.67539978027344,89.22005428026496,86.74245080964839,86.9800863477483,77202600
2022-06-15,89.01119232177734,90.37481650886903,88.18559797727676,88.49171205980015,92443330
2022-06-16,83.64482879638672,90.44439362599907,83.32015802959792,90.44439362599907,122741050
2022-06-17,84.10863494873047,86.0288384580715,83.06968863398191,83.30159730456558,121290260
2022-06-20,79.90645599365234,83.95094402908204,78.16714085492826,83.95094402908204,139866890
2022-06-21,82.0771255493164,83.06969444576565,80.1476435765187,81.16804038301835,124526970
2022-06-22,77.74506378173828,81.06136215907756,77.5224334301123,80.97787135391077,109877390
2022-06-23,78.04190826416016,79.40089684081619,76.71539030056049,77.92131829557525,111515840
2022-06-24,79.11332702636719,80.21720748224844,78.3526597950922,78.84894774564977,85433810
2022-06-27,80.5047836303711,81.52518042032388,80.0595158449108,80.75060626821863,72814730
2022-06-28,81.52982330322266,82.04002528225838,79.8137003113719,80.33317354290502,84647330
2022-06-29,81.78028106689453,82.44817212653257,80.56507475992365,80.70422138466581,72318470
2022-06-30,80.43057250976562,82.97692536311192,80.08270947932671,81.77100443729857,84672090
2022-07-01,80.9686050415039,81.16804312178886,79.69310722101865,80.42129684197673,54761890
2022-07-04,79.27102661132812,80.81553926775041,78.22743755244478,80.56507393033532,77554410
2022-07-05,79.79049682617188,81.55763976789049,79.5725021091172,79.9621069780822,79058290
2022-07-06,79.60497283935547,79.87862337316027,77.74042513895863,79.63280074756734,81439710
2022-07-07,83.48712921142578,84.09472885276449,79.63744350455171,80.42593164275685,111007940
2022-07-08,82.17916107177734,85.14759658918075,81.67824452280796,85.14759658918075,112000630
2022-07-11,84.66986083984375,86.17726726618861,81.17267396744057,82.11422264602037,150193340
2022-07-12,83.68193054199219,84.96670666149996,82.89344241435575,83.94166714146851,100175050
2022-07-13,83.9370346069336,84.80437087154874,83.54742969336985,84.03907500009912,70135110
2022-07-14,84.22924041748047,84.50752660366018,83.02331237882665,84.41476454160028,74498580
2022-07-15,81.98435974121094,84.44259333664152,81.39995237455202,83.95094803301376,81253510
2022-07-18,83.88601684570312,84.22924427606907,82.76821519185118,83.20884031478978,73060810
2022-07-19,85.2913818359375,85.51865491091645,83.57989448888148,83.57989448888148,85341580
2022-07-20,86.12625122070312,87.01214412324215,85.82476567454131,86.8219772971343,77088650
2022-07-21,86.66891479492188,87.09099030384198,85.7598296278087,86.27003157016172,50877140
2022-07-22,86.83125305175781,87.56872097235761,86.45555503670013,87.429574345739,48608940
2022-07-25,89.11787414550781,89.50284343329504,86.60398470955846,86.73385301419852,99635630
2022-07-26,88.07891845703125,90.60208616025855,87.75889040675514,90.16609668660347,126264690
2022-07-27,88.99727630615234,89.19671437162195,87.53161176639502,88.21805946987597,52559020
2022-07-28,93.08815002441406,94.61874884770292,90.11972151893227,91.00097174100885,137156107
2022-07-29,99.8134994506836,101.3904827999623,94.75789280464417,95.54638094063772,166959934
2022-08-01,100.41646575927734,103.38489424872726,98.4684341207451,102.50364403141013,125365761
2022-08-02,99.25691986083984,100.18455462589442,97.72632108304147,100.18455462589442,64935371
2022-08-03,99.30329895019531,100.60198188777375,98.32927966972028,99.25691438358557,61428846
2022-08-04,99.90626525878906,101.5760107318736,98.37567349863542,99.72074112946494,79526154
2022-08-05,99.58158874511719,101.34409618111664,99.34968005820389,99.85988200032975,54469112
2022-08-08,99.44244384765625,100.32370111963424,98.97862646575992,100.0454078595798,41384943
2022-08-10,101.29771423339844,101.9470628199293,98.79310318085676,100.09179327662683,73880698
2022-08-11,101.20494079589844,102.6427773612566,100.74112346220753,102.31810664313113,75321498
2022-08-12,104.49805450439453,104.72996318856882,100.9266621835687,101.43685704237731,95942333
2022-08-16,104.8227310180664,105.47207253858905,103.06022350584409,105.47207253858905,69207437
2022-08-17,104.3589096069336,105.28654435899523,104.12700091891818,105.28654435899523,54008422
2022-08-18,104.4052963256836,104.82272914179177,103.33851492338403,104.35891175620863,49396425
2022-08-19,102.0862045288086,104.7299620850813,101.62238716534702,104.40529134611646,57134813
2022-08-22,97.44802856445312,101.66876222467141,97.12335075595921,101.57600016965507,74037526
2022-08-23,99.8134994506836,100.416463464311,96.01019832384469,96.65953982941781,70531639
2022-08-24,98.83949279785156,100.32370709283047,98.0973821117161,99.76712761687489,55686404
2022-08-25,98.56119537353516,100.09179417597075,98.09737798354205,99.30330602844082,42186335
2022-08-26,99.58158874511719,101.2977116128174,99.34968005820389,99.48882668581017,71257092
2022-08-29,97.26249694824219,98.00460753968282,95.77828284265205,96.52039343409268,59895805
2022-08-30,100.46284484863281,100.6483689651174,98.37566669037001,98.79309949110602,67401780
2022-09-01,98.7003402709961,99.9526457865056,98.23652288915616,99.25691971374569,52454732
2022-09-02,97.86547088623047,99.25692307892568,97.40165348866539,99.25692307892568,45601352
2022-09-05,99.16414642333984,99.53520170225126,98.14374971430156,98.37565837895984,40352735
2022-09-06,100.74113464355469,100.92666584399784,98.37567022556058,99.62797575006236,59505849
2022-09-07,99.8134994506836,101.0194274779384,99.34968206747662,99.76712195873787,43945660
2022-09-08,98.19013977050781,100.55561128375055,97.72632238181642,100.55561128375055,71228405
2022-09-09,98.05099487304688,99.58159369826437,97.86547074520493,99.25692293589505,63647166
2022-09-12,99.95264434814453,100.1381684672941,98.79310091023102,99.07139416624686,40838533
2022-09-13,99.95264434814453,100.8338945300422,99.76712022899495,100.18455303572723,44179394
2022-09-14,101.25133514404297,102.41087859031627,98.14376012348883,98.60757750199815,86379872
2022-09-15,99.25691986083984,101.112189390949,98.79310247831255,100.78751863863822,62926791
2022-09-16,98.05099487304688,99.72074033279175,97.40165334830822,98.51481226994359,107967267
2022-09-19,95.6391372680664,98.51480345608951,95.5463752124446,98.51480345608951,51146568
2022-09-20,98.14375305175781,98.65394788498114,96.47400777852084,96.65953188564005,52140254
2022-09-21,96.89144897460938,99.44244459419,96.7523094208292,98.14376157696408,46142823
2022-09-22,96.10296630859375,97.67994975507408,96.01020424169303,96.8914544931879,61380323
2022-09-23,96.75231170654297,100.09179554470163,96.24210973965698,98.51481215078516,109765520
2022-09-26,92.62432861328125,96.89144705893663,91.37202311297793,96.84506956769074,101291962
2022-09-27,90.58353424072266,94.01577996539724,89.51675286879683,94.01577996539724,104949032
2022-09-28,88.31082916259766,90.76906277115279,88.12530503554481,89.56314179072568,71724106
2022-09-29,89.84142303466797,91.14011308440789,89.42399023313686,89.98056966094214,60884592
2022-09-30,92.1141357421875,93.13453257650154,88.7746448992809,89.84142630313764,66436616
2022-10-03,91.23287200927734,92.43879995917861,90.90820127731658,92.39241539291658,37282313
2022-10-04,93.83025360107422,94.15492433850737,92.76347225468706,93.04176550236764,40186702
2022-10-06,96.05657958984375,96.28848827347225,94.38683423680196,94.61874292043046,48169310
2022-10-07,95.82467651367188,96.01020064051461,94.52598639389738,95.82467651367188,36080875
2022-10-10,95.73190307617188,96.01019633123697,93.83025609086525,94.61874421049441,36641275
2022-10-11,93.08815002441406,96.14934767099177,92.57795513484565,96.05658560718767,41083734
2022-10-12,93.27367401123047,93.87663091794249,91.83583736301425,93.088142820688,41357469
2022-10-13,92.85623931884766,94.43322267859249,91.65031836088102,93.78387409141816,34668093
2022-10-14,92.85623931884766,95.36085745116297,92.67071519525022,94.47960017084601,32456805
2022-10-17,92.34603881835938,93.13452691158346,91.00096423364418,92.53156293066226,37568783
2022-10-18,93.36643981933594,93.6911105692165,92.57795169039986,93.04176906945538,30722156
2022-10-19,92.80986022949219,93.92301910650451,92.48518240284635,93.32005509925136,38764542
2022-10-20,93.59834289550781,93.87662905987659,91.65031143576184,92.29965289658011,38091315
2022-10-21,92.9489974975586,94.10854091482999,92.16050938927232,93.55196148999799,30973997
2022-10-24,93.87664031982422,94.71151306765087,93.6911161879925,94.618751001735,7480281
2022-10-25,93.87664031982422,95.08256840860626,93.41282291295298,93.83026282551228,37163180
2022-10-27,96.65953826904297,97.07697815356548,94.665129215282,94.85065333465322,74349009
2022-10-28,94.24768829345703,97.03059251714548,93.5055847468483,96.56677514653073,51006232
2022-10-31,94.20130920410156,94.75788862393539,93.04176579724306,94.52597994256368,38715841
2022-11-01,93.87664031982422,94.10854902325984,91.41841372524017,91.41841372524017,69031178
2022-11-02,93.92301940917969,95.54638023847414,93.50558659827773,93.69111071928047,42336049
2022-11-03,94.61874389648438,95.03617670040522,92.76347440831802,93.4592004663804,39110676
2022-11-04,97.16973876953125,97.40164745394542,94.8042673575903,95.08256060980385,70299020
2022-11-07,98.97863006591797,99.67435616406816,97.03059840655578,98.2365264742662,74426059
2022-11-09,98.42204284667969,99.76711744347953,97.91184799461737,99.48882419523369,38295904
2022-11-10,97.12335968017578,98.32928773806881,96.89145098268034,97.58717707516668,27864285
2022-11-11,99.76712036132812,100.37007728800974,98.56119235338191,98.56119235338191,77933417
2022-11-14,100.83390045166016,102.03982852882669,100.41646762041354,100.64837632161542,55474425
2022-11-15,100.69475555419922,101.43685911232569,99.44244297226989,101.11218836331464,35007427
2022-11-16,98.83949279785156,100.92667114065404,97.58718013033648,100.60199329216226,40404167
2022-11-17,98.19013977050781,99.07139705539646,96.93783423649941,98.23652434029363,32894825
2022-11-18,97.86547088623047,98.60758155325131,97.12336021920962,98.19014164906764,28992538
2022-11-21,96.70591735839844,99.90625423862325,96.33486206338762,99.90625423862325,58404309
2022-11-22,97.58717346191406,97.77270465941604,96.05658177694909,96.84506990378075,27846186
2022-11-23,97.81908416748047,98.32928612451491,97.35526678010068,98.05099286117036,22809651
2022-11-24,97.86547088623047,98.2829037131223,97.03059815515496,98.19014164906764,23737867
2022-11-25,98.51480865478516,98.7931019136275,97.49441183451586,97.95822921439205,27361785
2022-11-28,97.30888366699219,98.70033574875865,96.93782836306288,98.32928044482934,33516118
2022-11-29,98.42204284667969,99.85987950046439,97.35526149812569,97.40164606526376,40661568
2022-11-30,99.8598861694336,100.138172358973,98.23652529326586,98.42204941962547,61142050
2022-12-01,102.73554992675781,103.24575187694954,100.18455433038234,100.83389583308855,91702642
2022-12-02,103.89509582519531,104.35891321727209,102.17897288996964,102.78193691512779,70541914
2022-12-05,107.46648406982422,107.69839275667204,104.49805570908863,105.10101971035127,96441799
2022-12-06,104.7763442993164,107.00266915977303,104.12700279210854,107.00266915977303,50581245
2022-12-07,103.1529769897461,105.28653965508275,102.82830625648822,105.19377759947925,39494279
2022-12-08,103.75595092773438,104.8227323628143,102.78193863445503,103.66318886322566,32416724
2022-12-09,102.45726013183594,105.51845778192047,101.76153403657052,104.63720755883435,35665257
2022-12-12,103.6167984008789,103.98785371510817,100.83389416009658,102.22534628048774,37082389
2022-12-13,103.1529769897461,104.68357567772316,102.78192876733206,104.40528951091262,32264080
2022-12-14,104.86911010742188,105.00824965648195,103.06021811943549,103.52403548907947,38606984
2022-12-15,102.92107391357422,105.24016081633427,102.68916522329822,104.49805725382599,34361613
2022-12-16,103.01384735107422,103.98785964451147,101.52962600952661,102.36449874482417,34736665
2022-12-19,103.7095718383789,103.98785802762316,102.78193705298122,103.01384574933064,17297590
2022-12-20,102.92107391357422,103.43127586309805,101.112188960338,103.10660511216996,34836506
2022-12-21,101.48324584960938,103.89509485031915,100.83389726041986,103.70957072614597,32303565
2022-12-22,99.8598861694336,102.5964059583425,98.65395811622085,102.03982650197192,39639329
2022-12-23,94.85065460205078,99.02501103930486,94.57236134198388,98.32928496642917,46756489
2022-12-26,97.40164947509766,97.91185142231241,94.2940744549219,95.36085584082176,33995681
2022-12-27,103.10660552978516,103.47766085118798,98.19013844510394,98.93224908790957,76033410
2022-12-28,102.03982543945312,104.17338825683109,101.76153217551975,103.01384478592821,50660601
2022-12-29,103.6631851196289,103.8950938111717,100.97304288227417,101.11218951265818,51751642
2022-12-30,104.49805450439453,106.44608603600031,103.98785256829453,104.72996318856882,56048485
2023-01-02,110.62044525146484,111.03787806300657,105.5184540658627,106.12141807598307,143444095
2023-01-03,109.87834167480469,111.7799958880493,109.2290001312681,111.13065434451272,74419090
2023-01-04,107.37371826171875,110.4349156521486,107.00266296025889,110.1566224067309,55634568
2023-01-05,108.11582946777344,108.53326226093746,106.21417546049008,108.06944490084798,58806907
2023-01-06,107.28096008300781,109.32175369885826,106.90990476813732,108.53326557806565,58551863
2023-01-09,109.04347229003906,109.55366717767095,108.11583750093551,108.4405082616634,37763131
2023-01-10,110.2493896484375,111.08426234666827,109.04346870858556,109.13623076899086,56750710
2023-01-11,110.2493896484375,111.64084178639159,109.46090151905517,110.80596908816084,49321252
2023-01-12,109.55366516113281,110.62044656442416,109.08984777511846,110.34215330189889,33740024
2023-01-13,111.73360443115234,112.80038582462129,109.60004872150606,109.97110404235937,68884010
2023-01-16,111.26978302001953,112.66123511486241,110.20300874247305,112.66123511486241,44362359
2023-01-17,110.71321105957031,111.22341302631666,109.46090550526506,111.08426639199568,27880531
2023-01-18,113.58887481689453,114.09907677158658,111.31617246008446,111.31617246008446,64749065
2023-01-19,114.6092758178711,115.30500187809137,112.3829510097079,112.98591501069043,53564076
2023-01-20,114.05268859863281,115.21223202512274,113.17143842541704,114.47012847854404,37784498
2023-01-23,113.17144012451172,114.88756300602347,112.70762274695225,114.47013019713656,28601260
2023-01-24,111.68722534179688,113.6816414702255,111.40893208581466,113.63525690179797,27707765
2023-01-25,112.24380493164062,113.40334837101707,111.40893223983127,111.64084092770656,46522102
2023-01-27,111.91914367675781,114.33099281976916,110.48130685906092,113.07868721448367,58771746
2023-01-30,110.15662384033203,112.3365640335035,108.44050101069881,111.73360004544553,46551837
2023-01-31,111.03787994384766,111.7336060263963,109.22899496013785,110.15662973686938,43986769
2023-02-01,113.21781921386719,115.16585068988127,110.66682376074867,111.40892728255389,72919626
2023-02-02,111.26978302001953,113.63525441216896,109.83195343505668,113.12505247981004,38768010
2023-02-03,111.64083862304688,112.24380261453364,108.71878780068133,111.36255244971623,46977350
2023-02-06,108.95069885253906,111.31617030238127,108.53326604482173,111.31617030238127,49546361
2023-02-07,103.3848876953125,107.00266455314217,102.5500221012137,104.45166904890593,110953246
2023-02-08,103.3848876953125,104.59081567368617,102.13258222687297,103.3848876953125,66523699
2023-02-09,103.1993637084961,104.77633991851837,101.99343572862635,104.03423638092197,64710455
2023-02-10,100.92666625976562,103.19936862554638,100.46284887268452,102.96745993200582,60810058
2023-02-13,100.88027954101562,102.59640242119758,100.55560879243387,100.92666410965224,56186469
2023-02-14,101.3440933227539,101.94705730718049,100.41645860126417,101.62238657011733,31163587
2023-02-15,102.318115234375,102.59640141158161,100.92666311646758,101.11218723460533,35544190
2023-02-16,103.89509582519531,104.08061995110933,102.6427902820464,102.96746104104179,30956191
2023-02-17,104.12699890136719,104.91548700988363,103.24574873490022,103.4776574184222,34107244
2023-02-20,104.21975708007812,104.54442780946582,103.01383621702513,104.1733795914748,19896764
2023-02-21,104.96187591552734,105.93588818020027,104.59082059109836,104.7299672224207,29830864
2023-02-22,103.10660552978516,105.47206993380635,102.64278814735454,105.05463712053545,24391211
2023-02-23,103.94148254394531,105.42569681381353,103.29213393523979,103.47766514228074,30845778
2023-02-24,101.80791473388672,104.7299656382903,101.62239061312427,104.35891031947385,34326940
2023-02-27,98.42204284667969,102.08620425455725,97.54079268938668,101.85429557344948,56217189
2023-02-28,96.42762756347656,99.3033008945989,96.05657933249812,99.11776970181833,76540448
2023-03-01,97.86547088623047,99.34968514298033,96.93783609110032,97.12336021920962,76175319
2023-03-02,97.07698059082031,99.16415883395996,96.79868732748503,98.37567069089887,55276248
2023-03-03,99.25691986083984,99.67435267419776,97.40165033073069,98.32928509578527,117175295
2023-03-06,98.0046157836914,99.81350077121348,97.40165176208681,99.72073870880317,106868143
2023-03-08,98.79310607910156,99.16416141410585,96.47401908193955,97.67994715138055,43939583
2023-03-09,100.37007141113281,101.06579743406753,99.72072995397684,100.04540068255483,51967449
2023-03-10,100.27731323242188,100.50922191569634,98.88586113277506,99.25691644147248,47699832
2023-03-13,99.07139587402344,101.11218952901349,98.65395598280392,100.41646345427257,34552596
2023-03-14,98.7003402709961,100.69475642836612,98.51480907188517,99.25691971374569,48584984
2023-03-15,100.78751373291016,101.25133109286162,99.62797033303151,99.72073238956355,38930902
2023-03-16,97.44802856445312,99.48882208397723,96.19571605121351,99.48882208397723,81088340
2023-03-17,99.25691986083984,99.58159061315062,97.40165033073069,98.74671790914319,48962238
2023-03-20,96.93783569335938,98.74672070552448,96.33487166354041,98.42204994401943,41569640
2023-03-21,97.16973876953125,97.77270276446635,96.75230596850233,97.4944095122528,26434897
2023-03-22,97.21612548828125,98.28289979835611,96.84507016955055,97.16974091945558,25891259
2023-03-23,97.30888366699219,97.86546308424052,96.79868173942798,96.84506630640337,20913844
2023-03-24,94.71150970458984,97.44803655433552,94.2013148215229,97.40165198437865,39014278
2023-03-27,94.89704132080078,95.91743816867452,94.71151011745626,95.12895001701263,24753289
2023-03-28,95.08257293701172,95.6391524363065,94.94342629286494,95.40724372182598,18703734
2023-03-29,96.10296630859375,96.93783906528427,94.29408123350765,95.0825694181018,37221124
2023-03-31,96.93783569335938,97.86547048468339,96.56678036137141,97.40165308902138,34579415
2023-04-03,96.56678009033203,97.63356151281882,96.28849390009098,97.4944148790524,21840428
2023-04-05,97.26249694824219,97.4016435687987,95.73189827670285,96.56677092275078,25194802
2023-04-06,96.79869079589844,97.49441690187369,96.659544159245,97.26250819988194,21053782
2023-04-10,97.35526275634766,98.0973733764001,96.93782995587527,96.93782995587527,19992257
2023-04-11,99.76712036132812,100.0454065404216,97.49441097362819,97.91185085820564,49304956
2023-04-12,99.8134994506836,100.5556100947314,99.21053543705621,100.37007889507365,27349538
2023-04-13,99.72073364257812,100.32369763354966,98.23651948754221,99.72073364257812,34880922
2023-04-17,99.39606475830078,100.46284613497484,99.02500944328918,99.81349756438166,24642162
2023-04-18,99.8134994506836,100.09179271152443,99.11777337587313,99.44244412865969,25476339
2023-04-19,100.27731323242188,102.41087594946353,99.95264249129589,100.0454045491474,62100775
2023-04-20,100.1845474243164,100.83388888226128,99.62796802075064,100.37007153307462,18337948
2023-04-21,98.46842956542969,100.27731448667932,97.7263189387526,100.18455242766755,37638506
2023-04-24,98.79310607910156,98.97863020795778,97.72632464494866,98.70034401467345,23475012
2023-04-25,99.30329895019531,99.8134937964465,98.56118834818659,98.9786211385095,23333425
2023-04-26,99.11776733398438,99.30329852233277,98.19013262411593,98.79309660098866,23590297
2023-04-27,99.8598861694336,100.0454102957932,98.60758062327683,98.60758062327683,22364308
2023-04-28,100.1381607055664,100.64836260961911,99.53520382641987,99.99902116563472,30072920
2023-05-02,102.318115234375,102.82831009789952,100.18455248933371,100.18455248933371,52822162
2023-05-03,101.76152801513672,102.96745600648966,100.88027784419594,101.85429715084956,51272624
2023-05-04,103.01384735107422,103.80233551546397,101.57601058043443,102.03982798034508,38636907
2023-05-05,100.78751373291016,102.82830728578007,100.55560505293444,102.82830728578007,32958346
2023-05-08,101.62239074707031,101.90067692858078,100.41646272865027,101.34409748826829,23130472
2023-05-09,101.62239074707031,103.1529824386068,101.2513354277648,101.66876823867628,27999202
2023-05-10,101.3440933227539,102.0398193638712,100.74112933832733,101.66876405981706,19213215
2023-05-11,100.69475555419922,101.57600574112801,100.41646229659459,101.29771248352337,19817637
2023-05-12,99.02501678466797,100.55561564925706,98.83949265205378,100.50923107745751,36794838
2023-05-15,99.90626525878906,100.37008265939122,98.00461816269532,99.30330829983976,22148028
2023-05-16,99.62797546386719,100.78751892346226,99.442444263957,100.37007903163305,18587658
2023-05-17,98.32927703857422,99.72072907213895,97.91184425942122,99.62796701869284,28895465
2023-05-18,97.58717346191406,99.39606548177775,97.49441140180883,98.79310147515652,24208481
2023-05-19,97.07698059082031,98.05099285791047,96.52040114144141,97.95823079589594,29848841
2023-05-22,97.40164947509766,97.63355816432409,96.75230797618029,97.40164947509766,21588716
2023-05-23,97.95823669433594,98.37567661447453,97.40165721144325,97.49441927904334,21304034
2023-05-24,97.58717346191406,98.14375997712844,97.3088872815984,97.49441140180883,28454367
2023-05-25,97.26249694824219,97.5871676780133,96.75230210925649,97.4016435687987,25885062
2023-05-26,98.7003402709961,99.02501102282572,97.35526561728533,97.40165018638596,28362042
2023-05-29,100.60198211669922,100.97303741854793,98.60757313918343,99.25691460945026,41062311
2023-05-30,99.30329895019531,101.06579924470638,99.16415232765728,101.06579924470638,33475211
2023-05-31,98.14375305175781,99.21052728362979,97.95822186734758,98.70033245040646,41249944
2023-06-01,98.28289794921875,98.97862400476478,98.14375839994268,98.2365204585572,21211538
2023-06-02,100.1845474243164,100.46284066474483,98.79309537675645,98.79309537675645,46686933
2023-06-05,101.48324584960938,101.947063237334,99.99903162434886,100.7875197680224,39642539
2023-06-06,101.1121826171875,101.90067069920275,100.46284115606697,101.80790864436999,26751372
2023-06-07,103.4312744140625,103.66318310108954,101.01942548443951,101.57600491784612,45157197
2023-06-08,103.10660552978516,104.82272842932012,102.92107433043795,103.43127628202826,46380294
2023-06-09,101.01942443847656,103.57041996936087,100.78751575385071,103.19936465850122,36392617
2023-06-12,101.57600402832031,102.59640082684516,101.25133328478397,101.25133328478397,23472313
2023-06-13,103.10660552978516,103.75594703427139,101.7151533824933,102.0398241347364,30018212
2023-06-14,105.5648422241211,105.75036635171615,103.33851730652134,103.43127937031886,66696433
2023-06-15,105.51844787597656,105.935880663031,105.05463052267557,105.6575944974251,39430138
2023-06-16,105.9822769165039,106.49247889231414,105.61122157748665,106.12142355329686,31715807
2023-06-19,105.84312438964844,107.23457652556132,104.86911214088435,107.09542989651173,33502185
2023-06-20,105.9822769165039,106.90991172540109,105.28655080983101,105.84313027971093,30371599
2023-06-21,105.65760040283203,106.58523516128132,104.68358107554367,106.58523516128132,35627983
2023-06-22,106.4239273071289,107.47762811050997,105.89708055957942,105.94497173211187,34769987
2023-06-23,104.987060546875,106.08865983070123,104.60389462533344,105.84918204327302,22190233
2023-06-26,105.2265396118164,105.56180705662985,103.55019507946704,104.98706182148078,25332751
2023-06-27,106.08866119384766,106.80709456536354,105.51391595829136,105.94497305788803,24129403
2023-06-28,106.85498809814453,107.3339436569739,106.23234441000999,106.80708961894886,23895274
2023-06-30,107.28604125976562,107.4776205529883,105.75338498913958,106.90287536503872,26741918
2023-07-03,108.33975219726562,109.44135150779705,107.33394985065348,107.52552916192752,30979256
2023-07-04,107.6692123413086,108.62712347013111,107.38183607934906,108.43553685939746,25080307
2023-07-05,108.19606018066406,108.77081271044491,107.47762682672,107.81290157185283,27877180
2023-07-06,107.90869140625,108.10027071097907,106.80709213335274,107.28604770345746,34320086
2023-07-07,106.90288543701172,108.5313388159572,106.56761798814367,107.28605136783902,30034274
2023-07-10,110.44715881347656,110.83031742787486,106.95078164497627,107.52552687485583,60652690
2023-07-11,110.303466796875,111.2134794364668,109.96819936693495,110.73452387704334,37999385
2023-07-12,109.87240600585938,111.16559190526955,109.20187112402469,110.30347040842346,32771204
2023-07-13,110.01609802246094,112.02771004723587,109.68083056971217,111.1176973457346,44847814
2023-07-14,112.21929168701172,112.93772504312794,109.9682019661706,110.83031614688446,34521821
2023-07-17,112.79403686523438,114.32669322934761,112.17139316185904,112.98561617014276,49115369
2023-07-18,111.69244384765625,113.17720912285117,111.50086453201672,113.0335209819803,23433431
2023-07-19,111.7882308959961,112.26718648219708,111.21348565421137,111.7882308959961,17222355
2023-07-20,112.0277099609375,112.31508623923355,111.45296471262773,111.78823216511823,22303831
2023-07-21,111.69244384765625,112.9856224989292,110.63874299507394,111.69244384765625,31546136
2023-07-24,110.63873291015625,111.5966440176035,109.53713367493557,111.5966440176035,38113555
2023-07-25,114.23090362548828,114.85354732912847,109.53713757041558,110.15978127405577,88035259
2023-07-26,114.90144348144531,115.52408721207296,113.84774264176593,114.75776265061629,29716336
2023-07-27,114.75775909423828,116.33830665063452,114.13511538290656,115.18881618993142,39664251
2023-07-28,115.52407836914062,116.00303392399468,113.70404579903888,115.14091246360103,33996691
2023-07-31,117.96675872802734,118.6372936048482,115.52408238994194,115.52408238994194,52330311
2023-08-01,118.01465606689453,118.9246760853112,117.39201963800396,118.34993083110629,27863562
2023-08-02,113.94352722167969,117.72728061104334,113.27299234674537,117.72728061104334,54951586
2023-08-03,113.22509765625,114.61407324122246,112.55456275887175,113.70405324245796,34624188
2023-08-04,113.99142456054688,114.70985790861755,113.03351342978597,114.37459047450761,22303966
2023-08-07,113.84774017333984,114.56617354503733,113.03351714707244,114.56617354503733,20711952
2023-08-08,113.17720031738281,114.47037886804324,112.98561370836676,113.99142330792591,21275054
2023-08-09,115.14091491699219,115.42829117934066,111.97981257256862,113.3687807879284,34154214
2023-08-10,114.94933319091797,115.57197687402513,114.23089985847473,114.94933319091797,24439101
2023-08-11,115.2367172241211,116.29041805449198,114.13511791170878,115.2367172241211,26337436
2023-08-14,113.17720031738281,115.33250033791082,112.41086849788233,115.23671068754373,33095516
2023-08-16,111.06979370117188,112.98561598016255,110.54294695941864,112.98561598016255,31252473
2023-08-17,111.16558837890625,111.88402171877438,109.87240252051815,111.02190024927626,28461865
2023-08-18,110.92611694335938,111.50086218647,109.92030728670407,111.40507253066528,30381609
2023-08-21,111.97981262207031,112.17139192486603,110.97400301168796,111.83612449083256,22629651
2023-08-22,112.60245513916016,112.79403443994923,111.59664553931283,112.21928922930013,17343131
2023-08-23,113.94352722167969,114.2309034870984,112.69824712418996,112.88982642894776,43744909
2023-08-24,113.27298736572266,115.04512143579221,113.08140806938928,114.47037623851041,27103446
2023-08-25,111.97981262207031,113.1772015352484,111.78822601099266,113.03351340401063,23692527
2023-08-28,112.65035247802734,113.27299620210552,112.0756072359099,112.0756072359099,19218821
2023-08-29,114.51828002929688,115.0930252532414,112.7940370491813,113.51247040618244,36038317
2023-08-30,116.96094512939453,117.53569033403328,115.18881103664103,115.428288814264,51467177
2023-08-31,117.72727966308594,118.39781453262101,117.0088463136061,117.67938118314117,60626985
2023-09-01,121.7026138305664,123.28316137234665,118.20623669152727,118.3020263443197,76460408
2023-09-04,126.20479583740234,127.30638782920553,123.42685930885948,123.76211944626877,68525900
2023-09-05,126.15689849853516,126.87533187793065,123.42686042677101,126.20479698047443,36466807
2023-09-06,124.1452865600586,126.82742599333245,122.804202226858,126.82742599333245,36058850
2023-09-07,124.67212677001953,125.29477776969901,123.1873762231184,124.04949038690381,30268235
2023-09-08,124.04949188232422,126.1089949742855,123.7621156187435,125.86951719072889,34313523
2023-09-11,125.63003540039062,126.30058486621411,123.76211167153647,124.04948792595177,33377857
2023-09-12,123.5705337524414,127.54585903040999,123.23525901578995,127.21059891032218,38065283
2023-09-13,124.09739685058594,125.00740955236685,122.3252553129878,124.14529533311435,23371459
2023-09-14,126.15689849853516,128.55167642985347,125.29478428988638,125.48636360107893,58800620
2023-09-15,126.39636993408203,127.68955579857403,124.38476534289465,127.0190209348449,85058495
2023-09-18,124.95950317382812,129.31800171034126,124.57634457094152,129.31800171034126,62420823
2023-09-20,122.9000015258789,126.25269049788967,122.61262526210805,124.9595046192028,43627379
2023-09-21,122.42105102539062,123.81001930511381,121.84629847406022,122.90000661264446,29826091
2023-09-22,121.41523742675781,123.28316123308743,120.21784849749984,121.79840334577678,34059194
2023-09-25,122.03787994384766,122.90000142617886,120.79259254622679,121.94209029209573,23466981
2023-09-26,123.47473907470703,125.055301212529,122.9957835086817,123.57053603453767,48936598
2023-09-27,122.75630950927734,123.33106205284841,121.36734124830572,123.33106205284841,33277329
2023-09-28,121.463134765625,123.85791260163273,120.98417919842346,122.94789994726258,29982233
2023-09-29,123.47473907470703,124.09739008047832,122.18156781637695,122.80420420558434,28406435
2023-10-03,122.61262512207031,123.66633321583868,121.89419177174568,123.57053625583649,18613557
2023-10-04,120.0262680053711,121.75050366148496,119.25993617491028,121.65471400974783,33272725
2023-10-05,119.9783706665039,120.84049215690166,119.30783578968456,120.60101437114018,27063441
2023-10-06,120.60101318359375,121.65471396891219,119.83468135339018,121.17575840210544,21928671
2023-10-09,118.63729095458984,119.64310055563419,117.43990205252841,119.54731090512566,21457836
2023-10-10,120.0262680053711,120.60101322407571,118.54150282445902,119.45151547838451,28745957
2023-10-11,119.69099426269531,120.98418015094647,119.45151647720911,120.69680388505022,24455932
2023-10-12,120.60101318359375,121.55892431720723,119.83468135339018,120.07415913679355,19361688
2023-10-13,119.78679656982422,120.45733147580002,118.78098690257815,119.73889808727637,26912800
2023-10-16,121.65471649169922,121.89419428006872,119.69099570375658,119.8346838384347,23868700
2023-10-17,122.03787994384766,123.13947920969964,121.654714028558,122.51683551088922,24241710
2023-10-18,121.75050354003906,123.28315989114988,121.27154797354932,122.4689368897737,20926079
2023-10-19,120.6968002319336,121.17575578840952,119.11624543390667,120.21784467545767,30941319
2023-10-20,117.91885375976562,120.45731961083519,117.53568786197145,119.73888629307672,30746140
2023-10-23,114.94933319091797,118.206232426317,114.66195693462795,118.15833394750807,30699479
2023-10-25,116.24251556396484,117.63149110416397,115.66777034069852,116.09882743107775,27346103
2023-10-26,114.85354614257812,115.81145727419549,113.89563501096077,115.76355879430184,36298907
2023-10-27,114.85354614257812,116.67357875430751,114.47038022827479,115.42829135989216,28424007
2023-10-30,114.13511657714844,116.14672855856823,113.9435299595052,115.95514924920718,18753217
2023-10-31,113.75194549560547,115.09302252521003,113.4166780652748,114.9493343955592,22319950
2023-11-01,111.69244384765625,114.08722183456261,111.11769859245521,113.99143217674285,24717941
2023-11-02,113.12931060791016,113.56037503040125,109.77662142718634,109.77662142718634,72538804
2023-11-03,112.36298370361328,113.60826384562081,112.17139708372439,113.22509791412531,31747230
2023-11-06,114.37458801269531,114.61406579023098,112.55455544176782,113.51246655191052,27883152
2023-11-07,114.61406707763672,115.14091380916396,113.41667817650864,114.27879964697723,25818033
2023-11-08,114.03932189941406,115.42829010180772,113.56036633882565,114.70985676092509,22552386
2023-11-09,114.61406707763672,115.42829006874744,113.847735257602,114.1830026882615,22979112
2023-11-10,114.99723815917969,115.38039677814616,113.79984920420398,114.4703840956775,23584510
2023-11-13,115.9072494506836,116.14672723880484,114.85354864460653,115.76356131615442,17951775
2023-11-15,118.8288803100586,119.16414774872754,116.38620397008957,116.5777832755341,38344393
2023-11-16,119.45152282714844,119.97837690653802,117.82307672258824,118.7809879154548,30836413
2023-11-17,119.93047332763672,120.45732738463984,119.06835913731469,119.45151775155466,23319439
2023-11-20,119.11624908447266,120.36153649278722,118.82888012674917,119.7867912690582,18780290
2023-11-21,120.936279296875,121.0799674270029,119.6909919134756,119.78678887241547,29643312
2023-11-22,120.79258728027344,121.55891907744449,120.21784208653597,121.079963531283,19588063
2023-11-23,121.36734008789062,122.03788227955162,120.60101555092649,121.03207264620119,30736851
2023-11-24,120.64891052246094,121.65472018748139,120.26575189605536,121.36734390939488,14719450
2023-11-28,121.51102447509766,121.65471260518535,120.69680148230988,121.65471260518535,18377843
2023-11-29,122.3731460571289,122.75630465999734,121.36733645389454,121.79840084454436,23092165
2023-11-30,122.51683807373047,123.42685805511468,121.17576099630466,122.4210484199748,40165104
2023-12-01,124.52845001220703,124.8158262817019,122.66052618533678,123.47474189624728,31192397
2023-12-04,125.48636627197266,126.77955222903495,124.91161370959723,126.63585678015868,41230928
2023-12-05,126.06111145019531,126.87532714654138,124.52844778468135,125.48635892148658,35192149
2023-12-06,126.30058288574219,127.78533337990632,125.29477331934216,126.92321924674242,40753593
2023-12-07,124.52845001220703,126.6358516275623,124.33687070473187,126.15689605059228,34686333
2023-12-08,123.76211547851562,125.86951704811324,122.56472656208926,124.67212813168688,34393711
2023-12-11,124.57634735107422,125.00740444308238,123.33105993905637,124.3847680453555,24038059
2023-12-12,124.6242446899414,126.58795082627361,124.24107146545018,124.5763462098095,30696410
2023-12-13,125.86952209472656,125.96531905850712,123.7142219587445,125.05530636884981,22767972
2023-12-14,126.44426727294922,127.64165616757943,125.96531171509714,126.7316435309732,43372143
2023-12-15,130.70697021484375,130.99434647594651,127.40217975357139,127.78533835733253,77377446
2023-12-18,130.8506622314453,131.8085733323591,129.41379558007466,131.09014000667375,38461877
2023-12-19,129.701171875,131.8085882284262,129.126433919437,130.89856088646258,27726431
2023-12-20,124.28897094726562,130.41959642289433,123.33105980316338,130.18011863686877,39495961
2023-12-21,125.48636627197266,125.9174233854718,122.46894455263134,123.2831676049533,34914399
2023-12-22,127.92903900146484,129.07852947608367,126.20479598125436,126.82743239184163,37357334
2023-12-26,129.50958251953125,130.37171131090867,128.79114916833205,129.03062695206512,25936447
2023-12-27,131.4254150390625,133.05386117213462,129.7969689059904,130.13224367598986,48101400
2023-12-28,132.33541870117188,132.91017123421574,131.09014590718365,132.33541870117188,34661176
2023-12-29,133.72439575195312,135.30494322440936,131.37750185764182,132.76648464947942,49202910
2024-01-01,133.96388244628906,135.01757595922226,133.19755058997845,134.10756327460035,21186105
2024-01-02,133.72439575195312,134.68230685442683,131.28171951733253,134.58650989755407,27764060
2024-01-03,129.6532745361328,133.72439675209444,128.69536342649477,133.62859979450522,45176618
2024-01-04,128.5995635986328,130.61118273059986,128.3600858265683,130.27590800308425,43913498
2024-01-05,128.0248260498047,130.22802473340042,127.25850878295829,129.3180120165966,71330190
2024-01-08,126.44426727294922,130.22801325666794,126.20478949402317,129.60537687808568,39559717
2024-01-09,128.0248260498047,129.12643269988502,126.92323401628929,127.88114521641222,30736868
2024-01-10,128.4558868408203,129.03062474199706,126.54006460377043,128.1685105819501,27213624
2024-01-11,129.2222137451172,129.9406471379549,128.55167883511496,129.17432987884652,23113349
2024-01-12,129.60537719726562,130.51538983611294,128.9827262005863,130.08433275629724,32883921
2024-01-15,129.2222137451172,130.51539969885098,128.31220103750238,130.27592190123843,34158775
2024-01-16,131.47329711914062,132.6706859817922,128.3600860762466,129.03062091601882,56361287
2024-01-17,126.10899353027344,130.03643498225622,125.86951574945897,129.74905872196612,58982971
2024-01-18,125.48636627197266,126.68375526311743,122.8042120084954,126.10900270074201,45273496
2024-01-19,128.5995635986328,129.03062066503625,126.06110506137448,127.01901614963245,32653013
2024-01-23,124.6242446899414,129.50958271555191,123.8579128575229,129.12642410762464,35373970
2024-01-24,129.46168518066406,129.84485840795298,124.62424559986565,124.72002794426483,39340119
2024-01-25,128.12060546875,130.7548609082944,126.44426109813085,130.7548609082944,61358839
2024-01-29,129.3179931640625,129.70115174162717,127.88112657335068,129.03061692260758,29745400
2024-01-30,129.0306396484375,131.90437333600434,128.83906032591278,129.89276852464678,35704185
2024-01-31,130.22802734375,130.9464607582428,128.8390589990436,129.31801460870548,36079354
2024-02-01,129.1264190673828,130.9943427871038,128.83904281437265,130.65906805583137,31701793
2024-02-02,132.86227416992188,133.72440297867738,129.12642651500744,129.60538209212797,69296192
2024-02-05,135.59231567382812,137.3165585332123,133.48491423083107,134.1075505833428,80737626
2024-02-06,138.5618438720703,138.99291558864303,134.53861991105188,136.9812962998516,53192936
2024-02-07,138.32237243652344,141.1961060573645,137.987112284031,140.66926658679566,61517064
2024-02-08,137.6039276123047,139.51974986721495,137.0291897057699,139.18448974254395,38997666
2024-02-09,135.35284423828125,138.37025842097034,133.29332655944575,138.13078064086602,35961925
2024-02-12,131.6169891357422,136.933399061618,130.89855575701748,136.02338637187958,36477544
2024-02-13,132.0480499267578,132.43120851707158,128.45588333045387,131.95225297089772,39155909
2024-02-14,135.25704956054688,135.54442582483105,130.0364367895464,131.23382571026045,29141690
2024-02-15,135.25704956054688,137.41234961783218,135.06547025654544,135.54442582483105,31587387
2024-02-16,136.31076049804688,137.41235248143482,135.54442864950713,136.07128270891346,22316127
2024-02-19,135.97549438476562,137.3165788590465,135.40075642427257,136.9334056021526,16973568
2024-02-20,135.11337280273438,136.26286327789938,134.15546163733615,135.97548700496702,24291123
2024-02-21,137.84341430664062,140.0466129655513,135.4965348159473,135.59233178151226,88000833
2024-02-22,139.7592315673828,139.9987093559606,137.46025064366157,138.8971173751284,46728176
2024-02-23,139.32818603515625,140.90874834089115,138.89712890325234,140.2381987839679,28414697
2024-02-26,136.64602661132812,139.80713648950442,136.26286797857674,139.71135413959902,22570277
2024-02-27,138.1307830810547,138.41815934556936,136.02338150222042,136.64601789486554,24119469
2024-02-28,134.82598876953125,138.84921250932356,134.1554539156598,137.9870983567122,20721926
2024-02-29,134.92178344726562,135.87969454134188,133.5328006676044,134.87388496924913,32248156
2024-03-01,143.63877868652344,144.30931358999868,136.981298901011,136.981298901011,123709943
2024-03-04,146.6562042236328,148.38043261580668,144.69248342525225,148.38043261580668,67577785
2024-03-05,145.4588165283203,147.51831969035862,144.40510839819197,146.75198783358934,37165490
2024-03-06,145.21932983398438,146.22512480423438,141.6750470407782,145.41090913229087,51782444
2024-03-07,150.63153076171875,152.45155612938402,145.84197493463708,145.98565576282377,124847699
2024-03-11,146.991455078125,152.21206763938605,146.56039800729857,152.21206763938605,54155385
2024-03-12,146.08145141601562,148.04517221082247,144.5487877184678,147.70989745930754,34947937
2024-03-13,137.6039276123047,146.4646055412647,136.5023356623568,146.36882319845748,70937597
2024-03-14,136.45445251464844,137.89131936727702,132.52702522073625,137.5560592049363,91956952
2024-03-15,135.7360076904297,137.6518299997274,133.96388082426785,136.88549815269545,68482621
2024-03-18,143.39930725097656,143.92616134727467,136.21497307390794,136.55024784879728,166913078
2024-03-19,142.48927307128906,146.0335411420186,141.38768117652282,142.72875084115677,105004268
2024-03-20,139.51976013183594,144.30931612148447,137.7955316688144,143.30352105691023,77550319
2024-03-21,143.782470703125,144.83616420728467,141.57927211578848,141.77085142412986,84225737
2024-03-22,145.41091918945312,146.32093188177151,142.10612856126284,142.72876497796372,68241556
2024-03-26,145.98565673828125,146.9435679100982,144.1656313584548,144.78826777351003,52965508
2024-03-27,146.2730255126953,147.614109854411,145.60249065011936,146.0335477320208,35328794
2024-03-28,149.29046630859375,150.39205834153955,146.2730372598277,146.2730372598277,62575327
2024-04-01,156.283203125,157.0016365097914,149.9130996264753,150.20047590370478,84583929
2024-04-02,157.72007751464844,158.53430790337652,154.99003929048115,156.09163135375763,69533405
2024-04-03,156.7621612548828,159.25273620914044,156.2353217907511,157.72007245012577,50938559
2024-04-04,156.52267456054688,158.96535089290674,154.22369366924585,158.58219228321124,61094750
2024-04-05,156.47479248046875,157.24110970859525,154.03211612026396,157.00163192066466,44668121
2024-04-08,158.24691772460938,159.92326222299837,157.2890065826728,159.92326222299837,48255703
2024-04-09,159.01324462890625,162.6533097786638,158.24691281581568,159.01324462890625,63884687
2024-04-10,158.10324096679688,162.07856646146442,157.5763869018668,160.25854109159445,64134758
2024-04-12,156.61846923828125,159.01324705538033,156.13951367486143,159.01324705538033,55317636
2024-04-15,154.08001708984375,157.7679663136035,151.92471696365638,154.99002977536554,66426404
2024-04-16,153.3136749267578,155.612655726857,152.3078653455031,154.08000673231203,41391261
2024-04-18,153.3136749267578,157.09742085951265,152.451546164298,154.12789059420135,68093672
2024-04-19,155.27740478515625,155.66056340229,150.67942829672958,153.26578550379324,60078229
2024-04-22,155.03793334960938,157.767971495849,154.70265858345272,156.90585726368172,39304790
2024-04-23,154.3673858642578,156.61848305758306,154.03212571022038,156.61848305758306,30295177
2024-04-24,158.5821990966797,159.87537042238597,154.6547574040206,155.6126685859799,59894921
2024-04-25,160.64169311523438,160.92906937671987,157.24110569021116,158.43849459926415,50128523
2024-04-26,158.82167053222656,163.51542928924192,158.29481647993364,160.9290721248342,65355111
2024-04-29,160.3543243408203,162.46174061240157,159.8753687548363,161.12065620170765,44906151
2024-04-30,158.0553436279297,161.31223577121273,157.57638804117838,161.31223577121273,55043389
2024-05-02,160.3064422607422,161.79119290057608,158.05534513492196,158.05534513492196,69320283
2024-05-03,159.49220275878906,163.5633250514308,158.19901688979496,161.83908209829332,62573586
2024-05-06,160.54591369628906,161.5517087049599,157.76796260675619,160.88117382699133,37621296
2024-05-07,157.33689880371094,160.88116696456098,155.46897507455947,160.88116696456098,43611824
2024-05-08,159.06114196777344,160.06695155171053,156.61846572580146,157.28900057623835,30128705
2024-05-09,155.0858154296875,159.68379205359528,154.70265680126383,158.96535866287735,30223088
2024-05-10,155.42108154296875,157.43270077166048,155.03792293586744,156.3310941972573,31472419
2024-05-13,156.95375061035156,157.5763870224772,151.39786291664132,155.61266620617906,36561003
2024-05-14,158.00743103027344,159.54009461758218,156.61846287609168,157.19321537547327,46261468
2024-05-15,158.63009643554688,160.49802030358902,158.00744540182313,158.00744540182313,29601304
2024-05-16,158.91746520996094,160.92908461426535,155.46899359530866,160.2106512008088,41126570
2024-05-17,160.3064422607422,161.36013579170285,158.48640224379517,159.58800887376526,39181277
2024-05-21,167.01182556152344,167.82604132131,160.88118503835614,161.4080391279622,84833644
2024-05-22,166.00601196289062,168.1134136551984,164.28176889952437,168.06551517243952,42919832
2024-05-23,168.1134033203125,168.40077958263436,163.32384767016114,165.76652397505111,49377680
2024-05-24,167.4907684326172,170.0771255835519,166.82021894233884,167.58655077653978,38674485
2024-05-27,168.1134033203125,170.2208048830663,167.49076693241835,170.2208048830663,30410585
2024-05-28,167.5386505126953,170.02922529319298,166.14968229981017,168.49656164110766,39208456
2024-05-29,166.916015625,168.59236011477762,166.19758227223815,167.3949711935079,36575550
2024-05-30,157.24111938476562,164.76072823514693,156.47480210948214,164.76072823514693,108813875
2024-05-31,160.16273498535156,160.881168319272,157.09742235060372,159.061143053299,83713848
2024-06-03,166.916015625,167.63444897776182,161.74330133174035,165.9581044879842,86397540
2024-06-04,152.2599639892578,167.29916509568633,141.91452135121878,167.15548427960707,125042158
2024-06-05,162.07855224609375,162.46172544905625,152.30786212727907,155.32527619072252,60098501
2024-06-06,164.80862426757812,167.34708309146833,162.27015082712305,162.84490339160172,57920819
2024-06-07,171.3702850341797,172.08871833859894,163.6112141163896,164.76070448014778,84319867
2024-06-10,172.7017822265625,174.43561355972378,169.89510977738715,172.62516220271823,74286848
2024-06-11,173.69802856445312,176.01617176651973,172.90296056520714,172.90296056520714,55555544
2024-06-12,174.5601348876953,176.13110850007908,173.8608638804283,174.57929720224826,33304643
2024-06-13,174.87625122070312,176.3514425264948,172.9125305070931,175.68089305119113,36669164
2024-06-14,175.44142150878906,175.77669625835983,173.76507699406358,175.24984220184757,28509237
2024-06-18,173.49685668945312,176.83039789776666,172.9987534329532,176.06406608149123,35032118
2024-06-19,172.44317626953125,174.8092180747687,171.76305289431656,174.7708934419473,27476795
2024-06-20,174.60804748535156,175.24984621742172,171.82052246330372,173.95667490351244,38837494
2024-06-21,175.83932495117188,176.77743902880616,174.11942429041832,175.31162273533,65494855
2024-06-24,173.90444946289062,174.87187866151632,171.10962583486946,173.39629564569017,47597307
2024-06-25,171.67640686035156,174.9207542643488,171.25621332305658,173.93377660547398,30599989
2024-06-26,168.62750244140625,171.98911016216266,167.92390943422217,171.6763955318345,44006436
2024-06-27,170.19105529785156,170.96304535422527,167.88483695877437,168.62751188079562,49767976
2024-06-28,170.04446411132812,173.06405713840877,169.61450383866656,170.20082143468963,37521949
2024-07-01,170.1031036376953,171.97934672251336,169.5558530241173,170.52329715532775,27807688
2024-07-02,170.5623779296875,171.74480963798797,169.64381224126225,170.49398092284034,33359495
2024-07-03,172.35067749023438,172.8490645802476,170.42557087094136,170.56237979718813,29090492
2024-07-04,172.2725067138672,174.12921641052586,171.81323129913704,172.9663330286884,29504744
2024-07-05,170.728515625,172.18455026088213,169.44835687526228,172.18455026088213,38123217
2024-07-08,168.3538818359375,171.4711867923002,168.16820939110525,170.62101813549364,31479861
2024-07-09,167.88482666015625,169.74152130684107,167.60142716406017,169.6438091686785,25127904
2024-07-10,164.15188598632812,168.94999517691488,163.21377185434878,168.56888351497543,41525591
2024-07-11,165.07046508789062,167.05420204182573,164.8261623604498,166.12585465976161,33987236
2024-07-12,164.845703125,166.5069586125069,164.18119198336458,166.32128616247562,33311402
2024-07-15,162.95968627929688,165.13887734851053,162.02157215418563,164.84571109276757,32635187
2024-07-16,163.26263427734375,165.9499642862029,162.90105610027064,163.97599406823636,26505901
2024-07-18,162.5688018798828,163.79031547452274,160.69255878784242,163.79031547452274,36568852
2024-07-19,154.174560546875,162.30494709504225,153.61754320301944,162.21700169687168,77987514
2024-07-22,156.6664581298828,157.03778813114377,152.84555994480016,154.7902000863272,40353690
2024-07-23,156.373291015625,158.2788492716282,151.46768816574237,157.91728601335075,37077411
2024-07-24,156.65667724609375,158.3277144486552,155.56220580786476,156.37329264550053,28086566
2024-07-25,153.80322265625,154.88792734958835,153.3243839481989,154.88792734958835,45155876
2024-07-26,158.8456268310547,159.23650520707923,154.60453531586592,155.13222261460447,45642032
2024-07-29,159.1583251953125,160.94662282696316,158.63063790106426,160.94662282696316,31754833
2024-07-30,160.33099365234375,161.53295884025758,157.6338821239803,159.18764381946087,42824600
2024-07-31,161.56227111816406,162.7056060197874,159.82283700344945,162.50038518106078,52769925
2024-08-01,159.34400939941406,165.09978109179025,157.23323024455576,164.36687290560792,118341338
2024-08-02,154.6143035888672,157.5166210383314,151.1940655760626,157.33094858901046,72427529
2024-08-05,146.40574645996094,150.49048092783863,145.60442635225945,150.1582327953525,102883971
2024-08-06,146.89434814453125,150.29503786669204,146.20052185175567,147.76406524020342,53507102
2024-08-07,150.35366821289062,150.78364339049116,148.43832830659403,150.19731089175318,32029697
2024-08-08,146.85525512695312,149.94324519729312,146.58163726361212,149.90414841049858,51858615
2024-08-09,148.3503875732422,149.51327095533026,147.8031518430961,149.51327095533026,23290101
2024-08-12,148.5946807861328,149.90413975811995,146.46436827150188,147.55883966169358,30550334
2024-08-13,145.48716735839844,149.46440807139146,145.11582243517475,148.63378773135872,29396493
2024-08-14,142.8389129638672,146.48390538198123,139.10597514494546,146.48390538198123,97911180
2024-08-16,146.11257934570312,146.58163640711044,143.1223163487669,144.62721458834898,54131721
2024-08-19,150.45140075683594,150.7836488930867,146.96275059303665,147.4122741799477,62889770
2024-08-20,150.42205810546875,152.1517254749712,149.31781999092894,152.1517254749712,37559016
2024-08-21,148.45787048339844,150.66636163553713,148.31129482037866,149.51325999030357,49749381
2024-08-22,150.62728881835938,150.8325096699795,149.0344302661929,149.0344302661929,36719176
2024-08-23,150.6859130859375,150.87158553690045,149.07352111577796,150.49047389425976,31490857
2024-08-26,152.1517333984375,152.83577804285756,150.19731160806307,151.08657710133662,32497603
2024-08-27,151.1745147705078,152.9334972740819,151.07680263262014,152.24945266465147,24523684
2024-08-28,150.1973114013672,151.46768854557328,149.56213028479158,151.17452229520958,25195197
2024-08-29,149.48394775390625,150.06049858769353,147.7542803414899,149.7184837303362,44452983
2024-08-30,149.2787322998047,151.71199281830025,148.99534769856064,149.51326828470167,55134023
2024-09-02,149.39601135253906,150.39275576252777,148.6728698982827,150.39275576252777,19200143
2024-09-03,148.68263244628906,149.95300959829254,148.54582351675361,149.35691035294772,19780066
2024-09-04,147.73472595214844,148.7119367810243,145.76077081377798,146.09301891694284,39613696
2024-09-05,148.26243591308594,149.30804380098405,147.55884288657023,147.55884288657023,28347324
2024-09-06,147.77383422851562,149.41554139140402,146.23960595055092,148.47742727291208,30709532
2024-09-09,146.06370544433594,147.46110978819794,144.67606784089423,147.46110978819794,32624586
2024-09-10,146.0148468017578,148.13539260607772,145.41874757300027,147.07023633354436,41607844
2024-09-11,144.7933349609375,146.77707186350452,144.25586599227418,146.48390561595593,24633287
2024-09-12,148.281982421875,148.96602704700382,145.3601165596872,148.5360518794787,73191476
2024-09-13,149.99209594726562,151.85855730368107,149.02465185576355,149.29826969579472,54894255
2024-09-16,150.69569396972656,152.11264674098723,150.00186769509375,151.46768399178848,32575460
2024-09-17,149.33737182617188,150.72500946774306,148.79990286720482,150.4904734917244,18275113
2024-09-18,147.16796875,149.49372057216695,146.2005245828321,148.92693645604328,24856345
2024-09-19,146.13211059570312,148.72172841263767,144.4219915304096,148.42856216209069,36913781
2024-09-20,148.55560302734375,149.84551364278988,147.21681397434418,147.55884374877982,53873369
2024-09-23,150.480712890625,150.8715912888827,149.31782952588387,150.86182454779558,33281905
2024-09-24,156.8716583251953,157.81955405326022,151.32110779195952,151.61425912141925,137414352
2024-09-25,157.97592163085938,158.98244769019425,155.8846908489042,157.81956430428852,58044967
2024-09-26,161.8358917236328,162.11927631322408,156.82279522162932,158.30815990945524,88661662
2024-09-27,162.7544708251953,165.15840117745907,162.10950808246923,163.19421272757972,72795668
2024-09-30,164.70889282226562,166.30173637862106,163.4482824673664,163.68281844087315,92381529
2024-10-01,163.22352600097656,165.6274712369101,161.3375162302807,165.6274712369101,50761579
2024-10-03,163.17466735839844,166.11608162848148,160.77073696159897,161.72839944180865,75959797
2024-10-04,162.94992065429688,165.24637227711537,160.26259062851386,163.1942233839135,53880875
2024-10-07,160.6143798828125,164.12256334259985,158.63064300103557,163.29194304614782,48775098
2024-10-08,155.8846893310547,159.86193000123248,153.12894739353376,159.28537914005364,74956764
2024-10-09,155.43516540527344,158.50360707504444,154.50681802031806,155.88468898602883,42766218
2024-10-10,156.0801239013672,157.50684344470508,153.03123070865186,154.69248623260432,46507936
2024-10-11,156.9987030029297,160.04759616618458,155.57196856232306,155.66969561439853,53263433
2024-10-14,154.7120361328125,159.65672087827198,154.43840336390207,158.1909045350225,35566857
2024-10-15,152.0833282470703,155.89444456983352,151.51654416888044,155.86512943743182,38964393
2024-10-16,151.7022247314453,152.98236861832623,150.51002624647492,151.6533612044767,28518262
2024-10-17,148.9269256591797,152.73805687177043,148.63377433679537,152.10286088081162,28404223
2024-10-18,151.8488006591797,152.64033909982865,147.65657247272026,148.92693470973194,34750795
2024-10-21,151.4969940185547,154.33089946555782,151.06701886691474,152.54261676559315,25799090
2024-10-22,146.96273803710938,151.36995356970385,146.67935345359038,151.36995356970385,39079846
2024-10-23,145.38943481445312,148.48719154201902,144.67607504086345,146.87479954023507,42107893
2024-10-24,145.58486938476562,146.41550457811664,144.63697366004436,146.08325646519796,22115070
2024-10-25,142.53598022460938,146.09302724812144,141.13856090587888,145.60442180582004,39730802
2024-10-28,145.97576904296875,146.31778391140472,141.4317294104196,142.6727914287652,28386897
2024-10-29,146.6402587890625,147.02137042678123,143.210254049594,146.43505285932014,32258407
2024-10-30,145.57510375976562,147.50997709747446,144.72493507870732,144.72493507870732,21362130
2024-10-31,145.1744384765625,146.532760933423,144.82264198142326,145.68259228310896,26383702
2024-11-01,146.3373260498047,146.8259314790194,145.60441790598261,146.2493806511991,5106804
2024-11-04,143.60113525390625,146.5816314080815,141.79330407983934,146.5816314080815,25571021
2024-11-05,148.81944274902344,149.07352712840165,143.60114007437835,143.65000360203226,42772283
2024-11-06,150.11912536621094,151.41881758050297,146.18096685036514,150.49047025916698,48928986
2024-11-07,147.50997924804688,153.34392939034922,146.77707108857226,152.55239096388536,88254789
2024-11-08,144.20701599121094,148.53605301045957,143.5913683683801,148.53605301045957,61980989
2024-11-11,141.70533752441406,144.3242703105848,140.81608699879095,144.20700978216286,47497863
2024-11-12,140.88449096679688,143.77704173629053,140.32748851820787,142.33075889601633,28861672
2024-11-13,135.99844360351562,140.32749578559165,135.44144112608018,140.32749578559165,57609083
2024-11-14,134.83555603027344,137.52288600972526,134.36649897259178,136.52614162603365,36345184
2024-11-18,137.99195861816406,139.98546230584378,134.85510504856154,136.31115466670337,40233848
2024-11-19,136.28182983398438,139.24277747601727,135.89093655270943,138.76393879810072,37611903
2024-11-21,137.02450561523438,138.37306135027794,134.1221882182823,136.3209126153033,58398744
2024-11-22,139.5261688232422,139.92682886433133,136.4674939848152,136.95609942681034,43710169
2024-11-25,140.39588928222656,142.81936815757626,139.5848024397268,141.63695130976768,53883890
2024-11-26,141.1776580810547,142.4773503504897,140.30794098780024,140.93335535922978,25608469
2024-11-27,141.2362823486328,141.59784559003646,139.64342389846354,141.02129476967545,24895631
2024-11-28,140.1222686767578,141.93988152543622,139.82910242805713,140.71836791506243,30947861
2024-11-29,141.2460479736328,142.17441019864162,139.79001336798456,140.6206336337108,29742979
2024-12-02,143.07345581054688,143.48388261173588,139.87797189500813,140.82586768979775,23840351
2024-12-03,143.20046997070312,144.82264354418618,143.00503078486213,143.40569080802132,35527228
2024-12-04,142.52621459960938,143.6988646881027,140.71836848451827,143.65000116127905,38537808
2024-12-05,143.71841430664062,144.5099527503473,141.50014138721266,143.16139693599962,36328245
2024-12-06,144.9105987548828,145.29171041195158,143.25912484828822,144.13860869966072,30604899
2024-12-09,146.46437072753906,147.23636075798302,143.2884353835505,144.91059410377085,39059139
2024-12-10,146.89434814453125,149.02466072746012,145.90735560253987,146.76730595729163,36278104
2024-12-11,147.16796875,148.64355185350902,146.64026650934292,147.15818709784202,20499709
2024-12-12,147.34385681152344,148.1744920325029,145.31125637085603,147.43180221297638,25761723
2024-12-13,145.55555725097656,146.63049518086675,142.23304623122362,146.5816316547709,39701388
2024-12-16,144.42198181152344,146.3861851202688,143.74771886501125,145.54578321115156,22634773
2024-12-17,142.36007690429688,145.1158188024992,142.01806203557044,144.4219925019059,27110781
2024-12-18,141.1678924560547,143.55227451462753,140.0343242391735,142.67279067352774,19850229
2024-12-19,139.99522399902344,140.522926219507,137.8844598502527,138.32420175995267,27104579
2024-12-20,137.47401428222656,141.10923981229502,136.8095180660688,139.6336568068476,46503449
2024-12-23,138.48056030273438,140.52292746235315,137.40562237080098,139.20368681053077,27514178
2024-12-24,137.1808624267578,138.27533379551005,136.0766094065355,137.98216756143597,25882917
2024-12-26,137.16131591796875,137.93330593094362,136.33068072853067,137.73786674256237,23939932
2024-12-27,135.74436950683594,138.5196448802815,135.45120325503706,137.49357045451288,19562177
2024-12-30,133.76063537597656,136.07662048267179,132.98863039970797,135.74437234883592,32555723
2024-12-31,134.90396118164062,135.5195938792526,133.4479116433087,133.7508446218415,20080291
2025-01-01,133.6238250732422,135.29484737754888,133.46746774913888,134.95283250600994,18169498
2025-01-02,135.03099060058594,135.2948417100757,133.2915564482029,133.87788893350137,23388424
2025-01-03,135.20689392089844,136.545668015034,134.69874010335806,135.03098821399612,23351832
2025-01-06,129.167724609375,135.23621062455192,128.35665271547006,135.20689549157004,44620509
2025-01-07,130.34039306640625,130.82899851060654,129.00160400978018,129.75406056894397,24239451
2025-01-08,129.61724853515625,131.1807918835539,128.7670798541568,130.8778439901228,31570331
2025-01-09,126.96900177001953,129.3827138229862,126.74424744397356,128.99183543759716,31903107
2025-01-10,124.52598571777344,127.41852909715764,123.8126184778634,126.969005520732,34855510
2025-01-13,120.12853240966797,123.6171749133493,119.82559942608383,123.12856947890918,38968332
2025-01-14,124.0373764038086,124.73119522895126,120.13830710822148,120.13830710822148,36877365
2025-01-15,123.64649200439453,125.38592618565981,122.91358384112922,125.08299319727891,18773125
2025-01-16,124.89732360839844,125.5422863855193,123.67580997493697,125.08299606645339,22164393
2025-01-17,127.31103515625,128.17098552179465,124.73119897067106,124.98527589281176,27421959
2025-01-20,128.6595916748047,129.08956685992263,125.97226167887261,128.0048621560315,20571916
2025-01-21,126.74424743652344,129.382713815381,126.30450552522295,129.05046569671438,32238213
2025-01-22,125.98202514648438,127.37944446180752,124.22305003180468,127.28171740916363,27505569
2025-01-23,127.39897918701172,127.77032409741749,124.78982789534324,124.93641102021249,20722538
2025-01-24,126.7833480834961,130.16448946196016,126.36313964092619,127.52602300273526,37092106
2025-01-27,123.49014282226562,126.49994669650864,122.87449519018274,126.07975317122053,24650571
2025-01-28,125.68885803222656,127.51625250888442,121.89728251936828,123.49014101793216,40373804
2025-01-29,127.81918334960938,128.34687065264757,125.62045891668394,126.06020082105816,16674706
2025-01-30,128.1318817138672,129.13840769517418,127.13513738412219,127.81918199602195,25256096
2025-01-31,131.5521240234375,131.92346892974018,126.96900260596148,128.13188594007386,26689228
2025-02-01,129.93972778320312,132.41207003826574,127.28171308106356,131.9234646137703,21173846
2025-02-03,128.81594848632812,129.49021148461208,124.89732321931588,128.29801298918326,27765357
2025-02-04,130.3794708251953,131.2785030248162,128.8647910137796,129.77360486505077,25032519
2025-02-05,131.33714294433594,132.30458713240273,130.0472322713023,130.11562928261014,16958362
2025-02-06,129.51951599121094,131.79641899938704,129.01137709892856,131.43485576621424,22408168
2025-02-07,135.1580352783203,135.58801045399724,129.53907268292943,130.2622141066638,52950146
2025-02-10,130.98533630371094,134.95282489606737,129.96904357645818,134.95282489606737,26120805
2025-02-11,127.14490509033203,131.27850283675826,126.74424506065682,129.9690438681681,23635428
2025-02-12,129.2654571533203,130.2524347981139,125.38592867260378,126.4022363626801,37927696
2025-02-13,133.14498901367188,134.55217513653938,128.85503363382037,129.26546043448081,52036196
2025-02-14,131.40554809570312,136.07661490456988,130.29152829005403,133.14498226748756,41469242
2025-02-17,131.22964477539062,131.7280318758527,127.75077636841932,129.88110387727278,21189637
2025-02-18,131.47393798828125,131.82573448213452,128.74752634420878,131.22963528174574,23957576
2025-02-19,132.6661376953125,133.76062397088467,129.99835628877247,131.43485741022957,18447487
2025-02-20,134.89418029785156,135.20689492976493,131.92346584994633,132.18731695674143,24139808
2025-02-21,137.5522003173828,138.37306880221212,134.02446838729355,134.76715821113652,41987785
2025-02-24,134.51307678222656,137.45449118594422,133.54564751731658,135.64664502478183,25193205
2025-02-25,133.94630432128906,136.17434396545056,133.5847261511985,135.33394200064896,23575603
2025-02-27,135.5293731689453,135.82253940182272,132.78341310680332,134.08310530741846,30747044
2025-02-28,134.07333374023438,134.65966625008986,131.0048920822416,134.65966625008986,45540594
2025-03-03,135.41212463378906,135.88118170130534,131.24919656253428,133.8778963287732,31154401
2025-03-04,136.16456604003906,137.7281094767585,132.71501268466753,133.04726081887745,28634645
2025-03-05,142.7705078125,143.15161943865024,135.83230497524232,135.83230497524232,62109377
2025-03-06,147.01161193847656,148.73149777504847,142.86823230498567,143.44478316422195,79121467
2025-03-07,148.1060791015625,148.97579619134177,145.86827273945227,146.32756304753224,81821791
2025-03-10,147.6077117919922,150.72501699870244,146.9822974024148,148.10608399099667,54450331
2025-03-11,147.31454467773438,148.24289205999332,144.6272146753213,144.7249417307402,35916900
2025-03-12,146.8748016357422,148.8096750476993,144.33404732468557,147.55884628531743,26377549
2025-03-13,147.44158935546875,150.06050748106867,146.60118736227295,148.5360608215636,48286431
2025-03-17,148.3503875732422,149.16147442722846,147.46112205622714,148.52629329282075,35879780
2025-03-18,148.3503875732422,148.3503875732422,148.3503875732422,148.3503875732422,0
2025-03-19,154.98565673828125,155.57197433934243,152.93350785692914,153.22667411298733,66161413
2025-03-20,155.41561889648438,156.45147500190663,153.08008538299788,156.35374794501885,39889517
2025-03-21,153.6957244873047,156.1094365298207,153.24621583715896,155.40584351032305,49184821
2025-03-24,154.8097381591797,155.37652223085772,153.5295943554991,154.3993113992171,30905773
2025-03-25,153.15826416015625,155.3765371358708,152.4937678882025,155.3765371358708,28467187
2025-03-26,152.2592315673828,153.94980228952724,151.4774598465637,152.64034323101203,23182869
2025-03-27,151.87811279296875,152.5426239434226,150.6859143295246,151.27224682045127,25909068
2025-03-28,150.72500610351562,153.3341572703865,149.87482252883336,151.8390258703937,24589315
2025-04-01,149.63052368164062,151.7999330064872,148.60446419671834,148.60446419671834,29142122
2025-04-02,151.1647491455078,152.68919568950312,148.7999006719953,150.49047127157428,24977582
2025-04-03,150.11912536621094,152.41557681835366,149.12238103941442,149.51325941332826,15117526
2025-04-04,137.1906280517578,149.50349049432825,136.80951642387632,149.1419123471199,80846143
2025-04-07,126.52925872802734,127.37944232078594,122.47383959940032,125.08299082174615,121806340
2025-04-08,127.31103515625,133.09612190842537,125.10254388507535,131.81597801220641,68999181
2025-04-09,124.28167724609375,127.03741156804094,122.44452351663803,127.03741156804094,73399980
2025-04-11,130.3794708251953,131.6302995299769,127.51625016987549,131.60098439713468,73706472
2025-04-15,133.3013458251953,133.87789669215056,131.7671175160152,132.50980736190837,38967608
2025-04-16,133.84857177734375,134.46421938649672,131.5521203075305,133.3013360852319,42684087
2025-04-17,134.0146942138672,134.81601426124502,130.65308653316296,131.33713114003785,62282856
2025-04-21,136.00820922851562,137.1026956027805,133.92676010016575,134.5130777078614,26503486
2025-04-22,135.01145935058594,139.58479913170353,134.56193578295367,138.76394556756264,58429662
2025-04-23,137.94308471679688,138.27533282124799,134.19059869803928,136.21341736789535,37851304
2025-04-24,138.29489135742188,138.6466878794268,137.08314446805932,137.4935712585559,23061444
2025-04-25,135.68572998046875,140.18089086079942,134.87464320062503,138.7639381366849,37764696
2025-04-28,138.8323516845703,139.35027223870821,135.2264412865147,135.38278368906367,26971589
2025-04-29,138.2753448486328,140.0343274826286,137.70856072706445,138.8323622290045,25758449
2025-04-30,136.8876953125,138.33396317063088,134.85509498999104,138.22646938253004,29205042
2025-05-02,138.1776123046875,139.83888272757287,136.2720540731448,136.80952303872215,29588258
2025-05-05,138.8421173095703,139.44798325609716,137.9821670027162,138.3437451514002,17213477
2025-05-06,141.14834594726562,142.08646006882105,138.31442536723225,138.8421276077804,42658262
2025-05-07,142.67279052734375,143.60113789445452,138.95938614784575,138.95938614784575,34674594
2025-05-08,140.39588928222656,143.3177552634447,139.5945840918764,142.67279248588267,29687927
2025-05-09,139.5261688232422,140.0050075243771,137.30789594148902,137.77696790176375,21875453
2025-05-12,148.1744842529297,148.48718396758522,141.20696620102353,142.29167082849085,47087413
2025-05-13,146.0246124267578,149.5034956320895,145.61418565270813,148.53605150758028,54389876
2025-05-14,151.77061462402344,153.56867900814177,147.5588382491701,147.5588382491701,60002060
2025-05-15,153.76414489746094,154.24296870727517,150.78364859624276,151.95629872314925,57066105
2025-05-16,153.95957946777344,154.5458970580579,153.42211049338817,153.76414027101197,22884754
2025-05-19,153.9791259765625,154.53612842606958,152.57193991941134,154.39931949890516,21839582
2025-05-20,155.07359313964844,158.40588573758893,154.39931526317346,154.74134502722882,58061639
2025-05-21,157.95635986328125,158.1615807009116,154.91723354901094,155.81626573409022,36044599
2025-05-22,157.6143341064453,159.8717037334825,156.70553515785153,157.3114011235807,60715453
2025-05-23,159.2560577392578,159.80329344433994,157.81955655788985,157.91728360996365,29483665
2025-05-26,158.80653381347656,161.77726322151975,158.35702516149206,159.3830995617113,25581584
2025-05-27,157.97592163085938,160.1648645586298,156.95961391920423,158.8065419700382,23296776
2025-05-28,157.56549072265625,158.9824435439945,156.98892495984478,158.69904403309386,13044476
2025-05-29,159.4026336669922,160.21372048515627,157.8195568159793,158.4938347076491,26455081
2025-05-30,157.35049438476562,160.15508473744737,156.8521073109064,159.3928614714847,32739340
2025-06-02,155.41561889648438,156.4710084844399,153.71528143065774,155.3765370203625,31365564
2025-06-03,153.76414489746094,156.9889290186899,153.58823917734452,155.41561883418166,28398746
2025-06-04,154.57521057128906,155.356982261193,153.23643643090236,153.9107143270563,16660138
2025-06-05,154.37001037597656,155.46448183590726,153.47097811802558,155.23972749918335,23708504
2025-06-06,157.49000549316406,157.8800048828125,154.25,155.6999969482422,25804151
2025-06-09,157.32000732421875,158.1999969482422,156.82000732421875,157.69000244140625,15315437
2025-06-10,155.67999267578125,159.3000030517578,155.5,158.0,22764080
2025-06-11,156.41000366210938,157.52999877929688,155.30999755859375,156.4499969482422,17605668
2025-06-12,152.88999938964844,156.25999450683594,151.85000610351562,156.0,27846151
2025-06-13,152.1300048828125,152.5,149.8000030517578,149.8000030517578,24277592
2025-06-16,154.1699981689453,154.5,150.83999633789062,152.00999450683594,16188193
2025-06-17,152.60000610351562,154.88999938964844,152.35000610351562,153.80999755859375,16740382
2025-06-18,152.11000061035156,153.1999969482422,150.8000030517578,152.1999969482422,14860746
2025-06-19,151.0,152.4499969482422,150.5,152.0,20145922
2025-06-20,151.97000122070312,153.1699981689453,150.6300048828125,150.75,29944714
2025-06-23,152.42999267578125,153.3000030517578,150.47999572753906,150.5,17096676
2025-06-24,154.7899932861328,156.97000122070312,153.63999938964844,153.8000030517578,25403324
2025-06-25,156.38999938964844,156.89999389648438,155.50999450683594,155.89999389648438,18240433
2025-06-26,160.5399932861328,161.10000610351562,156.4499969482422,156.8699951171875,40650557
2025-06-27,161.4499969482422,163.3000030517578,160.6999969482422,161.0,31989509
2025-06-30,159.75999450683594,162.1999969482422,159.5,160.99000549316406,15842285
2025-07-01,160.05999755859375,160.44000244140625,157.72999572753906,160.00999450683594,17823415
2025-07-02,165.8800048828125,166.14999389648438,159.8300018310547,160.05999755859375,63315210
2025-07-03,165.91000366210938,168.77999877929688,165.2100067138672,166.0,60571824
2025-07-04,163.00999450683594,166.49000549316406,162.0,165.91000366210938,22938753
2025-07-07,162.39999389648438,163.35000610351562,160.0500030517578,163.0,17469909
2025-07-08,161.97000122070312,162.89999389648438,161.60000610351562,162.4499969482422,11398248
2025-07-09,159.0,161.9499969482422,157.50999450683594,161.9499969482422,29839077
2025-07-10,160.66000366210938,161.5500030517578,159.27999877929688,160.0,17566887
2025-07-11,159.83999633789062,161.6199951171875,159.32000732421875,160.63999938964844,20689511
2025-07-14,160.44000244140625,161.1199951171875,159.3000030517578,159.83999633789062,15152964
2025-07-15,159.0,160.85000610351562,157.9499969482422,160.25999450683594,17993051
2025-07-16,157.3300018310547,159.27000427246094,157.0,159.0,14591157
2025-07-17,159.89999389648438,160.6999969482422,157.1199951171875,157.5,21733241
2025-07-18,162.3699951171875,162.75,160.10000610351562,160.10000610351562,30728478
2025-07-21,163.02000427246094,165.60000610351562,162.49000549316406,162.5,29812899
2025-07-22,163.0399932861328,164.41000366210938,162.72999572753906,163.3000030517578,13615524
2025-07-23,162.77000427246094,164.13999938964844,161.8800048828125,163.25,14287149
2025-07-24,163.47999572753906,164.75,162.80999755859375,163.0,14377270
2025-07-25,161.42999267578125,163.58999633789062,161.0500030517578,163.5,12443495
2025-07-28,159.67999267578125,162.2899932861328,159.08999633789062,161.22999572753906,19296285
2025-07-29,161.69000244140625,162.4499969482422,158.1999969482422,158.1999969482422,15262937
2025-07-30,161.36000061035156,162.7899932861328,161.0500030517578,161.69000244140625,16083106
2025-07-31,157.94000244140625,162.1300048828125,156.55999755859375,161.0,26213891
2025-08-01,153.00999450683594,157.92999267578125,152.50999450683594,157.92999267578125,23927359
2025-08-04,159.55999755859375,159.9199981689453,153.5,153.5,30064719
2025-08-05,159.6199951171875,160.13999938964844,158.27999877929688,159.55999755859375,14441034
2025-08-06,158.66000366210938,159.8000030517578,157.8000030517578,159.6199951171875,13438851
2025-08-07,159.6699981689453,160.0,156.25999450683594,157.14999389648438,23159540
2025-08-08,157.9499969482422,159.9499969482422,157.00999450683594,159.5,11951173
2025-08-11,158.52000427246094,160.0,157.14999389648438,157.9499969482422,14325736
2025-08-12,160.16000366210938,161.64999389648438,158.5,158.52000427246094,20056598
2025-08-13,160.17999267578125,162.39999389648438,159.89999389648438,160.9600067138672,18079396
2025-08-14,155.3000030517578,160.60000610351562,154.8300018310547,160.02000427246094,47256126
2025-08-18,157.9600067138672,159.0,156.0,158.0,61022494
2025-08-19,159.22999572753906,159.4600067138672,156.75999450683594,158.5,21224239
2025-08-20,161.9199981689453,162.75999450683594,158.02999877929688,158.1999969482422,28520245
2025-08-21,161.50999450683594,162.5399932861328,161.19000244140625,161.9199981689453,17282594
2025-08-22,158.5500030517578,161.27999877929688,158.10000610351562,161.25,16063984
2025-08-25,159.6300048828125,160.3300018310547,158.63999938964844,159.1999969482422,16376542
2025-08-26,155.02999877929688,159.16000366210938,154.63999938964844,159.16000366210938,19621100
2025-08-28,153.6300048828125,155.8699951171875,153.16000366210938,155.77999877929688,22269875
2025-08-29,154.47999572753906,155.10000610351562,153.0500030517578,154.5,16971859
2025-09-01,156.1699981689453,156.36000061035156,153.6999969482422,154.47999572753906,10798622
2025-09-02,158.38999938964844,159.07000732421875,155.5,156.1699981689453,21202113
2025-09-03,167.85000610351562,168.0,158.39999389648438,158.39999389648438,82352014
2025-09-04,166.80999755859375,169.3000030517578,166.6199951171875,169.0,26316842
2025-09-05,167.67999267578125,168.0,165.94000244140625,167.0,16798170
2025-09-08,168.82000732421875,172.5,168.4600067138672,170.0,36402317
2025-09-09,169.14999389648438,169.72000122070312,167.99000549316406,169.3000030517578,14028910
2025-09-10,169.42999267578125,170.72999572753906,168.75,169.19000244140625,13128306
2025-09-11,169.41000366210938,170.89999389648438,168.4600067138672,169.35000610351562,13829526
2025-09-12,169.77999877929688,171.0,168.6300048828125,169.60000610351562,12119036
2025-09-15,169.22999572753906,170.1999969482422,168.6300048828125,169.77000427246094,10611401
2025-09-16,172.02000427246094,172.27000427246094,169.02000427246094,169.38999938964844,26629438
2025-09-17,171.36000061035156,172.89999389648438,169.35000610351562,172.5,21381306
2025-09-18,172.02999877929688,172.1999969482422,169.80999755859375,171.4600067138672,16413388
2025-09-19,171.47999572753906,172.6699981689453,170.60000610351562,172.10000610351562,25406461
2025-09-22,171.38999938964844,172.2100067138672,170.50999450683594,170.8000030517578,20970704
2025-09-23,173.2899932861328,173.80999755859375,171.1999969482422,171.4499969482422,24533561
2025-09-24,172.66000366210938,174.44000244140625,172.3800048828125,173.16000366210938,20168891
2025-09-25,172.3800048828125,173.85000610351562,171.86000061035156,172.89999389648438,17026549
2025-09-26,167.39999389648438,173.3699951171875,167.1999969482422,172.22000122070312,20157657
2025-09-29,168.97999572753906,170.27999877929688,167.55999755859375,167.60000610351562,16832342
2025-09-30,168.77000427246094,170.14999389648438,168.41000366210938,169.5,24553596
2025-10-01,167.50999450683594,169.74000549316406,166.1300048828125,169.0,17542776
2025-10-03,173.2100067138672,174.74000549316406,168.1199951171875,168.1199951171875,55172705
2025-10-06,170.05999755859375,173.47999572753906,169.3000030517578,173.3000030517578,21474004
2025-10-07,171.42999267578125,172.1999969482422,170.39999389648438,170.39999389648438,19189843
2025-10-08,171.94000244140625,173.6300048828125,170.05999755859375,172.0,22662699
2025-10-09,176.4199981689453,177.82000732421875,172.77999877929688,172.7899932861328,68504717
2025-10-10,173.86000061035156,176.13999938964844,172.89999389648438,176.0,18085975
2025-10-13,173.02999877929688,173.8000030517578,170.91000366210938,173.0,19386219
2025-10-14,170.50999450683594,176.4499969482422,169.25,174.91000366210938,22082970
2025-10-15,173.24000549316406,174.0,170.11000061035156,170.8300018310547,15031989
2025-10-16,174.0,174.49000549316406,172.22000122070312,173.0,12205250
2025-10-17,172.22000122070312,174.30999755859375,170.99000549316406,173.60000610351562,21659007
2025-10-20,171.9499969482422,173.3000030517578,170.82000732421875,173.3000030517578,18049579
2025-10-21,172.77999877929688,173.25,172.10000610351562,172.39999389648438,2471987
2025-10-23,174.16000366210938,176.0800018310547,173.63999938964844,173.89999389648438,31472510
2025-10-24,174.44000244140625,177.35000610351562,173.72000122070312,174.60000610351562,25226376
2025-10-27,176.66000366210938,177.89999389648438,175.52999877929688,175.88999938964844,23832477
2025-10-28,181.80999755859375,182.05999755859375,177.02000427246094,177.35000610351562,59511794
2025-10-29,185.19000244140625,186.94000244140625,182.0500030517578,183.6699981689453,51610530
2025-10-30,184.35000610351562,185.19000244140625,182.63999938964844,184.39999389648438,24270977
2025-10-31,182.83999633789062,184.3000030517578,182.1199951171875,184.0,16041321
2025-11-03,182.6699981689453,184.10000610351562,181.8000030517578,182.39999389648438,16652212
2025-11-04,179.2899932861328,183.08999633789062,178.89999389648438,183.0,18746387
2025-11-06,177.27000427246094,180.6699981689453,176.52000427246094,179.2899932861328,23664538
2025-11-07,181.3699951171875,182.25,175.00999450683594,177.0,19165876
2025-11-10,181.47999572753906,182.50999450683594,180.1999969482422,182.02999877929688,18376132
2025-11-11,181.0399932861328,182.89999389648438,179.02000427246094,182.89999389648438,14109340
2025-11-12,178.61000061035156,182.14999389648438,178.0,181.44000244140625,19037263
2025-11-13,176.64999389648438,184.0,175.10000610351562,184.0,82083661
2025-11-14,174.25999450683594,177.6999969482422,172.1199951171875,177.52000427246094,38345500
2025-11-17,173.1699981689453,175.25,172.6199951171875,175.1300048828125,28204282
2025-11-18,172.4499969482422,173.1199951171875,170.5500030517578,172.39999389648438,34278387
2025-11-19,173.2100067138672,173.89999389648438,172.05999755859375,172.4499969482422,19621610
2025-11-20,172.4600067138672,174.36000061035156,172.25999450683594,174.10000610351562,15968891
2025-11-21,168.0,171.89999389648438,167.6999969482422,171.8000030517578,28412865
2025-11-24,165.36000061035156,168.3800048828125,165.17999267578125,168.0,31202769
2025-11-25,166.3300018310547,167.27000427246094,165.0800018310547,166.0,19983310
2025-11-26,169.6699981689453,169.9499969482422,166.89999389648438,167.0,15044796
2025-11-27,168.1300048828125,171.0,167.17999267578125,170.4499969482422,17546627
2025-11-28,167.9600067138672,169.0,167.2899932861328,168.1300048828125,11975539
2025-12-01,168.6300048828125,169.64999389648438,167.6999969482422,169.0,11758473
2025-12-02,167.77999877929688,168.85000610351562,167.0,168.42999267578125,15355023
2025-12-03,166.9199981689453,167.99000549316406,165.0,167.77999877929688,18873943
2025-12-04,166.77000427246094,167.97000122070312,166.1999969482422,167.8000030517578,11419966
2025-12-05,167.11000061035156,167.64999389648438,165.0,167.0,33500436
2025-12-08,163.47000122070312,168.1999969482422,163.0,167.08999633789062,15772400
2025-12-09,160.6699981689453,163.38999938964844,160.05999755859375,163.38999938964844,25766371
2025-12-10,162.22999572753906,163.67999267578125,160.80999755859375,161.0,22537548
2025-12-11,166.3800048828125,166.66000366210938,163.1699981689453,163.5,32603566
2025-12-12,171.88999938964844,172.5,167.39999389648438,167.60000610351562,41130927
2025-12-15,172.8699951171875,173.1699981689453,170.5,170.9499969482422,23254201
2025-12-16,169.8300018310547,172.6999969482422,169.25,172.6999969482422,22981935
2025-12-17,170.33999633789062,171.3000030517578,169.66000366210938,170.08999633789062,11624504
2025-12-18,168.1199951171875,170.4499969482422,167.55999755859375,169.9199981689453,13152378
2025-12-19,168.69000244140625,169.6199951171875,167.8300018310547,169.14999389648438,28448892
2025-12-22,169.22000122070312,171.4600067138672,169.0,169.0399932861328,23729300
2025-12-23,170.89999389648438,171.35000610351562,169.25,169.35000610351562,17348078
2025-12-24,170.07000732421875,171.64999389648438,169.6699981689453,171.35000610351562,17430406
2025-12-26,169.1199951171875,169.89999389648438,167.82000732421875,169.88999938964844,16904834
2025-12-29,172.3000030517578,174.1300048828125,169.2899932861328,169.50999450683594,48001907
2025-12-30,175.8000030517578,176.35000610351562,170.8000030517578,172.77999877929688,33741158
2025-12-31,180.0800018310547,181.39999389648438,178.5,180.0,50897201
2026-01-01,181.88999938964844,182.1999969482422,180.1999969482422,180.60000610351562,21507757
2026-01-02,182.8800048828125,183.85000610351562,181.60000610351562,182.0,23006840
2026-01-05,185.72000122070312,186.88999938964844,182.8699951171875,182.8800048828125,30646009
2026-01-06,186.1999969482422,187.85000610351562,184.47000122070312,186.0,28514282
2026-01-07,183.8000030517578,186.64999389648438,182.89999389648438,186.1999969482422,18231588
2026-01-08,180.1199951171875,185.8699951171875,179.5500030517578,185.4499969482422,38454951
2026-01-09,178.39999389648438,181.5,177.3300018310547,179.0500030517578,25318701
2026-01-12,183.24000549316406,183.64999389648438,177.63999938964844,178.39999389648438,25782267
2026-01-13,182.57000732421875,184.38999938964844,181.10000610351562,183.5,19155081
2026-01-14,189.25,190.64999389648438,181.66000366210938,182.57000732421875,55907778
2026-01-15,189.25,189.25,189.25,189.25,0
2026-01-16,188.2100067138672,191.0,187.30999755859375,190.0500030517578,26028519
2026-01-19,188.27000427246094,189.44000244140625,186.8000030517578,187.10000610351562,19709364
2026-01-20,183.55999755859375,190.0,183.02999877929688,188.27000427246094,20094927
2026-01-21,184.41000366210938,185.7100067138672,180.8800048828125,183.55999755859375,35037961
2026-01-22,189.10000610351562,189.99000549316406,185.7899932861328,185.88999938964844,35681682
2026-01-23,187.61000061035156,192.39999389648438,187.27000427246094,190.5,28492706
2026-01-27,192.27999877929688,193.13999938964844,187.72000122070312,189.6699981689453,42314287
2026-01-28,193.85000610351562,195.1999969482422,192.10000610351562,193.49000549316406,33310718
2026-01-29,202.32000732421875,202.99000549316406,194.11000061035156,194.4499969482422,60610904
2026-01-30,193.1300048828125,199.0,190.6300048828125,198.5500030517578,52262849
2026-02-02,188.50999450683594,189.0,182.5500030517578,185.3800048828125,25601945
2026-02-03,192.92999267578125,199.0,191.50999450683594,193.5800018310547,28467895
2026-02-04,195.39999389648438,196.13999938964844,193.4499969482422,193.99000549316406,13859145
2026-02-05,197.75999450683594,198.41000366210938,191.52000427246094,193.0,31293689
2026-02-06,197.05999755859375,197.60000610351562,194.3699951171875,197.60000610351562,18446912
2026-02-09,202.0,206.33999633789062,197.5500030517578,202.0,68967709
2026-02-10,208.00999450683594,211.10000610351562,201.0800018310547,202.99000549316406,82443790
2026-02-11,207.58999633789062,210.25,205.3000030517578,209.39999389648438,40897457
2026-02-12,208.11000061035156,210.38999938964844,206.1999969482422,208.0,24109860
2026-02-13,203.17999267578125,206.85000610351562,202.55999755859375,206.58999633789062,25870923
2026-02-16,205.80999755859375,206.1199951171875,200.5500030517578,201.0,17932490
2026-02-17,203.0800018310547,205.8000030517578,201.66000366210938,205.5,18506676
2026-02-18,209.02999877929688,209.6999969482422,203.5500030517578,203.5500030517578,48357001
2026-02-19,205.41000366210938,211.38999938964844,204.25,211.0,27749813
2026-02-20,208.36000061035156,209.3000030517578,204.72999572753906,206.41000366210938,26605844
2026-02-23,208.13999938964844,210.10000610351562,205.5,210.0,23377191
2026-02-24,209.1300048828125,209.5399932861328,206.75,207.2100067138672,23413086
2026-02-25,214.63999938964844,216.4499969482422,209.39999389648438,210.10000610351562,48873839
2026-02-26,215.52000427246094,215.9499969482422,213.00999450683594,215.9499969482422,25522669
2026-02-27,212.3300018310547,215.89999389648438,211.66000366210938,215.5,25598534
2026-03-02,211.00999450683594,214.33999633789062,204.5,205.0,30523310
2026-03-04,196.72999572753906,207.0,194.42999267578125,207.0,72096617
2026-03-05,200.57000732421875,203.0399932861328,197.6300048828125,198.5,41033397
2026-03-06,198.4600067138672,202.1999969482422,197.10000610351562,199.5,28551376
2026-03-09,191.00999450683594,193.6999969482422,187.02999877929688,193.4499969482422,43019965
2026-03-10,195.0,196.63999938964844,192.0,194.00999450683594,25783308
2026-03-11,194.74000549316406,198.8800048828125,194.0,197.13999938964844,34207226
2026-03-12,193.47000122070312,194.66000366210938,190.10000610351562,193.99000549316406,24413736
2026-03-13,183.50999450683594,192.5,182.25999450683594,191.9499969482422,42683952
2026-03-16,186.94000244140625,187.64999389648438,181.25,183.0,44789516
2026-03-17,195.42999267578125,196.30999755859375,186.85000610351562,187.8000030517578,45672442
2026-03-18,195.41000366210938,196.42999267578125,193.1699981689453,196.39999389648438,26353743
2026-03-19,190.50999450683594,194.22000122070312,189.3699951171875,190.8000030517578,24146344
2026-03-20,196.77000427246094,199.44000244140625,193.33999633789062,193.39999389648438,46881257
2026-03-23,187.1699981689453,193.9499969482422,186.50999450683594,193.0,44393392
2026-03-24,190.7899932861328,192.19000244140625,187.77999877929688,192.0,34321983
2026-03-25,196.64999389648438,197.14999389648438,192.32000732421875,193.02999877929688,34767360
2026-03-27,193.22000122070312,195.5,192.63999938964844,194.32000732421875,36938046
2026-03-30,191.86000061035156,194.4199981689453,188.3000030517578,192.0,45914996
2026-04-01,194.60000610351562,200.1999969482422,194.0,200.0,35813622
2026-04-02,194.13999938964844,194.85000610351562,187.9499969482422,192.91000366210938,27633959
2026-04-06,196.10000610351562,196.64999389648438,190.25,193.02000427246094,28115748
2026-04-07,198.1300048828125,198.4199981689453,193.27999877929688,195.60000610351562,32090982
2026-04-08,204.17999267578125,206.39999389648438,202.0,202.00999450683594,37018381
2026-04-09,205.1999969482422,208.19000244140625,204.05999755859375,204.50999450683594,36853400
2026-04-10,206.61000061035156,209.0,204.8000030517578,207.97999572753906,28385501
2026-04-13,206.38999938964844,207.0,201.5,203.6999969482422,25848544
2026-04-15,208.72000122070312,211.14999389648438,207.60000610351562,209.0,30858355
2026-04-16,210.69000244140625,212.9199981689453,209.00999450683594,209.75,26751249
2026-04-17,212.1199951171875,212.4600067138672,208.5,210.69000244140625,22837792
2026-04-20,211.72000122070312,213.39999389648438,209.8000030517578,212.0,24992602
2026-04-21,212.00999450683594,214.49000549316406,211.0800018310547,211.72000122070312,17427021
2026-04-22,213.02999877929688,213.77999877929688,210.50999450683594,211.0,20795714
2026-04-23,210.91000366210938,213.10000610351562,210.16000366210938,213.0399932861328,19304122
2026-04-24,210.07000732421875,212.0,208.60000610351562,211.0,22379072
2026-04-27,213.27000427246094,215.0,210.92999267578125,211.0,33068230
2026-04-28,215.0500030517578,218.24000549316406,212.1999969482422,213.1999969482422,34950491
2026-04-29,215.8800048828125,217.0,211.36000061035156,216.10000610351562,32800573
2026-04-30,211.36000061035156,215.77999877929688,210.0,215.77999877929688,24894783
2026-05-01,211.36000061035156,211.36000061035156,211.36000061035156,211.36000061035156,0
2026-05-04,212.24000549316406,214.5,211.39999389648438,212.5500030517578,23140911
2026-05-05,211.32000732421875,212.33999633789062,209.4499969482422,212.1999969482422,20733709
2026-05-06,215.47000122070312,216.72999572753906,212.4199981689453,214.0,24082651
2026-05-07,217.08999633789062,219.1999969482422,215.75,216.6999969482422,21243369
2026-05-08,214.49000549316406,217.39999389648438,214.25,217.0,17760366
2026-05-11,212.0800018310547,215.0,211.52000427246094,213.5,16301350
2026-05-12,212.0,216.3300018310547,211.5,212.0,28371348
2026-05-13,219.6199951171875,220.91000366210938,213.07000732421875,213.24000549316406,46231533
2026-05-14,221.1300048828125,222.89999389648438,219.02000427246094,222.3000030517578,34985006
2026-05-15,216.83999633789062,224.39999389648438,216.0,223.0,33231023
2026-05-18,209.7100067138672,211.82000732421875,205.0500030517578,211.0,73796001
2026-05-19,209.2899932861328,212.3300018310547,208.89999389648438,210.58999633789062,32573663
2026-05-20,207.00999450683594,207.5,203.0399932861328,207.5,56670462
2026-05-21,208.5800018310547,210.07000732421875,207.66000366210938,209.75,24385712
2026-05-22,209.19000244140625,210.8800048828125,208.25999450683594,209.60000610351562,22023114
2026-05-25,210.22000122070312,211.75,209.44000244140625,211.3000030517578,23090495
2026-05-26,210.47000122070312,211.13999938964844,209.50999450683594,209.89999389648438,17801824
2026-05-27,214.6999969482422,218.9600067138672,210.6999969482422,210.6999969482422,39110042
2026-05-28,214.6999969482422,214.6999969482422,214.6999969482422,214.6999969482422,0
2026-05-29,208.02000427246094,215.6999969482422,206.6999969482422,215.69000244140625,67467374
2026-06-01,210.57000732421875,211.39999389648438,206.5,210.0,23733470
2026-06-02,211.3800048828125,213.4600067138672,208.57000732421875,209.00999450683594,13918072
